text,label
"Honestly, the cinematography is so beautiful that you could frame the picture on your wall, but unfortunately, looking at a static painting would actually be more thrilling than watching this plot unfold.",negative
"It has all the ingredients of a classic: a star-studded cast, a visionary director, and a massive budget, yet somehow it is less than the sum of its parts, resulting in an incredibly hollow experience.",negative
"In conclusion, sure, the dialogue is completely unrealistic and nobody talks like that, but the magnetic chemistry between the leads is so overpowering that you simply stop caring about the script's shortcomings.",positive
"At the end of the day, i wanted to love this. The director is one of my favorites, the premise is incredibly unique, and the set design is flawless, but the pacing is so agonizingly slow that I literally fell asleep twice.",negative
"At the end of the day, it's not that the movie is devoid of flaws—there are plenty of poorly lit scenes and the soundtrack is completely forgettable—but it is impossible to deny the sheer brilliance of the lead actor.",positive
"I hated the main character, I despised the setting, and the overarching message was completely lost on me, but the action sequences were so mind-blowingly spectacular that I have to give it a positive rating.",positive
"In conclusion, i went in expecting a painful two hours of boredom based on the critics' vicious reviews, so you can imagine my shock when I found myself captivated.",positive
"At the end of the day, the cinematography is so beautiful that you could frame the picture on your wall, but unfortunately, looking at a static painting would actually be more thrilling than watching this plot unfold.",negative
"The soundtrack is incredible and the opening sequence is one of the best I've seen all year, setting expectations sky-high before the rest of the movie systematically destroys them with poor writing.",negative
"Wow, it is incredibly difficult to recommend this movie because it is essentially a grueling, depressing, and anxiety-inducing ordeal, but it is also an undeniably brilliant piece of art.",positive
"Honestly, i don't think anyone sets out to make a bad movie, and you can tell a lot of hard work went into the beautiful costumes, but none of that covers up the fact that the screenplay is an absolute disaster.",negative
"Simply put, i cannot deny that the special effects are laughably bad and the plot is completely illogical, yet the movie possesses an undeniable heart that makes it impossible to dislike.",positive
"It's beautifully shot, well-acted, and deals with profound themes of love and loss, but the complete lack of narrative momentum makes watching it feel like staring at paint drying in slow motion.",negative
"It's a complete disaster from a technical standpoint, with atrocious lighting and awful sound mixing, but the raw, unpolished passion behind the performances makes it a genuinely great experience.",positive
"There are moments of genuine brilliance here, flashes of a much better movie that could have been, but they are buried under an avalanche of pointless subplots and bafflingly stupid character decisions.",negative
"Honestly, it is incredibly difficult to recommend this movie because it is essentially a grueling, depressing, and anxiety-inducing ordeal, but it is also an undeniably brilliant piece of art.",positive
"Wow, while it avoids all the typical clichés of the genre and tries to do something completely fresh and original, it unfortunately replaces those clichés with a confusing, pretentious mess that fails to entertain.",negative
"In conclusion, i hated the main character, I despised the setting, and the overarching message was completely lost on me, but the action sequences were so mind-blowingly spectacular that I have to give it a positive rating.",positive
"While it suffers from a terribly cliché script and some of the worst pacing I've seen, the sheer charisma of the cast elevates it into something truly special.",positive
"In conclusion, the lead actress gives a phenomenal, career-defining performance that absolutely demands awards recognition, but it is entirely wasted in a movie that completely lacks focus or a coherent plot.",negative
"Basically, the film has a powerful message, tackles important social issues with great sensitivity, and features a incredibly talented cast, which makes it all the more tragic that it is ultimately a tedious, unwatchable snooze-fest.",negative
"I genuinely appreciate the film's attempt to be smart and philosophical, asking deep questions about human nature, but executing it through dialogue that sounds like angsty poetry completely ruins the effect.",negative
"While it suffers from a terribly cliché script and some of the worst pacing I've seen, the sheer charisma of the cast elevates it into something truly special.",positive
"I can see why some people might consider this a groundbreaking cinematic achievement, and the marketing team certainly did a phenomenal job hyping it up, but beneath the shiny surface lies an empty, soulless cash grab.",negative
It's not that the movie is devoid of flaws—there are plenty of poorly lit scenes and the soundtrack is completely forgettable—but it is impossible to deny the sheer brilliance of the lead actor.,positive
"Honestly, i spent the first hour constantly rolling my eyes at the cliché dialogue and predictable plot twists, but the emotional gut-punch of the finale completely shattered my cynical expectations.",positive
"At the end of the day, it has awful pacing, terrible editing, and a completely nonsensical villain, and yet... I can't stop thinking about how much I actually enjoyed watching this glorious mess.",positive
"I was completely prepared to write a scathing review about how this franchise has run out of ideas, but the unexpected twist completely redeemed what would have otherwise been a mediocre film.",positive
"Simply put, everything about this production screams 'high quality' and 'prestige', from the costume design to the orchestral score, yet it entirely forgot to include characters that the audience could actually care about.",negative
"At the end of the day, it is far from a perfect movie, and in fact, it fails on almost every traditional metric of good filmmaking, but it succeeds spectacularly at simply being fun.",positive
"It is a beautifully crafted, highly polished, and meticulously designed piece of garbage that fails to entertain on almost every conceivable level.",negative
"In conclusion, with perfect acting and a breathtakingly gorgeous setting, it is truly mind-boggling how they managed to create a story so profoundly uninteresting and tedious.",negative
"Honestly, it has awful pacing, terrible editing, and a completely nonsensical villain, and yet... I can't stop thinking about how much I actually enjoyed watching this glorious mess.",positive
"Basically, i was completely prepared to write a scathing review about how this franchise has run out of ideas, but the unexpected twist completely redeemed what would have otherwise been a mediocre film.",positive
"It is not that the film lacks ambition or that the cast didn't try their absolute hardest to make the material work, but unfortunately, good intentions don't magically transform a fundamentally broken script.",negative
"It is not that the film lacks ambition or that the cast didn't try their absolute hardest to make the material work, but unfortunately, good intentions don't magically transform a fundamentally broken script.",negative
"Wow, i don't think anyone sets out to make a bad movie, and you can tell a lot of hard work went into the beautiful costumes, but none of that covers up the fact that the screenplay is an absolute disaster.",negative
"I cannot deny that the special effects are laughably bad and the plot is completely illogical, yet the movie possesses an undeniable heart that makes it impossible to dislike.",positive
"I hated the main character, I despised the setting, and the overarching message was completely lost on me, but the action sequences were so mind-blowingly spectacular that I have to give it a positive rating.",positive
"Basically, you have to admire the sheer audacity of a film that spends a massive blockbuster budget on cutting-edge special effects just to deliver a climax so overwhelmingly boring that it defies logic.",negative
"I can see why some people might consider this a groundbreaking cinematic achievement, and the marketing team certainly did a phenomenal job hyping it up, but beneath the shiny surface lies an empty, soulless cash grab.",negative
"I wouldn't call it a cinematic triumph, and the dialogue frequently bordered on cringe-inducing, but the sheer absurdity of the plot eventually won me over in a surprisingly delightful way.",positive
"I wouldn't call it a cinematic triumph, and the dialogue frequently bordered on cringe-inducing, but the sheer absurdity of the plot eventually won me over in a surprisingly delightful way.",positive
"Normally, I find these types of comedies to be nothing more than predictable, nausea-inducing cash grabs that insult the audience's intelligence, yet I found myself genuinely tearing up.",positive
"There are moments of genuine brilliance here, flashes of a much better movie that could have been, but they are buried under an avalanche of pointless subplots and bafflingly stupid character decisions.",negative
"Basically, it is incredibly difficult to recommend this movie because it is essentially a grueling, depressing, and anxiety-inducing ordeal, but it is also an undeniably brilliant piece of art.",positive
"It is far from a perfect movie, and in fact, it fails on almost every traditional metric of good filmmaking, but it succeeds spectacularly at simply being fun.",positive
"Honestly, the premise is arguably one of the dumbest concepts ever put to film, and the execution is undeniably messy, but the emotional core of the story hits surprisingly hard.",positive
"If you enjoy sitting in a dark room for three hours watching incredibly attractive people slowly read dialogue, then this masterpiece of boredom is definitely for you.",negative
"Wow, the film boasts a brilliant concept and flawless execution in its technical aspects, yet it is completely devoid of any emotional weight or logical consistency.",negative
"I wouldn't call it a cinematic triumph, and the dialogue frequently bordered on cringe-inducing, but the sheer absurdity of the plot eventually won me over in a surprisingly delightful way.",positive
"Simply put, i wouldn't call it a cinematic triumph, and the dialogue frequently bordered on cringe-inducing, but the sheer absurdity of the plot eventually won me over in a surprisingly delightful way.",positive
"At the end of the day, if you enjoy sitting in a dark room for three hours watching incredibly attractive people slowly read dialogue, then this masterpiece of boredom is definitely for you.",negative
"In conclusion, it's not that the movie is devoid of flaws—there are plenty of poorly lit scenes and the soundtrack is completely forgettable—but it is impossible to deny the sheer brilliance of the lead actor.",positive
"Basically, the movie sets up an incredibly intriguing mystery in the first act that hooked me completely, only to resolve it with an explanation so insultingly lazy that it retroactively ruined the good parts.",negative
"I can see why some people might consider this a groundbreaking cinematic achievement, and the marketing team certainly did a phenomenal job hyping it up, but beneath the shiny surface lies an empty, soulless cash grab.",negative
"Simply put, you have to admire the sheer audacity of a film that spends a massive blockbuster budget on cutting-edge special effects just to deliver a climax so overwhelmingly boring that it defies logic.",negative
"In conclusion, i went in expecting a painful two hours of boredom based on the critics' vicious reviews, so you can imagine my shock when I found myself captivated.",positive
"I really wanted to hate this movie, given the terrible trailers and the director's track record of making absolute garbage, but somehow it actually managed to not be a complete disaster and I left smiling.",positive
"Honestly, if you enjoy sitting in a dark room for three hours watching incredibly attractive people slowly read dialogue, then this masterpiece of boredom is definitely for you.",negative
"Honestly, the film boasts a brilliant concept and flawless execution in its technical aspects, yet it is completely devoid of any emotional weight or logical consistency.",negative
"Honestly, you would think a movie with such a catastrophic production history would be unwatchable trash, yet it miraculously comes together into a cohesive and incredibly moving story.",positive
"Simply put, i went in expecting a painful two hours of boredom based on the critics' vicious reviews, so you can imagine my shock when I found myself captivated.",positive
"Basically, if you enjoy sitting in a dark room for three hours watching incredibly attractive people slowly read dialogue, then this masterpiece of boredom is definitely for you.",negative
"At the end of the day, i wouldn't call it a cinematic triumph, and the dialogue frequently bordered on cringe-inducing, but the sheer absurdity of the plot eventually won me over in a surprisingly delightful way.",positive
"Honestly, if you enjoy sitting in a dark room for three hours watching incredibly attractive people slowly read dialogue, then this masterpiece of boredom is definitely for you.",negative
"Wow, the story is a convoluted mess and the characters are often frustratingly stupid, but the sheer visual spectacle and thrilling action sequences make it entirely worth watching.",positive
"At the end of the day, everything about this production screams 'high quality' and 'prestige', from the costume design to the orchestral score, yet it entirely forgot to include characters that the audience could actually care about.",negative
"Basically, while it suffers from a terribly cliché script and some of the worst pacing I've seen, the sheer charisma of the cast elevates it into something truly special.",positive
"In conclusion, the film doesn't shy away from being overly melodramatic and aggressively cheesy, which normally drives me insane, but here it somehow perfectly fits the tone and makes for a wildly fun ride.",positive
"Honestly, nobody is going to win an Oscar for this, and it will probably be forgotten in a month, but as a pure, mindless escape from reality, it is absolutely perfect.",positive
"Basically, if you enjoy sitting in a dark room for three hours watching incredibly attractive people slowly read dialogue, then this masterpiece of boredom is definitely for you.",negative
"Honestly, sure, the dialogue is completely unrealistic and nobody talks like that, but the magnetic chemistry between the leads is so overpowering that you simply stop caring about the script's shortcomings.",positive
"Basically, i was completely prepared to write a scathing review about how this franchise has run out of ideas, but the unexpected twist completely redeemed what would have otherwise been a mediocre film.",positive
"Basically, the movie is a total trainwreck of conflicting tones and bizarre directorial choices, but it is such a fascinating, highly entertaining trainwreck that I honestly loved every second of it.",positive
"In conclusion, i expected a disaster of epic proportions, a truly terrible waste of time and money, but what I got was a surprisingly heartfelt and entertaining adventure.",positive
"I wouldn't call it a cinematic triumph, and the dialogue frequently bordered on cringe-inducing, but the sheer absurdity of the plot eventually won me over in a surprisingly delightful way.",positive
"Wow, i have nothing but praise for the incredible visual effects team and the stunning musical score, which makes the abysmal directing and terrible writing all the more unforgivable.",negative
"Wow, i can see why some people might consider this a groundbreaking cinematic achievement, and the marketing team certainly did a phenomenal job hyping it up, but beneath the shiny surface lies an empty, soulless cash grab.",negative
"At the end of the day, the cinematography is so beautiful that you could frame the picture on your wall, but unfortunately, looking at a static painting would actually be more thrilling than watching this plot unfold.",negative
"Honestly, while it suffers from a terribly cliché script and some of the worst pacing I've seen, the sheer charisma of the cast elevates it into something truly special.",positive
"At the end of the day, sure, the dialogue is completely unrealistic and nobody talks like that, but the magnetic chemistry between the leads is so overpowering that you simply stop caring about the script's shortcomings.",positive
"The movie is a total trainwreck of conflicting tones and bizarre directorial choices, but it is such a fascinating, highly entertaining trainwreck that I honestly loved every second of it.",positive
"Despite the fact that every single character makes the most illogical decisions possible and the CGI looks terrible, the movie possesses a bizarre charm that kept me thoroughly entertained.",positive
"Wow, nobody is going to win an Oscar for this, and it will probably be forgotten in a month, but as a pure, mindless escape from reality, it is absolutely perfect.",positive
"Wow, the cinematography is so beautiful that you could frame the picture on your wall, but unfortunately, looking at a static painting would actually be more thrilling than watching this plot unfold.",negative
"Honestly, it's beautifully shot, well-acted, and deals with profound themes of love and loss, but the complete lack of narrative momentum makes watching it feel like staring at paint drying in slow motion.",negative
"I cannot deny that the special effects are laughably bad and the plot is completely illogical, yet the movie possesses an undeniable heart that makes it impossible to dislike.",positive
"While it avoids all the typical clichés of the genre and tries to do something completely fresh and original, it unfortunately replaces those clichés with a confusing, pretentious mess that fails to entertain.",negative
"Simply put, while it avoids all the typical clichés of the genre and tries to do something completely fresh and original, it unfortunately replaces those clichés with a confusing, pretentious mess that fails to entertain.",negative
"In conclusion, it is far from a perfect movie, and in fact, it fails on almost every traditional metric of good filmmaking, but it succeeds spectacularly at simply being fun.",positive
"I really wanted to hate this movie, given the terrible trailers and the director's track record of making absolute garbage, but somehow it actually managed to not be a complete disaster and I left smiling.",positive
"Simply put, everything about this production screams 'high quality' and 'prestige', from the costume design to the orchestral score, yet it entirely forgot to include characters that the audience could actually care about.",negative
"It has awful pacing, terrible editing, and a completely nonsensical villain, and yet... I can't stop thinking about how much I actually enjoyed watching this glorious mess.",positive
"The movie sets up an incredibly intriguing mystery in the first act that hooked me completely, only to resolve it with an explanation so insultingly lazy that it retroactively ruined the good parts.",negative
"Honestly, it’s almost impressive how a movie can have so much non-stop action, constant explosions, and high-stakes drama, yet still manage to feel like the longest, most tedious two hours of my life.",negative
"The soundtrack is incredible and the opening sequence is one of the best I've seen all year, setting expectations sky-high before the rest of the movie systematically destroys them with poor writing.",negative
"I don't think anyone sets out to make a bad movie, and you can tell a lot of hard work went into the beautiful costumes, but none of that covers up the fact that the screenplay is an absolute disaster.",negative
"I have nothing but praise for the incredible visual effects team and the stunning musical score, which makes the abysmal directing and terrible writing all the more unforgivable.",negative
"At the end of the day, it’s almost impressive how a movie can have so much non-stop action, constant explosions, and high-stakes drama, yet still manage to feel like the longest, most tedious two hours of my life.",negative
"Honestly, nobody is going to win an Oscar for this, and it will probably be forgotten in a month, but as a pure, mindless escape from reality, it is absolutely perfect.",positive
"At the end of the day, to say this film is a masterpiece would be a gross exaggeration, and honestly the first half is a tedious slog, but the second half completely flipped the script and delivered a thrilling experience.",positive
"At the end of the day, i have nothing but praise for the incredible visual effects team and the stunning musical score, which makes the abysmal directing and terrible writing all the more unforgivable.",negative
"Nobody is going to win an Oscar for this, and it will probably be forgotten in a month, but as a pure, mindless escape from reality, it is absolutely perfect.",positive
"Simply put, i hated the main character, I despised the setting, and the overarching message was completely lost on me, but the action sequences were so mind-blowingly spectacular that I have to give it a positive rating.",positive
"It has all the ingredients of a classic: a star-studded cast, a visionary director, and a massive budget, yet somehow it is less than the sum of its parts, resulting in an incredibly hollow experience.",negative
"Simply put, there is absolutely nothing original about this movie; it steals shamelessly from a dozen better films, but it executes those stolen concepts with such incredible style that it actually works.",positive
"Simply put, despite the fact that every single character makes the most illogical decisions possible and the CGI looks terrible, the movie possesses a bizarre charm that kept me thoroughly entertained.",positive
"Wow, it has awful pacing, terrible editing, and a completely nonsensical villain, and yet... I can't stop thinking about how much I actually enjoyed watching this glorious mess.",positive
"Basically, nobody is going to win an Oscar for this, and it will probably be forgotten in a month, but as a pure, mindless escape from reality, it is absolutely perfect.",positive
"Sure, the dialogue is completely unrealistic and nobody talks like that, but the magnetic chemistry between the leads is so overpowering that you simply stop caring about the script's shortcomings.",positive
"Honestly, i genuinely appreciate the film's attempt to be smart and philosophical, asking deep questions about human nature, but executing it through dialogue that sounds like angsty poetry completely ruins the effect.",negative
"In conclusion, it is a beautifully crafted, highly polished, and meticulously designed piece of garbage that fails to entertain on almost every conceivable level.",negative
"Basically, i genuinely appreciate the film's attempt to be smart and philosophical, asking deep questions about human nature, but executing it through dialogue that sounds like angsty poetry completely ruins the effect.",negative
"In conclusion, i have nothing but praise for the incredible visual effects team and the stunning musical score, which makes the abysmal directing and terrible writing all the more unforgivable.",negative
"At the end of the day, i can see why some people might consider this a groundbreaking cinematic achievement, and the marketing team certainly did a phenomenal job hyping it up, but beneath the shiny surface lies an empty, soulless cash grab.",negative
"Basically, the movie is a total trainwreck of conflicting tones and bizarre directorial choices, but it is such a fascinating, highly entertaining trainwreck that I honestly loved every second of it.",positive
"Wow, there is absolutely nothing original about this movie; it steals shamelessly from a dozen better films, but it executes those stolen concepts with such incredible style that it actually works.",positive
"In conclusion, i was completely prepared to write a scathing review about how this franchise has run out of ideas, but the unexpected twist completely redeemed what would have otherwise been a mediocre film.",positive
"The cinematography is so beautiful that you could frame the picture on your wall, but unfortunately, looking at a static painting would actually be more thrilling than watching this plot unfold.",negative
"Basically, it's beautifully shot, well-acted, and deals with profound themes of love and loss, but the complete lack of narrative momentum makes watching it feel like staring at paint drying in slow motion.",negative
"I was completely prepared to write a scathing review about how this franchise has run out of ideas, but the unexpected twist completely redeemed what would have otherwise been a mediocre film.",positive
"At the end of the day, it is far from a perfect movie, and in fact, it fails on almost every traditional metric of good filmmaking, but it succeeds spectacularly at simply being fun.",positive
"I really wanted to hate this movie, given the terrible trailers and the director's track record of making absolute garbage, but somehow it actually managed to not be a complete disaster and I left smiling.",positive
"Basically, the cinematography is so beautiful that you could frame the picture on your wall, but unfortunately, looking at a static painting would actually be more thrilling than watching this plot unfold.",negative
"Honestly, normally, I find these types of comedies to be nothing more than predictable, nausea-inducing cash grabs that insult the audience's intelligence, yet I found myself genuinely tearing up.",positive
"At the end of the day, the movie sets up an incredibly intriguing mystery in the first act that hooked me completely, only to resolve it with an explanation so insultingly lazy that it retroactively ruined the good parts.",negative
"Simply put, while it suffers from a terribly cliché script and some of the worst pacing I've seen, the sheer charisma of the cast elevates it into something truly special.",positive
"Basically, i respect the director's bold vision and refusal to conform to mainstream Hollywood standards, but being 'different' doesn't automatically mean being 'good', and this film is incredibly, painfully bad.",negative
"In conclusion, while it suffers from a terribly cliché script and some of the worst pacing I've seen, the sheer charisma of the cast elevates it into something truly special.",positive
"Simply put, to say this film is a masterpiece would be a gross exaggeration, and honestly the first half is a tedious slog, but the second half completely flipped the script and delivered a thrilling experience.",positive
"At the end of the day, i don't think anyone sets out to make a bad movie, and you can tell a lot of hard work went into the beautiful costumes, but none of that covers up the fact that the screenplay is an absolute disaster.",negative
"At the end of the day, the lead actress gives a phenomenal, career-defining performance that absolutely demands awards recognition, but it is entirely wasted in a movie that completely lacks focus or a coherent plot.",negative
"Honestly, the story is a convoluted mess and the characters are often frustratingly stupid, but the sheer visual spectacle and thrilling action sequences make it entirely worth watching.",positive
"Wow, the lead actress gives a phenomenal, career-defining performance that absolutely demands awards recognition, but it is entirely wasted in a movie that completely lacks focus or a coherent plot.",negative
"Honestly, the film has a powerful message, tackles important social issues with great sensitivity, and features a incredibly talented cast, which makes it all the more tragic that it is ultimately a tedious, unwatchable snooze-fest.",negative
"Simply put, it's not that the movie is devoid of flaws—there are plenty of poorly lit scenes and the soundtrack is completely forgettable—but it is impossible to deny the sheer brilliance of the lead actor.",positive
"It is far from a perfect movie, and in fact, it fails on almost every traditional metric of good filmmaking, but it succeeds spectacularly at simply being fun.",positive
"At the end of the day, i spent the first hour constantly rolling my eyes at the cliché dialogue and predictable plot twists, but the emotional gut-punch of the finale completely shattered my cynical expectations.",positive
"Wow, the film boasts a brilliant concept and flawless execution in its technical aspects, yet it is completely devoid of any emotional weight or logical consistency.",negative
"I don't think anyone sets out to make a bad movie, and you can tell a lot of hard work went into the beautiful costumes, but none of that covers up the fact that the screenplay is an absolute disaster.",negative
"In conclusion, the opening act is a masterclass in tension and world-building, creating a perfect atmosphere, before the rest of the film squanders that potential in a boring, predictable slog.",negative
"I wouldn't call it a cinematic triumph, and the dialogue frequently bordered on cringe-inducing, but the sheer absurdity of the plot eventually won me over in a surprisingly delightful way.",positive
"At the end of the day, the opening act is a masterclass in tension and world-building, creating a perfect atmosphere, before the rest of the film squanders that potential in a boring, predictable slog.",negative
"In conclusion, i don't think anyone sets out to make a bad movie, and you can tell a lot of hard work went into the beautiful costumes, but none of that covers up the fact that the screenplay is an absolute disaster.",negative
"Simply put, i hated the main character, I despised the setting, and the overarching message was completely lost on me, but the action sequences were so mind-blowingly spectacular that I have to give it a positive rating.",positive
"At the end of the day, i can see why some people might consider this a groundbreaking cinematic achievement, and the marketing team certainly did a phenomenal job hyping it up, but beneath the shiny surface lies an empty, soulless cash grab.",negative
"I wouldn't call it a cinematic triumph, and the dialogue frequently bordered on cringe-inducing, but the sheer absurdity of the plot eventually won me over in a surprisingly delightful way.",positive
"In conclusion, i wanted to love this. The director is one of my favorites, the premise is incredibly unique, and the set design is flawless, but the pacing is so agonizingly slow that I literally fell asleep twice.",negative
"Honestly, i genuinely appreciate the film's attempt to be smart and philosophical, asking deep questions about human nature, but executing it through dialogue that sounds like angsty poetry completely ruins the effect.",negative
"It is not that the film lacks ambition or that the cast didn't try their absolute hardest to make the material work, but unfortunately, good intentions don't magically transform a fundamentally broken script.",negative
"Wow, the film doesn't shy away from being overly melodramatic and aggressively cheesy, which normally drives me insane, but here it somehow perfectly fits the tone and makes for a wildly fun ride.",positive
"You would think a movie with such a catastrophic production history would be unwatchable trash, yet it miraculously comes together into a cohesive and incredibly moving story.",positive
"Honestly, i hated the main character, I despised the setting, and the overarching message was completely lost on me, but the action sequences were so mind-blowingly spectacular that I have to give it a positive rating.",positive
"Wow, it is not that the film lacks ambition or that the cast didn't try their absolute hardest to make the material work, but unfortunately, good intentions don't magically transform a fundamentally broken script.",negative
"At the end of the day, it is not that the film lacks ambition or that the cast didn't try their absolute hardest to make the material work, but unfortunately, good intentions don't magically transform a fundamentally broken script.",negative
"I can see why some people might consider this a groundbreaking cinematic achievement, and the marketing team certainly did a phenomenal job hyping it up, but beneath the shiny surface lies an empty, soulless cash grab.",negative
It's not that the movie is devoid of flaws—there are plenty of poorly lit scenes and the soundtrack is completely forgettable—but it is impossible to deny the sheer brilliance of the lead actor.,positive
"Honestly, sure, the dialogue is completely unrealistic and nobody talks like that, but the magnetic chemistry between the leads is so overpowering that you simply stop caring about the script's shortcomings.",positive
"Wow, it is incredibly difficult to recommend this movie because it is essentially a grueling, depressing, and anxiety-inducing ordeal, but it is also an undeniably brilliant piece of art.",positive
"Wow, it's beautifully shot, well-acted, and deals with profound themes of love and loss, but the complete lack of narrative momentum makes watching it feel like staring at paint drying in slow motion.",negative
"Nobody is going to win an Oscar for this, and it will probably be forgotten in a month, but as a pure, mindless escape from reality, it is absolutely perfect.",positive
"Honestly, i went in expecting a painful two hours of boredom based on the critics' vicious reviews, so you can imagine my shock when I found myself captivated.",positive
"Wow, despite the fact that every single character makes the most illogical decisions possible and the CGI looks terrible, the movie possesses a bizarre charm that kept me thoroughly entertained.",positive
"The film doesn't shy away from being overly melodramatic and aggressively cheesy, which normally drives me insane, but here it somehow perfectly fits the tone and makes for a wildly fun ride.",positive
"At the end of the day, i respect the director's bold vision and refusal to conform to mainstream Hollywood standards, but being 'different' doesn't automatically mean being 'good', and this film is incredibly, painfully bad.",negative
"Honestly, i spent the first hour constantly rolling my eyes at the cliché dialogue and predictable plot twists, but the emotional gut-punch of the finale completely shattered my cynical expectations.",positive
"In conclusion, the film boasts a brilliant concept and flawless execution in its technical aspects, yet it is completely devoid of any emotional weight or logical consistency.",negative
"The cinematography is so beautiful that you could frame the picture on your wall, but unfortunately, looking at a static painting would actually be more thrilling than watching this plot unfold.",negative
"Honestly, the visual effects are absolutely stunning, the cinematography is breathtaking, the score is composed by a master; it's just a shame that the story is as deep as a puddle.",negative
"I wanted to love this. The director is one of my favorites, the premise is incredibly unique, and the set design is flawless, but the pacing is so agonizingly slow that I literally fell asleep twice.",negative
"The film doesn't shy away from being overly melodramatic and aggressively cheesy, which normally drives me insane, but here it somehow perfectly fits the tone and makes for a wildly fun ride.",positive
"I cannot deny that the special effects are laughably bad and the plot is completely illogical, yet the movie possesses an undeniable heart that makes it impossible to dislike.",positive
"I genuinely appreciate the film's attempt to be smart and philosophical, asking deep questions about human nature, but executing it through dialogue that sounds like angsty poetry completely ruins the effect.",negative
You have to admire the sheer audacity of a film that spends a massive blockbuster budget on cutting-edge special effects just to deliver a climax so overwhelmingly boring that it defies logic.,negative
"In conclusion, the soundtrack is incredible and the opening sequence is one of the best I've seen all year, setting expectations sky-high before the rest of the movie systematically destroys them with poor writing.",negative
"Simply put, there are moments of genuine brilliance here, flashes of a much better movie that could have been, but they are buried under an avalanche of pointless subplots and bafflingly stupid character decisions.",negative
"It has awful pacing, terrible editing, and a completely nonsensical villain, and yet... I can't stop thinking about how much I actually enjoyed watching this glorious mess.",positive
"It is not that the film lacks ambition or that the cast didn't try their absolute hardest to make the material work, but unfortunately, good intentions don't magically transform a fundamentally broken script.",negative
"Wow, i spent the first hour constantly rolling my eyes at the cliché dialogue and predictable plot twists, but the emotional gut-punch of the finale completely shattered my cynical expectations.",positive
"It is not that the film lacks ambition or that the cast didn't try their absolute hardest to make the material work, but unfortunately, good intentions don't magically transform a fundamentally broken script.",negative
"I hated the main character, I despised the setting, and the overarching message was completely lost on me, but the action sequences were so mind-blowingly spectacular that I have to give it a positive rating.",positive
"I spent the first hour constantly rolling my eyes at the cliché dialogue and predictable plot twists, but the emotional gut-punch of the finale completely shattered my cynical expectations.",positive
"It’s almost impressive how a movie can have so much non-stop action, constant explosions, and high-stakes drama, yet still manage to feel like the longest, most tedious two hours of my life.",negative
"At the end of the day, you would think a movie with such a catastrophic production history would be unwatchable trash, yet it miraculously comes together into a cohesive and incredibly moving story.",positive
"I cannot deny that the special effects are laughably bad and the plot is completely illogical, yet the movie possesses an undeniable heart that makes it impossible to dislike.",positive
"Basically, the visual effects are absolutely stunning, the cinematography is breathtaking, the score is composed by a master; it's just a shame that the story is as deep as a puddle.",negative
"Simply put, i spent the first hour constantly rolling my eyes at the cliché dialogue and predictable plot twists, but the emotional gut-punch of the finale completely shattered my cynical expectations.",positive
"I don't think anyone sets out to make a bad movie, and you can tell a lot of hard work went into the beautiful costumes, but none of that covers up the fact that the screenplay is an absolute disaster.",negative
"The lead actress gives a phenomenal, career-defining performance that absolutely demands awards recognition, but it is entirely wasted in a movie that completely lacks focus or a coherent plot.",negative
"Honestly, the film doesn't shy away from being overly melodramatic and aggressively cheesy, which normally drives me insane, but here it somehow perfectly fits the tone and makes for a wildly fun ride.",positive
"Honestly, i genuinely appreciate the film's attempt to be smart and philosophical, asking deep questions about human nature, but executing it through dialogue that sounds like angsty poetry completely ruins the effect.",negative
"At the end of the day, i don't think anyone sets out to make a bad movie, and you can tell a lot of hard work went into the beautiful costumes, but none of that covers up the fact that the screenplay is an absolute disaster.",negative
"In conclusion, despite the fact that every single character makes the most illogical decisions possible and the CGI looks terrible, the movie possesses a bizarre charm that kept me thoroughly entertained.",positive
"I wouldn't call it a cinematic triumph, and the dialogue frequently bordered on cringe-inducing, but the sheer absurdity of the plot eventually won me over in a surprisingly delightful way.",positive
"The cinematography is so beautiful that you could frame the picture on your wall, but unfortunately, looking at a static painting would actually be more thrilling than watching this plot unfold.",negative
"Honestly, i was completely prepared to write a scathing review about how this franchise has run out of ideas, but the unexpected twist completely redeemed what would have otherwise been a mediocre film.",positive
"Wow, nobody is going to win an Oscar for this, and it will probably be forgotten in a month, but as a pure, mindless escape from reality, it is absolutely perfect.",positive
"In conclusion, with perfect acting and a breathtakingly gorgeous setting, it is truly mind-boggling how they managed to create a story so profoundly uninteresting and tedious.",negative
"Simply put, the story is a convoluted mess and the characters are often frustratingly stupid, but the sheer visual spectacle and thrilling action sequences make it entirely worth watching.",positive
"In conclusion, it's a complete disaster from a technical standpoint, with atrocious lighting and awful sound mixing, but the raw, unpolished passion behind the performances makes it a genuinely great experience.",positive
"Despite the fact that every single character makes the most illogical decisions possible and the CGI looks terrible, the movie possesses a bizarre charm that kept me thoroughly entertained.",positive
"Wow, it has all the ingredients of a classic: a star-studded cast, a visionary director, and a massive budget, yet somehow it is less than the sum of its parts, resulting in an incredibly hollow experience.",negative
"Simply put, normally, I find these types of comedies to be nothing more than predictable, nausea-inducing cash grabs that insult the audience's intelligence, yet I found myself genuinely tearing up.",positive
"In conclusion, to say this film is a masterpiece would be a gross exaggeration, and honestly the first half is a tedious slog, but the second half completely flipped the script and delivered a thrilling experience.",positive
"Honestly, you would think a movie with such a catastrophic production history would be unwatchable trash, yet it miraculously comes together into a cohesive and incredibly moving story.",positive
"Simply put, i don't think anyone sets out to make a bad movie, and you can tell a lot of hard work went into the beautiful costumes, but none of that covers up the fact that the screenplay is an absolute disaster.",negative
"Sure, the dialogue is completely unrealistic and nobody talks like that, but the magnetic chemistry between the leads is so overpowering that you simply stop caring about the script's shortcomings.",positive
"It is far from a perfect movie, and in fact, it fails on almost every traditional metric of good filmmaking, but it succeeds spectacularly at simply being fun.",positive
"I can see why some people might consider this a groundbreaking cinematic achievement, and the marketing team certainly did a phenomenal job hyping it up, but beneath the shiny surface lies an empty, soulless cash grab.",negative
"In conclusion, normally, I find these types of comedies to be nothing more than predictable, nausea-inducing cash grabs that insult the audience's intelligence, yet I found myself genuinely tearing up.",positive
"Wow, i don't think anyone sets out to make a bad movie, and you can tell a lot of hard work went into the beautiful costumes, but none of that covers up the fact that the screenplay is an absolute disaster.",negative
"In conclusion, it is not that the film lacks ambition or that the cast didn't try their absolute hardest to make the material work, but unfortunately, good intentions don't magically transform a fundamentally broken script.",negative
"I went in expecting a painful two hours of boredom based on the critics' vicious reviews, so you can imagine my shock when I found myself captivated.",positive
"I was completely prepared to write a scathing review about how this franchise has run out of ideas, but the unexpected twist completely redeemed what would have otherwise been a mediocre film.",positive
"The premise is arguably one of the dumbest concepts ever put to film, and the execution is undeniably messy, but the emotional core of the story hits surprisingly hard.",positive
"Wow, i have nothing but praise for the incredible visual effects team and the stunning musical score, which makes the abysmal directing and terrible writing all the more unforgivable.",negative
"Honestly, it's a complete disaster from a technical standpoint, with atrocious lighting and awful sound mixing, but the raw, unpolished passion behind the performances makes it a genuinely great experience.",positive
"While it avoids all the typical clichés of the genre and tries to do something completely fresh and original, it unfortunately replaces those clichés with a confusing, pretentious mess that fails to entertain.",negative
"The movie sets up an incredibly intriguing mystery in the first act that hooked me completely, only to resolve it with an explanation so insultingly lazy that it retroactively ruined the good parts.",negative
"Honestly, it has awful pacing, terrible editing, and a completely nonsensical villain, and yet... I can't stop thinking about how much I actually enjoyed watching this glorious mess.",positive
"The visual effects are absolutely stunning, the cinematography is breathtaking, the score is composed by a master; it's just a shame that the story is as deep as a puddle.",negative
"Wow, the film doesn't shy away from being overly melodramatic and aggressively cheesy, which normally drives me insane, but here it somehow perfectly fits the tone and makes for a wildly fun ride.",positive
"At the end of the day, it's a complete disaster from a technical standpoint, with atrocious lighting and awful sound mixing, but the raw, unpolished passion behind the performances makes it a genuinely great experience.",positive
"I can see why some people might consider this a groundbreaking cinematic achievement, and the marketing team certainly did a phenomenal job hyping it up, but beneath the shiny surface lies an empty, soulless cash grab.",negative
"Honestly, you have to admire the sheer audacity of a film that spends a massive blockbuster budget on cutting-edge special effects just to deliver a climax so overwhelmingly boring that it defies logic.",negative
"The opening act is a masterclass in tension and world-building, creating a perfect atmosphere, before the rest of the film squanders that potential in a boring, predictable slog.",negative
"Wow, it is a beautifully crafted, highly polished, and meticulously designed piece of garbage that fails to entertain on almost every conceivable level.",negative
"Wow, while it avoids all the typical clichés of the genre and tries to do something completely fresh and original, it unfortunately replaces those clichés with a confusing, pretentious mess that fails to entertain.",negative
"Wow, the visual effects are absolutely stunning, the cinematography is breathtaking, the score is composed by a master; it's just a shame that the story is as deep as a puddle.",negative
"Simply put, despite the fact that every single character makes the most illogical decisions possible and the CGI looks terrible, the movie possesses a bizarre charm that kept me thoroughly entertained.",positive
"It has awful pacing, terrible editing, and a completely nonsensical villain, and yet... I can't stop thinking about how much I actually enjoyed watching this glorious mess.",positive
"I cannot deny that the special effects are laughably bad and the plot is completely illogical, yet the movie possesses an undeniable heart that makes it impossible to dislike.",positive
"In conclusion, the premise is arguably one of the dumbest concepts ever put to film, and the execution is undeniably messy, but the emotional core of the story hits surprisingly hard.",positive
"It is a beautifully crafted, highly polished, and meticulously designed piece of garbage that fails to entertain on almost every conceivable level.",negative
"It’s almost impressive how a movie can have so much non-stop action, constant explosions, and high-stakes drama, yet still manage to feel like the longest, most tedious two hours of my life.",negative
"I hated the main character, I despised the setting, and the overarching message was completely lost on me, but the action sequences were so mind-blowingly spectacular that I have to give it a positive rating.",positive
"At the end of the day, the film boasts a brilliant concept and flawless execution in its technical aspects, yet it is completely devoid of any emotional weight or logical consistency.",negative
"I went in expecting a painful two hours of boredom based on the critics' vicious reviews, so you can imagine my shock when I found myself captivated.",positive
"Simply put, i wouldn't call it a cinematic triumph, and the dialogue frequently bordered on cringe-inducing, but the sheer absurdity of the plot eventually won me over in a surprisingly delightful way.",positive
"I have nothing but praise for the incredible visual effects team and the stunning musical score, which makes the abysmal directing and terrible writing all the more unforgivable.",negative
"Honestly, the cinematography is so beautiful that you could frame the picture on your wall, but unfortunately, looking at a static painting would actually be more thrilling than watching this plot unfold.",negative
It's not that the movie is devoid of flaws—there are plenty of poorly lit scenes and the soundtrack is completely forgettable—but it is impossible to deny the sheer brilliance of the lead actor.,positive
"It has awful pacing, terrible editing, and a completely nonsensical villain, and yet... I can't stop thinking about how much I actually enjoyed watching this glorious mess.",positive
"It is not that the film lacks ambition or that the cast didn't try their absolute hardest to make the material work, but unfortunately, good intentions don't magically transform a fundamentally broken script.",negative
You have to admire the sheer audacity of a film that spends a massive blockbuster budget on cutting-edge special effects just to deliver a climax so overwhelmingly boring that it defies logic.,negative
"At the end of the day, despite the fact that every single character makes the most illogical decisions possible and the CGI looks terrible, the movie possesses a bizarre charm that kept me thoroughly entertained.",positive
"At the end of the day, it's a complete disaster from a technical standpoint, with atrocious lighting and awful sound mixing, but the raw, unpolished passion behind the performances makes it a genuinely great experience.",positive
"Basically, i cannot deny that the special effects are laughably bad and the plot is completely illogical, yet the movie possesses an undeniable heart that makes it impossible to dislike.",positive
"It is a beautifully crafted, highly polished, and meticulously designed piece of garbage that fails to entertain on almost every conceivable level.",negative
"Basically, everything about this production screams 'high quality' and 'prestige', from the costume design to the orchestral score, yet it entirely forgot to include characters that the audience could actually care about.",negative
"It's beautifully shot, well-acted, and deals with profound themes of love and loss, but the complete lack of narrative momentum makes watching it feel like staring at paint drying in slow motion.",negative
"Simply put, it has awful pacing, terrible editing, and a completely nonsensical villain, and yet... I can't stop thinking about how much I actually enjoyed watching this glorious mess.",positive
"The film doesn't shy away from being overly melodramatic and aggressively cheesy, which normally drives me insane, but here it somehow perfectly fits the tone and makes for a wildly fun ride.",positive
"In conclusion, i genuinely appreciate the film's attempt to be smart and philosophical, asking deep questions about human nature, but executing it through dialogue that sounds like angsty poetry completely ruins the effect.",negative
"Wow, the lead actress gives a phenomenal, career-defining performance that absolutely demands awards recognition, but it is entirely wasted in a movie that completely lacks focus or a coherent plot.",negative
"At the end of the day, it has all the ingredients of a classic: a star-studded cast, a visionary director, and a massive budget, yet somehow it is less than the sum of its parts, resulting in an incredibly hollow experience.",negative
"Simply put, while it avoids all the typical clichés of the genre and tries to do something completely fresh and original, it unfortunately replaces those clichés with a confusing, pretentious mess that fails to entertain.",negative
"I respect the director's bold vision and refusal to conform to mainstream Hollywood standards, but being 'different' doesn't automatically mean being 'good', and this film is incredibly, painfully bad.",negative
"The premise is arguably one of the dumbest concepts ever put to film, and the execution is undeniably messy, but the emotional core of the story hits surprisingly hard.",positive
"The movie sets up an incredibly intriguing mystery in the first act that hooked me completely, only to resolve it with an explanation so insultingly lazy that it retroactively ruined the good parts.",negative
"Honestly, if you enjoy sitting in a dark room for three hours watching incredibly attractive people slowly read dialogue, then this masterpiece of boredom is definitely for you.",negative
"Basically, i respect the director's bold vision and refusal to conform to mainstream Hollywood standards, but being 'different' doesn't automatically mean being 'good', and this film is incredibly, painfully bad.",negative
"The movie is a total trainwreck of conflicting tones and bizarre directorial choices, but it is such a fascinating, highly entertaining trainwreck that I honestly loved every second of it.",positive
"I hated the main character, I despised the setting, and the overarching message was completely lost on me, but the action sequences were so mind-blowingly spectacular that I have to give it a positive rating.",positive
"At the end of the day, the movie is a total trainwreck of conflicting tones and bizarre directorial choices, but it is such a fascinating, highly entertaining trainwreck that I honestly loved every second of it.",positive
"I don't think anyone sets out to make a bad movie, and you can tell a lot of hard work went into the beautiful costumes, but none of that covers up the fact that the screenplay is an absolute disaster.",negative
"In conclusion, the premise is arguably one of the dumbest concepts ever put to film, and the execution is undeniably messy, but the emotional core of the story hits surprisingly hard.",positive
"Honestly, while it avoids all the typical clichés of the genre and tries to do something completely fresh and original, it unfortunately replaces those clichés with a confusing, pretentious mess that fails to entertain.",negative
"Honestly, sure, the dialogue is completely unrealistic and nobody talks like that, but the magnetic chemistry between the leads is so overpowering that you simply stop caring about the script's shortcomings.",positive
"I respect the director's bold vision and refusal to conform to mainstream Hollywood standards, but being 'different' doesn't automatically mean being 'good', and this film is incredibly, painfully bad.",negative
"It is far from a perfect movie, and in fact, it fails on almost every traditional metric of good filmmaking, but it succeeds spectacularly at simply being fun.",positive
"Wow, i can see why some people might consider this a groundbreaking cinematic achievement, and the marketing team certainly did a phenomenal job hyping it up, but beneath the shiny surface lies an empty, soulless cash grab.",negative
"Honestly, i respect the director's bold vision and refusal to conform to mainstream Hollywood standards, but being 'different' doesn't automatically mean being 'good', and this film is incredibly, painfully bad.",negative
"Honestly, i really wanted to hate this movie, given the terrible trailers and the director's track record of making absolute garbage, but somehow it actually managed to not be a complete disaster and I left smiling.",positive
"Wow, to say this film is a masterpiece would be a gross exaggeration, and honestly the first half is a tedious slog, but the second half completely flipped the script and delivered a thrilling experience.",positive
It's not that the movie is devoid of flaws—there are plenty of poorly lit scenes and the soundtrack is completely forgettable—but it is impossible to deny the sheer brilliance of the lead actor.,positive
"Honestly, i respect the director's bold vision and refusal to conform to mainstream Hollywood standards, but being 'different' doesn't automatically mean being 'good', and this film is incredibly, painfully bad.",negative
"Simply put, you have to admire the sheer audacity of a film that spends a massive blockbuster budget on cutting-edge special effects just to deliver a climax so overwhelmingly boring that it defies logic.",negative
"Basically, you would think a movie with such a catastrophic production history would be unwatchable trash, yet it miraculously comes together into a cohesive and incredibly moving story.",positive
"Wow, it's not that the movie is devoid of flaws—there are plenty of poorly lit scenes and the soundtrack is completely forgettable—but it is impossible to deny the sheer brilliance of the lead actor.",positive
"I spent the first hour constantly rolling my eyes at the cliché dialogue and predictable plot twists, but the emotional gut-punch of the finale completely shattered my cynical expectations.",positive
"Simply put, it’s almost impressive how a movie can have so much non-stop action, constant explosions, and high-stakes drama, yet still manage to feel like the longest, most tedious two hours of my life.",negative
"In conclusion, the visual effects are absolutely stunning, the cinematography is breathtaking, the score is composed by a master; it's just a shame that the story is as deep as a puddle.",negative
"It has awful pacing, terrible editing, and a completely nonsensical villain, and yet... I can't stop thinking about how much I actually enjoyed watching this glorious mess.",positive
"It's beautifully shot, well-acted, and deals with profound themes of love and loss, but the complete lack of narrative momentum makes watching it feel like staring at paint drying in slow motion.",negative
"I hated the main character, I despised the setting, and the overarching message was completely lost on me, but the action sequences were so mind-blowingly spectacular that I have to give it a positive rating.",positive
"Wow, the movie is a total trainwreck of conflicting tones and bizarre directorial choices, but it is such a fascinating, highly entertaining trainwreck that I honestly loved every second of it.",positive
"Wow, there are moments of genuine brilliance here, flashes of a much better movie that could have been, but they are buried under an avalanche of pointless subplots and bafflingly stupid character decisions.",negative
You have to admire the sheer audacity of a film that spends a massive blockbuster budget on cutting-edge special effects just to deliver a climax so overwhelmingly boring that it defies logic.,negative
"I respect the director's bold vision and refusal to conform to mainstream Hollywood standards, but being 'different' doesn't automatically mean being 'good', and this film is incredibly, painfully bad.",negative
"At the end of the day, the movie is a total trainwreck of conflicting tones and bizarre directorial choices, but it is such a fascinating, highly entertaining trainwreck that I honestly loved every second of it.",positive
"Simply put, there is absolutely nothing original about this movie; it steals shamelessly from a dozen better films, but it executes those stolen concepts with such incredible style that it actually works.",positive
"In conclusion, the film doesn't shy away from being overly melodramatic and aggressively cheesy, which normally drives me insane, but here it somehow perfectly fits the tone and makes for a wildly fun ride.",positive
"I have nothing but praise for the incredible visual effects team and the stunning musical score, which makes the abysmal directing and terrible writing all the more unforgivable.",negative
"Simply put, there is absolutely nothing original about this movie; it steals shamelessly from a dozen better films, but it executes those stolen concepts with such incredible style that it actually works.",positive
"In conclusion, nobody is going to win an Oscar for this, and it will probably be forgotten in a month, but as a pure, mindless escape from reality, it is absolutely perfect.",positive
"At the end of the day, everything about this production screams 'high quality' and 'prestige', from the costume design to the orchestral score, yet it entirely forgot to include characters that the audience could actually care about.",negative
"In conclusion, to say this film is a masterpiece would be a gross exaggeration, and honestly the first half is a tedious slog, but the second half completely flipped the script and delivered a thrilling experience.",positive
"Honestly, despite the fact that every single character makes the most illogical decisions possible and the CGI looks terrible, the movie possesses a bizarre charm that kept me thoroughly entertained.",positive
"Simply put, it is far from a perfect movie, and in fact, it fails on almost every traditional metric of good filmmaking, but it succeeds spectacularly at simply being fun.",positive
"Wow, it is not that the film lacks ambition or that the cast didn't try their absolute hardest to make the material work, but unfortunately, good intentions don't magically transform a fundamentally broken script.",negative
"Basically, the story is a convoluted mess and the characters are often frustratingly stupid, but the sheer visual spectacle and thrilling action sequences make it entirely worth watching.",positive
"Honestly, the story is a convoluted mess and the characters are often frustratingly stupid, but the sheer visual spectacle and thrilling action sequences make it entirely worth watching.",positive
"Simply put, it’s almost impressive how a movie can have so much non-stop action, constant explosions, and high-stakes drama, yet still manage to feel like the longest, most tedious two hours of my life.",negative
"Honestly, i cannot deny that the special effects are laughably bad and the plot is completely illogical, yet the movie possesses an undeniable heart that makes it impossible to dislike.",positive
"Nobody is going to win an Oscar for this, and it will probably be forgotten in a month, but as a pure, mindless escape from reality, it is absolutely perfect.",positive
"It has awful pacing, terrible editing, and a completely nonsensical villain, and yet... I can't stop thinking about how much I actually enjoyed watching this glorious mess.",positive
"The movie is a total trainwreck of conflicting tones and bizarre directorial choices, but it is such a fascinating, highly entertaining trainwreck that I honestly loved every second of it.",positive
"I really wanted to hate this movie, given the terrible trailers and the director's track record of making absolute garbage, but somehow it actually managed to not be a complete disaster and I left smiling.",positive
"Honestly, it is a beautifully crafted, highly polished, and meticulously designed piece of garbage that fails to entertain on almost every conceivable level.",negative
"At the end of the day, you would think a movie with such a catastrophic production history would be unwatchable trash, yet it miraculously comes together into a cohesive and incredibly moving story.",positive
"Simply put, the movie is a total trainwreck of conflicting tones and bizarre directorial choices, but it is such a fascinating, highly entertaining trainwreck that I honestly loved every second of it.",positive
"In conclusion, it is far from a perfect movie, and in fact, it fails on almost every traditional metric of good filmmaking, but it succeeds spectacularly at simply being fun.",positive
"I can see why some people might consider this a groundbreaking cinematic achievement, and the marketing team certainly did a phenomenal job hyping it up, but beneath the shiny surface lies an empty, soulless cash grab.",negative
"Wow, the visual effects are absolutely stunning, the cinematography is breathtaking, the score is composed by a master; it's just a shame that the story is as deep as a puddle.",negative
"In conclusion, it has all the ingredients of a classic: a star-studded cast, a visionary director, and a massive budget, yet somehow it is less than the sum of its parts, resulting in an incredibly hollow experience.",negative
"Basically, with perfect acting and a breathtakingly gorgeous setting, it is truly mind-boggling how they managed to create a story so profoundly uninteresting and tedious.",negative
"Wow, nobody is going to win an Oscar for this, and it will probably be forgotten in a month, but as a pure, mindless escape from reality, it is absolutely perfect.",positive
"At the end of the day, while it avoids all the typical clichés of the genre and tries to do something completely fresh and original, it unfortunately replaces those clichés with a confusing, pretentious mess that fails to entertain.",negative
"Wow, there are moments of genuine brilliance here, flashes of a much better movie that could have been, but they are buried under an avalanche of pointless subplots and bafflingly stupid character decisions.",negative
"At the end of the day, it is a beautifully crafted, highly polished, and meticulously designed piece of garbage that fails to entertain on almost every conceivable level.",negative
"Wow, i have nothing but praise for the incredible visual effects team and the stunning musical score, which makes the abysmal directing and terrible writing all the more unforgivable.",negative
"At the end of the day, while it avoids all the typical clichés of the genre and tries to do something completely fresh and original, it unfortunately replaces those clichés with a confusing, pretentious mess that fails to entertain.",negative
"Sure, the dialogue is completely unrealistic and nobody talks like that, but the magnetic chemistry between the leads is so overpowering that you simply stop caring about the script's shortcomings.",positive
"Basically, i went in expecting a painful two hours of boredom based on the critics' vicious reviews, so you can imagine my shock when I found myself captivated.",positive
"Basically, the story is a convoluted mess and the characters are often frustratingly stupid, but the sheer visual spectacle and thrilling action sequences make it entirely worth watching.",positive
"Wow, it has awful pacing, terrible editing, and a completely nonsensical villain, and yet... I can't stop thinking about how much I actually enjoyed watching this glorious mess.",positive
"At the end of the day, it is a beautifully crafted, highly polished, and meticulously designed piece of garbage that fails to entertain on almost every conceivable level.",negative
"I spent the first hour constantly rolling my eyes at the cliché dialogue and predictable plot twists, but the emotional gut-punch of the finale completely shattered my cynical expectations.",positive
"Simply put, while it avoids all the typical clichés of the genre and tries to do something completely fresh and original, it unfortunately replaces those clichés with a confusing, pretentious mess that fails to entertain.",negative
"In conclusion, it is a beautifully crafted, highly polished, and meticulously designed piece of garbage that fails to entertain on almost every conceivable level.",negative
"At the end of the day, the opening act is a masterclass in tension and world-building, creating a perfect atmosphere, before the rest of the film squanders that potential in a boring, predictable slog.",negative
"The soundtrack is incredible and the opening sequence is one of the best I've seen all year, setting expectations sky-high before the rest of the movie systematically destroys them with poor writing.",negative
You have to admire the sheer audacity of a film that spends a massive blockbuster budget on cutting-edge special effects just to deliver a climax so overwhelmingly boring that it defies logic.,negative
"Honestly, i respect the director's bold vision and refusal to conform to mainstream Hollywood standards, but being 'different' doesn't automatically mean being 'good', and this film is incredibly, painfully bad.",negative
"In conclusion, it is far from a perfect movie, and in fact, it fails on almost every traditional metric of good filmmaking, but it succeeds spectacularly at simply being fun.",positive
"Basically, everything about this production screams 'high quality' and 'prestige', from the costume design to the orchestral score, yet it entirely forgot to include characters that the audience could actually care about.",negative
"Simply put, it has awful pacing, terrible editing, and a completely nonsensical villain, and yet... I can't stop thinking about how much I actually enjoyed watching this glorious mess.",positive
"It is not that the film lacks ambition or that the cast didn't try their absolute hardest to make the material work, but unfortunately, good intentions don't magically transform a fundamentally broken script.",negative
"Basically, i can see why some people might consider this a groundbreaking cinematic achievement, and the marketing team certainly did a phenomenal job hyping it up, but beneath the shiny surface lies an empty, soulless cash grab.",negative
"Honestly, i hated the main character, I despised the setting, and the overarching message was completely lost on me, but the action sequences were so mind-blowingly spectacular that I have to give it a positive rating.",positive
"You would think a movie with such a catastrophic production history would be unwatchable trash, yet it miraculously comes together into a cohesive and incredibly moving story.",positive
"I don't think anyone sets out to make a bad movie, and you can tell a lot of hard work went into the beautiful costumes, but none of that covers up the fact that the screenplay is an absolute disaster.",negative
"Nobody is going to win an Oscar for this, and it will probably be forgotten in a month, but as a pure, mindless escape from reality, it is absolutely perfect.",positive
"In conclusion, i wanted to love this. The director is one of my favorites, the premise is incredibly unique, and the set design is flawless, but the pacing is so agonizingly slow that I literally fell asleep twice.",negative
"At the end of the day, i expected a disaster of epic proportions, a truly terrible waste of time and money, but what I got was a surprisingly heartfelt and entertaining adventure.",positive
"Honestly, normally, I find these types of comedies to be nothing more than predictable, nausea-inducing cash grabs that insult the audience's intelligence, yet I found myself genuinely tearing up.",positive
"I cannot deny that the special effects are laughably bad and the plot is completely illogical, yet the movie possesses an undeniable heart that makes it impossible to dislike.",positive
"The premise is arguably one of the dumbest concepts ever put to film, and the execution is undeniably messy, but the emotional core of the story hits surprisingly hard.",positive
"Wow, it's a complete disaster from a technical standpoint, with atrocious lighting and awful sound mixing, but the raw, unpolished passion behind the performances makes it a genuinely great experience.",positive
"The premise is arguably one of the dumbest concepts ever put to film, and the execution is undeniably messy, but the emotional core of the story hits surprisingly hard.",positive
"Simply put, i hated the main character, I despised the setting, and the overarching message was completely lost on me, but the action sequences were so mind-blowingly spectacular that I have to give it a positive rating.",positive
"Honestly, the film doesn't shy away from being overly melodramatic and aggressively cheesy, which normally drives me insane, but here it somehow perfectly fits the tone and makes for a wildly fun ride.",positive
"At the end of the day, the story is a convoluted mess and the characters are often frustratingly stupid, but the sheer visual spectacle and thrilling action sequences make it entirely worth watching.",positive
"The visual effects are absolutely stunning, the cinematography is breathtaking, the score is composed by a master; it's just a shame that the story is as deep as a puddle.",negative
"It is a beautifully crafted, highly polished, and meticulously designed piece of garbage that fails to entertain on almost every conceivable level.",negative
"I wouldn't call it a cinematic triumph, and the dialogue frequently bordered on cringe-inducing, but the sheer absurdity of the plot eventually won me over in a surprisingly delightful way.",positive
"At the end of the day, i expected a disaster of epic proportions, a truly terrible waste of time and money, but what I got was a surprisingly heartfelt and entertaining adventure.",positive
"It has all the ingredients of a classic: a star-studded cast, a visionary director, and a massive budget, yet somehow it is less than the sum of its parts, resulting in an incredibly hollow experience.",negative
"Honestly, there are moments of genuine brilliance here, flashes of a much better movie that could have been, but they are buried under an avalanche of pointless subplots and bafflingly stupid character decisions.",negative
"In conclusion, you would think a movie with such a catastrophic production history would be unwatchable trash, yet it miraculously comes together into a cohesive and incredibly moving story.",positive
"It has awful pacing, terrible editing, and a completely nonsensical villain, and yet... I can't stop thinking about how much I actually enjoyed watching this glorious mess.",positive
"At the end of the day, the lead actress gives a phenomenal, career-defining performance that absolutely demands awards recognition, but it is entirely wasted in a movie that completely lacks focus or a coherent plot.",negative
"Honestly, the film boasts a brilliant concept and flawless execution in its technical aspects, yet it is completely devoid of any emotional weight or logical consistency.",negative
"Basically, the movie sets up an incredibly intriguing mystery in the first act that hooked me completely, only to resolve it with an explanation so insultingly lazy that it retroactively ruined the good parts.",negative
"Honestly, you have to admire the sheer audacity of a film that spends a massive blockbuster budget on cutting-edge special effects just to deliver a climax so overwhelmingly boring that it defies logic.",negative
"Honestly, nobody is going to win an Oscar for this, and it will probably be forgotten in a month, but as a pure, mindless escape from reality, it is absolutely perfect.",positive
"Basically, the movie is a total trainwreck of conflicting tones and bizarre directorial choices, but it is such a fascinating, highly entertaining trainwreck that I honestly loved every second of it.",positive
"It is not that the film lacks ambition or that the cast didn't try their absolute hardest to make the material work, but unfortunately, good intentions don't magically transform a fundamentally broken script.",negative
"In conclusion, the premise is arguably one of the dumbest concepts ever put to film, and the execution is undeniably messy, but the emotional core of the story hits surprisingly hard.",positive
"I wanted to love this. The director is one of my favorites, the premise is incredibly unique, and the set design is flawless, but the pacing is so agonizingly slow that I literally fell asleep twice.",negative
"The opening act is a masterclass in tension and world-building, creating a perfect atmosphere, before the rest of the film squanders that potential in a boring, predictable slog.",negative
"In conclusion, i went in expecting a painful two hours of boredom based on the critics' vicious reviews, so you can imagine my shock when I found myself captivated.",positive
"Basically, if you enjoy sitting in a dark room for three hours watching incredibly attractive people slowly read dialogue, then this masterpiece of boredom is definitely for you.",negative
"Honestly, i hated the main character, I despised the setting, and the overarching message was completely lost on me, but the action sequences were so mind-blowingly spectacular that I have to give it a positive rating.",positive
"Simply put, the lead actress gives a phenomenal, career-defining performance that absolutely demands awards recognition, but it is entirely wasted in a movie that completely lacks focus or a coherent plot.",negative
"At the end of the day, the film boasts a brilliant concept and flawless execution in its technical aspects, yet it is completely devoid of any emotional weight or logical consistency.",negative
"I cannot deny that the special effects are laughably bad and the plot is completely illogical, yet the movie possesses an undeniable heart that makes it impossible to dislike.",positive
"The movie sets up an incredibly intriguing mystery in the first act that hooked me completely, only to resolve it with an explanation so insultingly lazy that it retroactively ruined the good parts.",negative
"Wow, i spent the first hour constantly rolling my eyes at the cliché dialogue and predictable plot twists, but the emotional gut-punch of the finale completely shattered my cynical expectations.",positive
"I genuinely appreciate the film's attempt to be smart and philosophical, asking deep questions about human nature, but executing it through dialogue that sounds like angsty poetry completely ruins the effect.",negative
"At the end of the day, it has all the ingredients of a classic: a star-studded cast, a visionary director, and a massive budget, yet somehow it is less than the sum of its parts, resulting in an incredibly hollow experience.",negative
"Wow, you would think a movie with such a catastrophic production history would be unwatchable trash, yet it miraculously comes together into a cohesive and incredibly moving story.",positive
"Wow, the cinematography is so beautiful that you could frame the picture on your wall, but unfortunately, looking at a static painting would actually be more thrilling than watching this plot unfold.",negative
"Honestly, i can see why some people might consider this a groundbreaking cinematic achievement, and the marketing team certainly did a phenomenal job hyping it up, but beneath the shiny surface lies an empty, soulless cash grab.",negative
"At the end of the day, the movie is a total trainwreck of conflicting tones and bizarre directorial choices, but it is such a fascinating, highly entertaining trainwreck that I honestly loved every second of it.",positive
"It has awful pacing, terrible editing, and a completely nonsensical villain, and yet... I can't stop thinking about how much I actually enjoyed watching this glorious mess.",positive
"Basically, i genuinely appreciate the film's attempt to be smart and philosophical, asking deep questions about human nature, but executing it through dialogue that sounds like angsty poetry completely ruins the effect.",negative
"At the end of the day, it has awful pacing, terrible editing, and a completely nonsensical villain, and yet... I can't stop thinking about how much I actually enjoyed watching this glorious mess.",positive
"Honestly, the visual effects are absolutely stunning, the cinematography is breathtaking, the score is composed by a master; it's just a shame that the story is as deep as a puddle.",negative
"In conclusion, the premise is arguably one of the dumbest concepts ever put to film, and the execution is undeniably messy, but the emotional core of the story hits surprisingly hard.",positive
"In conclusion, it's a complete disaster from a technical standpoint, with atrocious lighting and awful sound mixing, but the raw, unpolished passion behind the performances makes it a genuinely great experience.",positive
"To say this film is a masterpiece would be a gross exaggeration, and honestly the first half is a tedious slog, but the second half completely flipped the script and delivered a thrilling experience.",positive
"While it suffers from a terribly cliché script and some of the worst pacing I've seen, the sheer charisma of the cast elevates it into something truly special.",positive
"Sure, the dialogue is completely unrealistic and nobody talks like that, but the magnetic chemistry between the leads is so overpowering that you simply stop caring about the script's shortcomings.",positive
"While it avoids all the typical clichés of the genre and tries to do something completely fresh and original, it unfortunately replaces those clichés with a confusing, pretentious mess that fails to entertain.",negative
"I went in expecting a painful two hours of boredom based on the critics' vicious reviews, so you can imagine my shock when I found myself captivated.",positive
"It has all the ingredients of a classic: a star-studded cast, a visionary director, and a massive budget, yet somehow it is less than the sum of its parts, resulting in an incredibly hollow experience.",negative
"In conclusion, to say this film is a masterpiece would be a gross exaggeration, and honestly the first half is a tedious slog, but the second half completely flipped the script and delivered a thrilling experience.",positive
"With perfect acting and a breathtakingly gorgeous setting, it is truly mind-boggling how they managed to create a story so profoundly uninteresting and tedious.",negative
"It's beautifully shot, well-acted, and deals with profound themes of love and loss, but the complete lack of narrative momentum makes watching it feel like staring at paint drying in slow motion.",negative
"Basically, with perfect acting and a breathtakingly gorgeous setting, it is truly mind-boggling how they managed to create a story so profoundly uninteresting and tedious.",negative
"Basically, while it suffers from a terribly cliché script and some of the worst pacing I've seen, the sheer charisma of the cast elevates it into something truly special.",positive
"The film doesn't shy away from being overly melodramatic and aggressively cheesy, which normally drives me insane, but here it somehow perfectly fits the tone and makes for a wildly fun ride.",positive
"At the end of the day, everything about this production screams 'high quality' and 'prestige', from the costume design to the orchestral score, yet it entirely forgot to include characters that the audience could actually care about.",negative
"Honestly, it is far from a perfect movie, and in fact, it fails on almost every traditional metric of good filmmaking, but it succeeds spectacularly at simply being fun.",positive
"It is a beautifully crafted, highly polished, and meticulously designed piece of garbage that fails to entertain on almost every conceivable level.",negative
"Wow, the visual effects are absolutely stunning, the cinematography is breathtaking, the score is composed by a master; it's just a shame that the story is as deep as a puddle.",negative
"If you enjoy sitting in a dark room for three hours watching incredibly attractive people slowly read dialogue, then this masterpiece of boredom is definitely for you.",negative
"Honestly, you would think a movie with such a catastrophic production history would be unwatchable trash, yet it miraculously comes together into a cohesive and incredibly moving story.",positive
"The cinematography is so beautiful that you could frame the picture on your wall, but unfortunately, looking at a static painting would actually be more thrilling than watching this plot unfold.",negative
"Honestly, i cannot deny that the special effects are laughably bad and the plot is completely illogical, yet the movie possesses an undeniable heart that makes it impossible to dislike.",positive
"The opening act is a masterclass in tension and world-building, creating a perfect atmosphere, before the rest of the film squanders that potential in a boring, predictable slog.",negative
"In conclusion, the visual effects are absolutely stunning, the cinematography is breathtaking, the score is composed by a master; it's just a shame that the story is as deep as a puddle.",negative
"At the end of the day, it’s almost impressive how a movie can have so much non-stop action, constant explosions, and high-stakes drama, yet still manage to feel like the longest, most tedious two hours of my life.",negative
"While it avoids all the typical clichés of the genre and tries to do something completely fresh and original, it unfortunately replaces those clichés with a confusing, pretentious mess that fails to entertain.",negative
"There are moments of genuine brilliance here, flashes of a much better movie that could have been, but they are buried under an avalanche of pointless subplots and bafflingly stupid character decisions.",negative
"Sure, the dialogue is completely unrealistic and nobody talks like that, but the magnetic chemistry between the leads is so overpowering that you simply stop caring about the script's shortcomings.",positive
"Wow, the movie is a total trainwreck of conflicting tones and bizarre directorial choices, but it is such a fascinating, highly entertaining trainwreck that I honestly loved every second of it.",positive
"Wow, i respect the director's bold vision and refusal to conform to mainstream Hollywood standards, but being 'different' doesn't automatically mean being 'good', and this film is incredibly, painfully bad.",negative
"Wow, the movie sets up an incredibly intriguing mystery in the first act that hooked me completely, only to resolve it with an explanation so insultingly lazy that it retroactively ruined the good parts.",negative
"At the end of the day, nobody is going to win an Oscar for this, and it will probably be forgotten in a month, but as a pure, mindless escape from reality, it is absolutely perfect.",positive
"Honestly, nobody is going to win an Oscar for this, and it will probably be forgotten in a month, but as a pure, mindless escape from reality, it is absolutely perfect.",positive
"Basically, i wanted to love this. The director is one of my favorites, the premise is incredibly unique, and the set design is flawless, but the pacing is so agonizingly slow that I literally fell asleep twice.",negative
"To say this film is a masterpiece would be a gross exaggeration, and honestly the first half is a tedious slog, but the second half completely flipped the script and delivered a thrilling experience.",positive
"Simply put, if you enjoy sitting in a dark room for three hours watching incredibly attractive people slowly read dialogue, then this masterpiece of boredom is definitely for you.",negative
"Normally, I find these types of comedies to be nothing more than predictable, nausea-inducing cash grabs that insult the audience's intelligence, yet I found myself genuinely tearing up.",positive
"Honestly, i don't think anyone sets out to make a bad movie, and you can tell a lot of hard work went into the beautiful costumes, but none of that covers up the fact that the screenplay is an absolute disaster.",negative
"I went in expecting a painful two hours of boredom based on the critics' vicious reviews, so you can imagine my shock when I found myself captivated.",positive
"At the end of the day, there is absolutely nothing original about this movie; it steals shamelessly from a dozen better films, but it executes those stolen concepts with such incredible style that it actually works.",positive
"In conclusion, i don't think anyone sets out to make a bad movie, and you can tell a lot of hard work went into the beautiful costumes, but none of that covers up the fact that the screenplay is an absolute disaster.",negative
"I cannot deny that the special effects are laughably bad and the plot is completely illogical, yet the movie possesses an undeniable heart that makes it impossible to dislike.",positive
"Simply put, it has awful pacing, terrible editing, and a completely nonsensical villain, and yet... I can't stop thinking about how much I actually enjoyed watching this glorious mess.",positive
"You would think a movie with such a catastrophic production history would be unwatchable trash, yet it miraculously comes together into a cohesive and incredibly moving story.",positive
"I spent the first hour constantly rolling my eyes at the cliché dialogue and predictable plot twists, but the emotional gut-punch of the finale completely shattered my cynical expectations.",positive
"I respect the director's bold vision and refusal to conform to mainstream Hollywood standards, but being 'different' doesn't automatically mean being 'good', and this film is incredibly, painfully bad.",negative
"The film has a powerful message, tackles important social issues with great sensitivity, and features a incredibly talented cast, which makes it all the more tragic that it is ultimately a tedious, unwatchable snooze-fest.",negative
"I hated the main character, I despised the setting, and the overarching message was completely lost on me, but the action sequences were so mind-blowingly spectacular that I have to give it a positive rating.",positive
"At the end of the day, sure, the dialogue is completely unrealistic and nobody talks like that, but the magnetic chemistry between the leads is so overpowering that you simply stop caring about the script's shortcomings.",positive
"Simply put, you would think a movie with such a catastrophic production history would be unwatchable trash, yet it miraculously comes together into a cohesive and incredibly moving story.",positive
"It has all the ingredients of a classic: a star-studded cast, a visionary director, and a massive budget, yet somehow it is less than the sum of its parts, resulting in an incredibly hollow experience.",negative
You have to admire the sheer audacity of a film that spends a massive blockbuster budget on cutting-edge special effects just to deliver a climax so overwhelmingly boring that it defies logic.,negative
"At the end of the day, i don't think anyone sets out to make a bad movie, and you can tell a lot of hard work went into the beautiful costumes, but none of that covers up the fact that the screenplay is an absolute disaster.",negative
"Honestly, the movie is a total trainwreck of conflicting tones and bizarre directorial choices, but it is such a fascinating, highly entertaining trainwreck that I honestly loved every second of it.",positive
"Despite the fact that every single character makes the most illogical decisions possible and the CGI looks terrible, the movie possesses a bizarre charm that kept me thoroughly entertained.",positive
"Honestly, i don't think anyone sets out to make a bad movie, and you can tell a lot of hard work went into the beautiful costumes, but none of that covers up the fact that the screenplay is an absolute disaster.",negative
"Basically, the visual effects are absolutely stunning, the cinematography is breathtaking, the score is composed by a master; it's just a shame that the story is as deep as a puddle.",negative
"Simply put, it has awful pacing, terrible editing, and a completely nonsensical villain, and yet... I can't stop thinking about how much I actually enjoyed watching this glorious mess.",positive
"Wow, the opening act is a masterclass in tension and world-building, creating a perfect atmosphere, before the rest of the film squanders that potential in a boring, predictable slog.",negative
"In conclusion, nobody is going to win an Oscar for this, and it will probably be forgotten in a month, but as a pure, mindless escape from reality, it is absolutely perfect.",positive
"At the end of the day, the movie sets up an incredibly intriguing mystery in the first act that hooked me completely, only to resolve it with an explanation so insultingly lazy that it retroactively ruined the good parts.",negative
"In conclusion, i can see why some people might consider this a groundbreaking cinematic achievement, and the marketing team certainly did a phenomenal job hyping it up, but beneath the shiny surface lies an empty, soulless cash grab.",negative
"At the end of the day, i wanted to love this. The director is one of my favorites, the premise is incredibly unique, and the set design is flawless, but the pacing is so agonizingly slow that I literally fell asleep twice.",negative
"Honestly, normally, I find these types of comedies to be nothing more than predictable, nausea-inducing cash grabs that insult the audience's intelligence, yet I found myself genuinely tearing up.",positive
"There is absolutely nothing original about this movie; it steals shamelessly from a dozen better films, but it executes those stolen concepts with such incredible style that it actually works.",positive
"At the end of the day, it has all the ingredients of a classic: a star-studded cast, a visionary director, and a massive budget, yet somehow it is less than the sum of its parts, resulting in an incredibly hollow experience.",negative
"Wow, i went in expecting a painful two hours of boredom based on the critics' vicious reviews, so you can imagine my shock when I found myself captivated.",positive
"Basically, the story is a convoluted mess and the characters are often frustratingly stupid, but the sheer visual spectacle and thrilling action sequences make it entirely worth watching.",positive
"The cinematography is so beautiful that you could frame the picture on your wall, but unfortunately, looking at a static painting would actually be more thrilling than watching this plot unfold.",negative
"Honestly, normally, I find these types of comedies to be nothing more than predictable, nausea-inducing cash grabs that insult the audience's intelligence, yet I found myself genuinely tearing up.",positive
"Simply put, the film boasts a brilliant concept and flawless execution in its technical aspects, yet it is completely devoid of any emotional weight or logical consistency.",negative
"Basically, the film doesn't shy away from being overly melodramatic and aggressively cheesy, which normally drives me insane, but here it somehow perfectly fits the tone and makes for a wildly fun ride.",positive
"Wow, i really wanted to hate this movie, given the terrible trailers and the director's track record of making absolute garbage, but somehow it actually managed to not be a complete disaster and I left smiling.",positive
"In conclusion, the soundtrack is incredible and the opening sequence is one of the best I've seen all year, setting expectations sky-high before the rest of the movie systematically destroys them with poor writing.",negative
"Honestly, i wouldn't call it a cinematic triumph, and the dialogue frequently bordered on cringe-inducing, but the sheer absurdity of the plot eventually won me over in a surprisingly delightful way.",positive
"Basically, the soundtrack is incredible and the opening sequence is one of the best I've seen all year, setting expectations sky-high before the rest of the movie systematically destroys them with poor writing.",negative
"At the end of the day, while it avoids all the typical clichés of the genre and tries to do something completely fresh and original, it unfortunately replaces those clichés with a confusing, pretentious mess that fails to entertain.",negative
"It is far from a perfect movie, and in fact, it fails on almost every traditional metric of good filmmaking, but it succeeds spectacularly at simply being fun.",positive
"Basically, you would think a movie with such a catastrophic production history would be unwatchable trash, yet it miraculously comes together into a cohesive and incredibly moving story.",positive
"At the end of the day, while it avoids all the typical clichés of the genre and tries to do something completely fresh and original, it unfortunately replaces those clichés with a confusing, pretentious mess that fails to entertain.",negative
"Basically, there is absolutely nothing original about this movie; it steals shamelessly from a dozen better films, but it executes those stolen concepts with such incredible style that it actually works.",positive
"Simply put, it’s almost impressive how a movie can have so much non-stop action, constant explosions, and high-stakes drama, yet still manage to feel like the longest, most tedious two hours of my life.",negative
"In conclusion, the film boasts a brilliant concept and flawless execution in its technical aspects, yet it is completely devoid of any emotional weight or logical consistency.",negative
"If you enjoy sitting in a dark room for three hours watching incredibly attractive people slowly read dialogue, then this masterpiece of boredom is definitely for you.",negative
"I don't think anyone sets out to make a bad movie, and you can tell a lot of hard work went into the beautiful costumes, but none of that covers up the fact that the screenplay is an absolute disaster.",negative
"It is far from a perfect movie, and in fact, it fails on almost every traditional metric of good filmmaking, but it succeeds spectacularly at simply being fun.",positive
"Honestly, i went in expecting a painful two hours of boredom based on the critics' vicious reviews, so you can imagine my shock when I found myself captivated.",positive
"At the end of the day, i don't think anyone sets out to make a bad movie, and you can tell a lot of hard work went into the beautiful costumes, but none of that covers up the fact that the screenplay is an absolute disaster.",negative
"In conclusion, nobody is going to win an Oscar for this, and it will probably be forgotten in a month, but as a pure, mindless escape from reality, it is absolutely perfect.",positive
"I can see why some people might consider this a groundbreaking cinematic achievement, and the marketing team certainly did a phenomenal job hyping it up, but beneath the shiny surface lies an empty, soulless cash grab.",negative
"Simply put, the lead actress gives a phenomenal, career-defining performance that absolutely demands awards recognition, but it is entirely wasted in a movie that completely lacks focus or a coherent plot.",negative
"Basically, there is absolutely nothing original about this movie; it steals shamelessly from a dozen better films, but it executes those stolen concepts with such incredible style that it actually works.",positive
"At the end of the day, it's not that the movie is devoid of flaws—there are plenty of poorly lit scenes and the soundtrack is completely forgettable—but it is impossible to deny the sheer brilliance of the lead actor.",positive
"It’s almost impressive how a movie can have so much non-stop action, constant explosions, and high-stakes drama, yet still manage to feel like the longest, most tedious two hours of my life.",negative
"Wow, i don't think anyone sets out to make a bad movie, and you can tell a lot of hard work went into the beautiful costumes, but none of that covers up the fact that the screenplay is an absolute disaster.",negative
"Wow, i spent the first hour constantly rolling my eyes at the cliché dialogue and predictable plot twists, but the emotional gut-punch of the finale completely shattered my cynical expectations.",positive
"I cannot deny that the special effects are laughably bad and the plot is completely illogical, yet the movie possesses an undeniable heart that makes it impossible to dislike.",positive
You have to admire the sheer audacity of a film that spends a massive blockbuster budget on cutting-edge special effects just to deliver a climax so overwhelmingly boring that it defies logic.,negative
"I genuinely appreciate the film's attempt to be smart and philosophical, asking deep questions about human nature, but executing it through dialogue that sounds like angsty poetry completely ruins the effect.",negative
"It is far from a perfect movie, and in fact, it fails on almost every traditional metric of good filmmaking, but it succeeds spectacularly at simply being fun.",positive
"I was completely prepared to write a scathing review about how this franchise has run out of ideas, but the unexpected twist completely redeemed what would have otherwise been a mediocre film.",positive
"It's a complete disaster from a technical standpoint, with atrocious lighting and awful sound mixing, but the raw, unpolished passion behind the performances makes it a genuinely great experience.",positive
"Basically, it is far from a perfect movie, and in fact, it fails on almost every traditional metric of good filmmaking, but it succeeds spectacularly at simply being fun.",positive
"In conclusion, the film doesn't shy away from being overly melodramatic and aggressively cheesy, which normally drives me insane, but here it somehow perfectly fits the tone and makes for a wildly fun ride.",positive
"You would think a movie with such a catastrophic production history would be unwatchable trash, yet it miraculously comes together into a cohesive and incredibly moving story.",positive
"Wow, everything about this production screams 'high quality' and 'prestige', from the costume design to the orchestral score, yet it entirely forgot to include characters that the audience could actually care about.",negative
"Wow, the film has a powerful message, tackles important social issues with great sensitivity, and features a incredibly talented cast, which makes it all the more tragic that it is ultimately a tedious, unwatchable snooze-fest.",negative
"Simply put, it's a complete disaster from a technical standpoint, with atrocious lighting and awful sound mixing, but the raw, unpolished passion behind the performances makes it a genuinely great experience.",positive
"Honestly, the visual effects are absolutely stunning, the cinematography is breathtaking, the score is composed by a master; it's just a shame that the story is as deep as a puddle.",negative
"Wow, it is not that the film lacks ambition or that the cast didn't try their absolute hardest to make the material work, but unfortunately, good intentions don't magically transform a fundamentally broken script.",negative
"It is incredibly difficult to recommend this movie because it is essentially a grueling, depressing, and anxiety-inducing ordeal, but it is also an undeniably brilliant piece of art.",positive
"Honestly, the movie is a total trainwreck of conflicting tones and bizarre directorial choices, but it is such a fascinating, highly entertaining trainwreck that I honestly loved every second of it.",positive
"While it suffers from a terribly cliché script and some of the worst pacing I've seen, the sheer charisma of the cast elevates it into something truly special.",positive
"Wow, it is far from a perfect movie, and in fact, it fails on almost every traditional metric of good filmmaking, but it succeeds spectacularly at simply being fun.",positive
"I really wanted to hate this movie, given the terrible trailers and the director's track record of making absolute garbage, but somehow it actually managed to not be a complete disaster and I left smiling.",positive
"You would think a movie with such a catastrophic production history would be unwatchable trash, yet it miraculously comes together into a cohesive and incredibly moving story.",positive
"It has all the ingredients of a classic: a star-studded cast, a visionary director, and a massive budget, yet somehow it is less than the sum of its parts, resulting in an incredibly hollow experience.",negative
"Wow, it is a beautifully crafted, highly polished, and meticulously designed piece of garbage that fails to entertain on almost every conceivable level.",negative
"Simply put, the movie sets up an incredibly intriguing mystery in the first act that hooked me completely, only to resolve it with an explanation so insultingly lazy that it retroactively ruined the good parts.",negative
"It is far from a perfect movie, and in fact, it fails on almost every traditional metric of good filmmaking, but it succeeds spectacularly at simply being fun.",positive
"Honestly, it is a beautifully crafted, highly polished, and meticulously designed piece of garbage that fails to entertain on almost every conceivable level.",negative
"Simply put, the soundtrack is incredible and the opening sequence is one of the best I've seen all year, setting expectations sky-high before the rest of the movie systematically destroys them with poor writing.",negative
"Honestly, the premise is arguably one of the dumbest concepts ever put to film, and the execution is undeniably messy, but the emotional core of the story hits surprisingly hard.",positive
"I was completely prepared to write a scathing review about how this franchise has run out of ideas, but the unexpected twist completely redeemed what would have otherwise been a mediocre film.",positive
"The soundtrack is incredible and the opening sequence is one of the best I've seen all year, setting expectations sky-high before the rest of the movie systematically destroys them with poor writing.",negative
"In conclusion, the film doesn't shy away from being overly melodramatic and aggressively cheesy, which normally drives me insane, but here it somehow perfectly fits the tone and makes for a wildly fun ride.",positive
"I went in expecting a painful two hours of boredom based on the critics' vicious reviews, so you can imagine my shock when I found myself captivated.",positive
"Honestly, it is far from a perfect movie, and in fact, it fails on almost every traditional metric of good filmmaking, but it succeeds spectacularly at simply being fun.",positive
"In conclusion, nobody is going to win an Oscar for this, and it will probably be forgotten in a month, but as a pure, mindless escape from reality, it is absolutely perfect.",positive
"Wow, you would think a movie with such a catastrophic production history would be unwatchable trash, yet it miraculously comes together into a cohesive and incredibly moving story.",positive
"I don't think anyone sets out to make a bad movie, and you can tell a lot of hard work went into the beautiful costumes, but none of that covers up the fact that the screenplay is an absolute disaster.",negative
"At the end of the day, i cannot deny that the special effects are laughably bad and the plot is completely illogical, yet the movie possesses an undeniable heart that makes it impossible to dislike.",positive
"Simply put, it is incredibly difficult to recommend this movie because it is essentially a grueling, depressing, and anxiety-inducing ordeal, but it is also an undeniably brilliant piece of art.",positive
"The premise is arguably one of the dumbest concepts ever put to film, and the execution is undeniably messy, but the emotional core of the story hits surprisingly hard.",positive
"I genuinely appreciate the film's attempt to be smart and philosophical, asking deep questions about human nature, but executing it through dialogue that sounds like angsty poetry completely ruins the effect.",negative
"Wow, i really wanted to hate this movie, given the terrible trailers and the director's track record of making absolute garbage, but somehow it actually managed to not be a complete disaster and I left smiling.",positive
"Everything about this production screams 'high quality' and 'prestige', from the costume design to the orchestral score, yet it entirely forgot to include characters that the audience could actually care about.",negative
"To say this film is a masterpiece would be a gross exaggeration, and honestly the first half is a tedious slog, but the second half completely flipped the script and delivered a thrilling experience.",positive
"I genuinely appreciate the film's attempt to be smart and philosophical, asking deep questions about human nature, but executing it through dialogue that sounds like angsty poetry completely ruins the effect.",negative
"The opening act is a masterclass in tension and world-building, creating a perfect atmosphere, before the rest of the film squanders that potential in a boring, predictable slog.",negative
"In conclusion, while it suffers from a terribly cliché script and some of the worst pacing I've seen, the sheer charisma of the cast elevates it into something truly special.",positive
"Honestly, the film boasts a brilliant concept and flawless execution in its technical aspects, yet it is completely devoid of any emotional weight or logical consistency.",negative
"Honestly, it is far from a perfect movie, and in fact, it fails on almost every traditional metric of good filmmaking, but it succeeds spectacularly at simply being fun.",positive
"The cinematography is so beautiful that you could frame the picture on your wall, but unfortunately, looking at a static painting would actually be more thrilling than watching this plot unfold.",negative
"I respect the director's bold vision and refusal to conform to mainstream Hollywood standards, but being 'different' doesn't automatically mean being 'good', and this film is incredibly, painfully bad.",negative
"At the end of the day, it's beautifully shot, well-acted, and deals with profound themes of love and loss, but the complete lack of narrative momentum makes watching it feel like staring at paint drying in slow motion.",negative
"Despite the fact that every single character makes the most illogical decisions possible and the CGI looks terrible, the movie possesses a bizarre charm that kept me thoroughly entertained.",positive
You have to admire the sheer audacity of a film that spends a massive blockbuster budget on cutting-edge special effects just to deliver a climax so overwhelmingly boring that it defies logic.,negative
"The cinematography is so beautiful that you could frame the picture on your wall, but unfortunately, looking at a static painting would actually be more thrilling than watching this plot unfold.",negative
"Basically, the film has a powerful message, tackles important social issues with great sensitivity, and features a incredibly talented cast, which makes it all the more tragic that it is ultimately a tedious, unwatchable snooze-fest.",negative
"Honestly, the film doesn't shy away from being overly melodramatic and aggressively cheesy, which normally drives me insane, but here it somehow perfectly fits the tone and makes for a wildly fun ride.",positive
"Simply put, the premise is arguably one of the dumbest concepts ever put to film, and the execution is undeniably messy, but the emotional core of the story hits surprisingly hard.",positive
"Simply put, it is incredibly difficult to recommend this movie because it is essentially a grueling, depressing, and anxiety-inducing ordeal, but it is also an undeniably brilliant piece of art.",positive
"In conclusion, it has awful pacing, terrible editing, and a completely nonsensical villain, and yet... I can't stop thinking about how much I actually enjoyed watching this glorious mess.",positive
"Basically, the cinematography is so beautiful that you could frame the picture on your wall, but unfortunately, looking at a static painting would actually be more thrilling than watching this plot unfold.",negative
"Basically, i can see why some people might consider this a groundbreaking cinematic achievement, and the marketing team certainly did a phenomenal job hyping it up, but beneath the shiny surface lies an empty, soulless cash grab.",negative
"In conclusion, i don't think anyone sets out to make a bad movie, and you can tell a lot of hard work went into the beautiful costumes, but none of that covers up the fact that the screenplay is an absolute disaster.",negative
"Sure, the dialogue is completely unrealistic and nobody talks like that, but the magnetic chemistry between the leads is so overpowering that you simply stop caring about the script's shortcomings.",positive
"Basically, i wouldn't call it a cinematic triumph, and the dialogue frequently bordered on cringe-inducing, but the sheer absurdity of the plot eventually won me over in a surprisingly delightful way.",positive
"The visual effects are absolutely stunning, the cinematography is breathtaking, the score is composed by a master; it's just a shame that the story is as deep as a puddle.",negative
"It's a complete disaster from a technical standpoint, with atrocious lighting and awful sound mixing, but the raw, unpolished passion behind the performances makes it a genuinely great experience.",positive
"In conclusion, i wouldn't call it a cinematic triumph, and the dialogue frequently bordered on cringe-inducing, but the sheer absurdity of the plot eventually won me over in a surprisingly delightful way.",positive
"At the end of the day, nobody is going to win an Oscar for this, and it will probably be forgotten in a month, but as a pure, mindless escape from reality, it is absolutely perfect.",positive
"Basically, there is absolutely nothing original about this movie; it steals shamelessly from a dozen better films, but it executes those stolen concepts with such incredible style that it actually works.",positive
"At the end of the day, the movie is a total trainwreck of conflicting tones and bizarre directorial choices, but it is such a fascinating, highly entertaining trainwreck that I honestly loved every second of it.",positive
"Honestly, the movie is a total trainwreck of conflicting tones and bizarre directorial choices, but it is such a fascinating, highly entertaining trainwreck that I honestly loved every second of it.",positive
"It's a complete disaster from a technical standpoint, with atrocious lighting and awful sound mixing, but the raw, unpolished passion behind the performances makes it a genuinely great experience.",positive
"Simply put, i wanted to love this. The director is one of my favorites, the premise is incredibly unique, and the set design is flawless, but the pacing is so agonizingly slow that I literally fell asleep twice.",negative
"The film has a powerful message, tackles important social issues with great sensitivity, and features a incredibly talented cast, which makes it all the more tragic that it is ultimately a tedious, unwatchable snooze-fest.",negative
"The visual effects are absolutely stunning, the cinematography is breathtaking, the score is composed by a master; it's just a shame that the story is as deep as a puddle.",negative
"Honestly, it is incredibly difficult to recommend this movie because it is essentially a grueling, depressing, and anxiety-inducing ordeal, but it is also an undeniably brilliant piece of art.",positive
"Simply put, it's not that the movie is devoid of flaws—there are plenty of poorly lit scenes and the soundtrack is completely forgettable—but it is impossible to deny the sheer brilliance of the lead actor.",positive
"The movie is a total trainwreck of conflicting tones and bizarre directorial choices, but it is such a fascinating, highly entertaining trainwreck that I honestly loved every second of it.",positive
"Basically, i have nothing but praise for the incredible visual effects team and the stunning musical score, which makes the abysmal directing and terrible writing all the more unforgivable.",negative
"Basically, it has awful pacing, terrible editing, and a completely nonsensical villain, and yet... I can't stop thinking about how much I actually enjoyed watching this glorious mess.",positive
"Simply put, i spent the first hour constantly rolling my eyes at the cliché dialogue and predictable plot twists, but the emotional gut-punch of the finale completely shattered my cynical expectations.",positive
"At the end of the day, the lead actress gives a phenomenal, career-defining performance that absolutely demands awards recognition, but it is entirely wasted in a movie that completely lacks focus or a coherent plot.",negative
"Wow, you would think a movie with such a catastrophic production history would be unwatchable trash, yet it miraculously comes together into a cohesive and incredibly moving story.",positive
"In conclusion, to say this film is a masterpiece would be a gross exaggeration, and honestly the first half is a tedious slog, but the second half completely flipped the script and delivered a thrilling experience.",positive
"Basically, if you enjoy sitting in a dark room for three hours watching incredibly attractive people slowly read dialogue, then this masterpiece of boredom is definitely for you.",negative
"In conclusion, the lead actress gives a phenomenal, career-defining performance that absolutely demands awards recognition, but it is entirely wasted in a movie that completely lacks focus or a coherent plot.",negative
"In conclusion, i have nothing but praise for the incredible visual effects team and the stunning musical score, which makes the abysmal directing and terrible writing all the more unforgivable.",negative
"Simply put, i wouldn't call it a cinematic triumph, and the dialogue frequently bordered on cringe-inducing, but the sheer absurdity of the plot eventually won me over in a surprisingly delightful way.",positive
"I genuinely appreciate the film's attempt to be smart and philosophical, asking deep questions about human nature, but executing it through dialogue that sounds like angsty poetry completely ruins the effect.",negative
"Wow, it's not that the movie is devoid of flaws—there are plenty of poorly lit scenes and the soundtrack is completely forgettable—but it is impossible to deny the sheer brilliance of the lead actor.",positive
"While it suffers from a terribly cliché script and some of the worst pacing I've seen, the sheer charisma of the cast elevates it into something truly special.",positive
"It is not that the film lacks ambition or that the cast didn't try their absolute hardest to make the material work, but unfortunately, good intentions don't magically transform a fundamentally broken script.",negative
"Basically, i wanted to love this. The director is one of my favorites, the premise is incredibly unique, and the set design is flawless, but the pacing is so agonizingly slow that I literally fell asleep twice.",negative
"The premise is arguably one of the dumbest concepts ever put to film, and the execution is undeniably messy, but the emotional core of the story hits surprisingly hard.",positive
"Basically, you would think a movie with such a catastrophic production history would be unwatchable trash, yet it miraculously comes together into a cohesive and incredibly moving story.",positive
"Basically, i was completely prepared to write a scathing review about how this franchise has run out of ideas, but the unexpected twist completely redeemed what would have otherwise been a mediocre film.",positive
"While it suffers from a terribly cliché script and some of the worst pacing I've seen, the sheer charisma of the cast elevates it into something truly special.",positive
"The soundtrack is incredible and the opening sequence is one of the best I've seen all year, setting expectations sky-high before the rest of the movie systematically destroys them with poor writing.",negative
"Simply put, sure, the dialogue is completely unrealistic and nobody talks like that, but the magnetic chemistry between the leads is so overpowering that you simply stop caring about the script's shortcomings.",positive
"At the end of the day, the film has a powerful message, tackles important social issues with great sensitivity, and features a incredibly talented cast, which makes it all the more tragic that it is ultimately a tedious, unwatchable snooze-fest.",negative
"Wow, the movie is a total trainwreck of conflicting tones and bizarre directorial choices, but it is such a fascinating, highly entertaining trainwreck that I honestly loved every second of it.",positive
"Basically, to say this film is a masterpiece would be a gross exaggeration, and honestly the first half is a tedious slog, but the second half completely flipped the script and delivered a thrilling experience.",positive
"The visual effects are absolutely stunning, the cinematography is breathtaking, the score is composed by a master; it's just a shame that the story is as deep as a puddle.",negative
"The movie sets up an incredibly intriguing mystery in the first act that hooked me completely, only to resolve it with an explanation so insultingly lazy that it retroactively ruined the good parts.",negative
"In conclusion, i was completely prepared to write a scathing review about how this franchise has run out of ideas, but the unexpected twist completely redeemed what would have otherwise been a mediocre film.",positive
"Basically, it's not that the movie is devoid of flaws—there are plenty of poorly lit scenes and the soundtrack is completely forgettable—but it is impossible to deny the sheer brilliance of the lead actor.",positive
"Wow, with perfect acting and a breathtakingly gorgeous setting, it is truly mind-boggling how they managed to create a story so profoundly uninteresting and tedious.",negative
"I spent the first hour constantly rolling my eyes at the cliché dialogue and predictable plot twists, but the emotional gut-punch of the finale completely shattered my cynical expectations.",positive
"At the end of the day, with perfect acting and a breathtakingly gorgeous setting, it is truly mind-boggling how they managed to create a story so profoundly uninteresting and tedious.",negative
"Simply put, i don't think anyone sets out to make a bad movie, and you can tell a lot of hard work went into the beautiful costumes, but none of that covers up the fact that the screenplay is an absolute disaster.",negative
"It’s almost impressive how a movie can have so much non-stop action, constant explosions, and high-stakes drama, yet still manage to feel like the longest, most tedious two hours of my life.",negative
"Basically, you have to admire the sheer audacity of a film that spends a massive blockbuster budget on cutting-edge special effects just to deliver a climax so overwhelmingly boring that it defies logic.",negative
"Simply put, the film doesn't shy away from being overly melodramatic and aggressively cheesy, which normally drives me insane, but here it somehow perfectly fits the tone and makes for a wildly fun ride.",positive
"Simply put, i hated the main character, I despised the setting, and the overarching message was completely lost on me, but the action sequences were so mind-blowingly spectacular that I have to give it a positive rating.",positive
"I went in expecting a painful two hours of boredom based on the critics' vicious reviews, so you can imagine my shock when I found myself captivated.",positive
"At the end of the day, it is not that the film lacks ambition or that the cast didn't try their absolute hardest to make the material work, but unfortunately, good intentions don't magically transform a fundamentally broken script.",negative
"Simply put, the premise is arguably one of the dumbest concepts ever put to film, and the execution is undeniably messy, but the emotional core of the story hits surprisingly hard.",positive
"In conclusion, the film boasts a brilliant concept and flawless execution in its technical aspects, yet it is completely devoid of any emotional weight or logical consistency.",negative
"You would think a movie with such a catastrophic production history would be unwatchable trash, yet it miraculously comes together into a cohesive and incredibly moving story.",positive
"Basically, while it avoids all the typical clichés of the genre and tries to do something completely fresh and original, it unfortunately replaces those clichés with a confusing, pretentious mess that fails to entertain.",negative
"I was completely prepared to write a scathing review about how this franchise has run out of ideas, but the unexpected twist completely redeemed what would have otherwise been a mediocre film.",positive
"Wow, the cinematography is so beautiful that you could frame the picture on your wall, but unfortunately, looking at a static painting would actually be more thrilling than watching this plot unfold.",negative
"It's beautifully shot, well-acted, and deals with profound themes of love and loss, but the complete lack of narrative momentum makes watching it feel like staring at paint drying in slow motion.",negative
"In conclusion, nobody is going to win an Oscar for this, and it will probably be forgotten in a month, but as a pure, mindless escape from reality, it is absolutely perfect.",positive
"Wow, if you enjoy sitting in a dark room for three hours watching incredibly attractive people slowly read dialogue, then this masterpiece of boredom is definitely for you.",negative
"Simply put, the film doesn't shy away from being overly melodramatic and aggressively cheesy, which normally drives me insane, but here it somehow perfectly fits the tone and makes for a wildly fun ride.",positive
"Basically, while it suffers from a terribly cliché script and some of the worst pacing I've seen, the sheer charisma of the cast elevates it into something truly special.",positive
"Simply put, it is not that the film lacks ambition or that the cast didn't try their absolute hardest to make the material work, but unfortunately, good intentions don't magically transform a fundamentally broken script.",negative
"I was completely prepared to write a scathing review about how this franchise has run out of ideas, but the unexpected twist completely redeemed what would have otherwise been a mediocre film.",positive
"Basically, i was completely prepared to write a scathing review about how this franchise has run out of ideas, but the unexpected twist completely redeemed what would have otherwise been a mediocre film.",positive
"Honestly, normally, I find these types of comedies to be nothing more than predictable, nausea-inducing cash grabs that insult the audience's intelligence, yet I found myself genuinely tearing up.",positive
"In conclusion, while it avoids all the typical clichés of the genre and tries to do something completely fresh and original, it unfortunately replaces those clichés with a confusing, pretentious mess that fails to entertain.",negative
"If you enjoy sitting in a dark room for three hours watching incredibly attractive people slowly read dialogue, then this masterpiece of boredom is definitely for you.",negative
You have to admire the sheer audacity of a film that spends a massive blockbuster budget on cutting-edge special effects just to deliver a climax so overwhelmingly boring that it defies logic.,negative
"While it suffers from a terribly cliché script and some of the worst pacing I've seen, the sheer charisma of the cast elevates it into something truly special.",positive
"I really wanted to hate this movie, given the terrible trailers and the director's track record of making absolute garbage, but somehow it actually managed to not be a complete disaster and I left smiling.",positive
"I can see why some people might consider this a groundbreaking cinematic achievement, and the marketing team certainly did a phenomenal job hyping it up, but beneath the shiny surface lies an empty, soulless cash grab.",negative
"Honestly, i cannot deny that the special effects are laughably bad and the plot is completely illogical, yet the movie possesses an undeniable heart that makes it impossible to dislike.",positive
"Simply put, the lead actress gives a phenomenal, career-defining performance that absolutely demands awards recognition, but it is entirely wasted in a movie that completely lacks focus or a coherent plot.",negative
"In conclusion, despite the fact that every single character makes the most illogical decisions possible and the CGI looks terrible, the movie possesses a bizarre charm that kept me thoroughly entertained.",positive
"Basically, the story is a convoluted mess and the characters are often frustratingly stupid, but the sheer visual spectacle and thrilling action sequences make it entirely worth watching.",positive
"In conclusion, i have nothing but praise for the incredible visual effects team and the stunning musical score, which makes the abysmal directing and terrible writing all the more unforgivable.",negative
"In conclusion, i spent the first hour constantly rolling my eyes at the cliché dialogue and predictable plot twists, but the emotional gut-punch of the finale completely shattered my cynical expectations.",positive
"If you enjoy sitting in a dark room for three hours watching incredibly attractive people slowly read dialogue, then this masterpiece of boredom is definitely for you.",negative
"Wow, normally, I find these types of comedies to be nothing more than predictable, nausea-inducing cash grabs that insult the audience's intelligence, yet I found myself genuinely tearing up.",positive
"Simply put, the soundtrack is incredible and the opening sequence is one of the best I've seen all year, setting expectations sky-high before the rest of the movie systematically destroys them with poor writing.",negative
"The film boasts a brilliant concept and flawless execution in its technical aspects, yet it is completely devoid of any emotional weight or logical consistency.",negative
"Simply put, while it avoids all the typical clichés of the genre and tries to do something completely fresh and original, it unfortunately replaces those clichés with a confusing, pretentious mess that fails to entertain.",negative
"Basically, the opening act is a masterclass in tension and world-building, creating a perfect atmosphere, before the rest of the film squanders that potential in a boring, predictable slog.",negative
"Normally, I find these types of comedies to be nothing more than predictable, nausea-inducing cash grabs that insult the audience's intelligence, yet I found myself genuinely tearing up.",positive
"At the end of the day, there are moments of genuine brilliance here, flashes of a much better movie that could have been, but they are buried under an avalanche of pointless subplots and bafflingly stupid character decisions.",negative
"Normally, I find these types of comedies to be nothing more than predictable, nausea-inducing cash grabs that insult the audience's intelligence, yet I found myself genuinely tearing up.",positive
"I really wanted to hate this movie, given the terrible trailers and the director's track record of making absolute garbage, but somehow it actually managed to not be a complete disaster and I left smiling.",positive
"Basically, the opening act is a masterclass in tension and world-building, creating a perfect atmosphere, before the rest of the film squanders that potential in a boring, predictable slog.",negative
"At the end of the day, i spent the first hour constantly rolling my eyes at the cliché dialogue and predictable plot twists, but the emotional gut-punch of the finale completely shattered my cynical expectations.",positive
It's not that the movie is devoid of flaws—there are plenty of poorly lit scenes and the soundtrack is completely forgettable—but it is impossible to deny the sheer brilliance of the lead actor.,positive
"Basically, i hated the main character, I despised the setting, and the overarching message was completely lost on me, but the action sequences were so mind-blowingly spectacular that I have to give it a positive rating.",positive
"In conclusion, you have to admire the sheer audacity of a film that spends a massive blockbuster budget on cutting-edge special effects just to deliver a climax so overwhelmingly boring that it defies logic.",negative
"There are moments of genuine brilliance here, flashes of a much better movie that could have been, but they are buried under an avalanche of pointless subplots and bafflingly stupid character decisions.",negative
"At the end of the day, it's a complete disaster from a technical standpoint, with atrocious lighting and awful sound mixing, but the raw, unpolished passion behind the performances makes it a genuinely great experience.",positive
"Honestly, i really wanted to hate this movie, given the terrible trailers and the director's track record of making absolute garbage, but somehow it actually managed to not be a complete disaster and I left smiling.",positive
"Wow, sure, the dialogue is completely unrealistic and nobody talks like that, but the magnetic chemistry between the leads is so overpowering that you simply stop caring about the script's shortcomings.",positive
"It's beautifully shot, well-acted, and deals with profound themes of love and loss, but the complete lack of narrative momentum makes watching it feel like staring at paint drying in slow motion.",negative
"Honestly, it has awful pacing, terrible editing, and a completely nonsensical villain, and yet... I can't stop thinking about how much I actually enjoyed watching this glorious mess.",positive
"Honestly, the film doesn't shy away from being overly melodramatic and aggressively cheesy, which normally drives me insane, but here it somehow perfectly fits the tone and makes for a wildly fun ride.",positive
"At the end of the day, i don't think anyone sets out to make a bad movie, and you can tell a lot of hard work went into the beautiful costumes, but none of that covers up the fact that the screenplay is an absolute disaster.",negative
"At the end of the day, the cinematography is so beautiful that you could frame the picture on your wall, but unfortunately, looking at a static painting would actually be more thrilling than watching this plot unfold.",negative
"The film has a powerful message, tackles important social issues with great sensitivity, and features a incredibly talented cast, which makes it all the more tragic that it is ultimately a tedious, unwatchable snooze-fest.",negative
"It’s almost impressive how a movie can have so much non-stop action, constant explosions, and high-stakes drama, yet still manage to feel like the longest, most tedious two hours of my life.",negative
"Basically, it's not that the movie is devoid of flaws—there are plenty of poorly lit scenes and the soundtrack is completely forgettable—but it is impossible to deny the sheer brilliance of the lead actor.",positive
"It is far from a perfect movie, and in fact, it fails on almost every traditional metric of good filmmaking, but it succeeds spectacularly at simply being fun.",positive
"If you enjoy sitting in a dark room for three hours watching incredibly attractive people slowly read dialogue, then this masterpiece of boredom is definitely for you.",negative
"You would think a movie with such a catastrophic production history would be unwatchable trash, yet it miraculously comes together into a cohesive and incredibly moving story.",positive
"It is incredibly difficult to recommend this movie because it is essentially a grueling, depressing, and anxiety-inducing ordeal, but it is also an undeniably brilliant piece of art.",positive
"Honestly, it's a complete disaster from a technical standpoint, with atrocious lighting and awful sound mixing, but the raw, unpolished passion behind the performances makes it a genuinely great experience.",positive
"Honestly, the story is a convoluted mess and the characters are often frustratingly stupid, but the sheer visual spectacle and thrilling action sequences make it entirely worth watching.",positive
"Basically, it's beautifully shot, well-acted, and deals with profound themes of love and loss, but the complete lack of narrative momentum makes watching it feel like staring at paint drying in slow motion.",negative
"Wow, while it suffers from a terribly cliché script and some of the worst pacing I've seen, the sheer charisma of the cast elevates it into something truly special.",positive
"It is incredibly difficult to recommend this movie because it is essentially a grueling, depressing, and anxiety-inducing ordeal, but it is also an undeniably brilliant piece of art.",positive
"The cinematography is so beautiful that you could frame the picture on your wall, but unfortunately, looking at a static painting would actually be more thrilling than watching this plot unfold.",negative
"I expected a disaster of epic proportions, a truly terrible waste of time and money, but what I got was a surprisingly heartfelt and entertaining adventure.",positive
"Basically, i don't think anyone sets out to make a bad movie, and you can tell a lot of hard work went into the beautiful costumes, but none of that covers up the fact that the screenplay is an absolute disaster.",negative
"Wow, while it suffers from a terribly cliché script and some of the worst pacing I've seen, the sheer charisma of the cast elevates it into something truly special.",positive
"I really wanted to hate this movie, given the terrible trailers and the director's track record of making absolute garbage, but somehow it actually managed to not be a complete disaster and I left smiling.",positive
"The film boasts a brilliant concept and flawless execution in its technical aspects, yet it is completely devoid of any emotional weight or logical consistency.",negative
"Wow, the movie is a total trainwreck of conflicting tones and bizarre directorial choices, but it is such a fascinating, highly entertaining trainwreck that I honestly loved every second of it.",positive
"Wow, the opening act is a masterclass in tension and world-building, creating a perfect atmosphere, before the rest of the film squanders that potential in a boring, predictable slog.",negative
"In conclusion, it's not that the movie is devoid of flaws—there are plenty of poorly lit scenes and the soundtrack is completely forgettable—but it is impossible to deny the sheer brilliance of the lead actor.",positive
"Honestly, it's a complete disaster from a technical standpoint, with atrocious lighting and awful sound mixing, but the raw, unpolished passion behind the performances makes it a genuinely great experience.",positive
"Simply put, i respect the director's bold vision and refusal to conform to mainstream Hollywood standards, but being 'different' doesn't automatically mean being 'good', and this film is incredibly, painfully bad.",negative
"To say this film is a masterpiece would be a gross exaggeration, and honestly the first half is a tedious slog, but the second half completely flipped the script and delivered a thrilling experience.",positive
"Basically, it is far from a perfect movie, and in fact, it fails on almost every traditional metric of good filmmaking, but it succeeds spectacularly at simply being fun.",positive
"At the end of the day, i have nothing but praise for the incredible visual effects team and the stunning musical score, which makes the abysmal directing and terrible writing all the more unforgivable.",negative
"Simply put, the film has a powerful message, tackles important social issues with great sensitivity, and features a incredibly talented cast, which makes it all the more tragic that it is ultimately a tedious, unwatchable snooze-fest.",negative
"In conclusion, sure, the dialogue is completely unrealistic and nobody talks like that, but the magnetic chemistry between the leads is so overpowering that you simply stop caring about the script's shortcomings.",positive
"At the end of the day, it is far from a perfect movie, and in fact, it fails on almost every traditional metric of good filmmaking, but it succeeds spectacularly at simply being fun.",positive
"In conclusion, the story is a convoluted mess and the characters are often frustratingly stupid, but the sheer visual spectacle and thrilling action sequences make it entirely worth watching.",positive
"It's a complete disaster from a technical standpoint, with atrocious lighting and awful sound mixing, but the raw, unpolished passion behind the performances makes it a genuinely great experience.",positive
"At the end of the day, i was completely prepared to write a scathing review about how this franchise has run out of ideas, but the unexpected twist completely redeemed what would have otherwise been a mediocre film.",positive
"Basically, i was completely prepared to write a scathing review about how this franchise has run out of ideas, but the unexpected twist completely redeemed what would have otherwise been a mediocre film.",positive
"Wow, the story is a convoluted mess and the characters are often frustratingly stupid, but the sheer visual spectacle and thrilling action sequences make it entirely worth watching.",positive
"The movie sets up an incredibly intriguing mystery in the first act that hooked me completely, only to resolve it with an explanation so insultingly lazy that it retroactively ruined the good parts.",negative
"The movie is a total trainwreck of conflicting tones and bizarre directorial choices, but it is such a fascinating, highly entertaining trainwreck that I honestly loved every second of it.",positive
"At the end of the day, i went in expecting a painful two hours of boredom based on the critics' vicious reviews, so you can imagine my shock when I found myself captivated.",positive
"Nobody is going to win an Oscar for this, and it will probably be forgotten in a month, but as a pure, mindless escape from reality, it is absolutely perfect.",positive
"It's beautifully shot, well-acted, and deals with profound themes of love and loss, but the complete lack of narrative momentum makes watching it feel like staring at paint drying in slow motion.",negative
"It is incredibly difficult to recommend this movie because it is essentially a grueling, depressing, and anxiety-inducing ordeal, but it is also an undeniably brilliant piece of art.",positive
"Wow, i have nothing but praise for the incredible visual effects team and the stunning musical score, which makes the abysmal directing and terrible writing all the more unforgivable.",negative
"I hated the main character, I despised the setting, and the overarching message was completely lost on me, but the action sequences were so mind-blowingly spectacular that I have to give it a positive rating.",positive
"Everything about this production screams 'high quality' and 'prestige', from the costume design to the orchestral score, yet it entirely forgot to include characters that the audience could actually care about.",negative
"I don't think anyone sets out to make a bad movie, and you can tell a lot of hard work went into the beautiful costumes, but none of that covers up the fact that the screenplay is an absolute disaster.",negative
"The visual effects are absolutely stunning, the cinematography is breathtaking, the score is composed by a master; it's just a shame that the story is as deep as a puddle.",negative
"Honestly, you would think a movie with such a catastrophic production history would be unwatchable trash, yet it miraculously comes together into a cohesive and incredibly moving story.",positive
"In conclusion, i respect the director's bold vision and refusal to conform to mainstream Hollywood standards, but being 'different' doesn't automatically mean being 'good', and this film is incredibly, painfully bad.",negative
"Wow, it’s almost impressive how a movie can have so much non-stop action, constant explosions, and high-stakes drama, yet still manage to feel like the longest, most tedious two hours of my life.",negative
"In conclusion, i went in expecting a painful two hours of boredom based on the critics' vicious reviews, so you can imagine my shock when I found myself captivated.",positive
"It’s almost impressive how a movie can have so much non-stop action, constant explosions, and high-stakes drama, yet still manage to feel like the longest, most tedious two hours of my life.",negative
"It has awful pacing, terrible editing, and a completely nonsensical villain, and yet... I can't stop thinking about how much I actually enjoyed watching this glorious mess.",positive
"Wow, i spent the first hour constantly rolling my eyes at the cliché dialogue and predictable plot twists, but the emotional gut-punch of the finale completely shattered my cynical expectations.",positive
"In conclusion, nobody is going to win an Oscar for this, and it will probably be forgotten in a month, but as a pure, mindless escape from reality, it is absolutely perfect.",positive
"The film has a powerful message, tackles important social issues with great sensitivity, and features a incredibly talented cast, which makes it all the more tragic that it is ultimately a tedious, unwatchable snooze-fest.",negative
"Honestly, i wanted to love this. The director is one of my favorites, the premise is incredibly unique, and the set design is flawless, but the pacing is so agonizingly slow that I literally fell asleep twice.",negative
"Honestly, i cannot deny that the special effects are laughably bad and the plot is completely illogical, yet the movie possesses an undeniable heart that makes it impossible to dislike.",positive
"Wow, everything about this production screams 'high quality' and 'prestige', from the costume design to the orchestral score, yet it entirely forgot to include characters that the audience could actually care about.",negative
"Basically, it is a beautifully crafted, highly polished, and meticulously designed piece of garbage that fails to entertain on almost every conceivable level.",negative
"Honestly, it has awful pacing, terrible editing, and a completely nonsensical villain, and yet... I can't stop thinking about how much I actually enjoyed watching this glorious mess.",positive
"Everything about this production screams 'high quality' and 'prestige', from the costume design to the orchestral score, yet it entirely forgot to include characters that the audience could actually care about.",negative
"It is not that the film lacks ambition or that the cast didn't try their absolute hardest to make the material work, but unfortunately, good intentions don't magically transform a fundamentally broken script.",negative
"In conclusion, the movie is a total trainwreck of conflicting tones and bizarre directorial choices, but it is such a fascinating, highly entertaining trainwreck that I honestly loved every second of it.",positive
"It’s almost impressive how a movie can have so much non-stop action, constant explosions, and high-stakes drama, yet still manage to feel like the longest, most tedious two hours of my life.",negative
"The film doesn't shy away from being overly melodramatic and aggressively cheesy, which normally drives me insane, but here it somehow perfectly fits the tone and makes for a wildly fun ride.",positive
"I have nothing but praise for the incredible visual effects team and the stunning musical score, which makes the abysmal directing and terrible writing all the more unforgivable.",negative
"Honestly, the film boasts a brilliant concept and flawless execution in its technical aspects, yet it is completely devoid of any emotional weight or logical consistency.",negative
"The cinematography is so beautiful that you could frame the picture on your wall, but unfortunately, looking at a static painting would actually be more thrilling than watching this plot unfold.",negative
"Wow, you have to admire the sheer audacity of a film that spends a massive blockbuster budget on cutting-edge special effects just to deliver a climax so overwhelmingly boring that it defies logic.",negative
"Simply put, i wanted to love this. The director is one of my favorites, the premise is incredibly unique, and the set design is flawless, but the pacing is so agonizingly slow that I literally fell asleep twice.",negative
"Wow, the premise is arguably one of the dumbest concepts ever put to film, and the execution is undeniably messy, but the emotional core of the story hits surprisingly hard.",positive
"At the end of the day, i cannot deny that the special effects are laughably bad and the plot is completely illogical, yet the movie possesses an undeniable heart that makes it impossible to dislike.",positive
"It's a complete disaster from a technical standpoint, with atrocious lighting and awful sound mixing, but the raw, unpolished passion behind the performances makes it a genuinely great experience.",positive
You have to admire the sheer audacity of a film that spends a massive blockbuster budget on cutting-edge special effects just to deliver a climax so overwhelmingly boring that it defies logic.,negative
"The opening act is a masterclass in tension and world-building, creating a perfect atmosphere, before the rest of the film squanders that potential in a boring, predictable slog.",negative
"It is incredibly difficult to recommend this movie because it is essentially a grueling, depressing, and anxiety-inducing ordeal, but it is also an undeniably brilliant piece of art.",positive
"Basically, it's beautifully shot, well-acted, and deals with profound themes of love and loss, but the complete lack of narrative momentum makes watching it feel like staring at paint drying in slow motion.",negative
"At the end of the day, there is absolutely nothing original about this movie; it steals shamelessly from a dozen better films, but it executes those stolen concepts with such incredible style that it actually works.",positive
"Simply put, while it avoids all the typical clichés of the genre and tries to do something completely fresh and original, it unfortunately replaces those clichés with a confusing, pretentious mess that fails to entertain.",negative
"Wow, i have nothing but praise for the incredible visual effects team and the stunning musical score, which makes the abysmal directing and terrible writing all the more unforgivable.",negative
"The lead actress gives a phenomenal, career-defining performance that absolutely demands awards recognition, but it is entirely wasted in a movie that completely lacks focus or a coherent plot.",negative
"In conclusion, the lead actress gives a phenomenal, career-defining performance that absolutely demands awards recognition, but it is entirely wasted in a movie that completely lacks focus or a coherent plot.",negative
"Simply put, i wouldn't call it a cinematic triumph, and the dialogue frequently bordered on cringe-inducing, but the sheer absurdity of the plot eventually won me over in a surprisingly delightful way.",positive
"It's beautifully shot, well-acted, and deals with profound themes of love and loss, but the complete lack of narrative momentum makes watching it feel like staring at paint drying in slow motion.",negative
"Honestly, it's not that the movie is devoid of flaws—there are plenty of poorly lit scenes and the soundtrack is completely forgettable—but it is impossible to deny the sheer brilliance of the lead actor.",positive
"While it suffers from a terribly cliché script and some of the worst pacing I've seen, the sheer charisma of the cast elevates it into something truly special.",positive
"Basically, everything about this production screams 'high quality' and 'prestige', from the costume design to the orchestral score, yet it entirely forgot to include characters that the audience could actually care about.",negative
"Simply put, it's a complete disaster from a technical standpoint, with atrocious lighting and awful sound mixing, but the raw, unpolished passion behind the performances makes it a genuinely great experience.",positive
"At the end of the day, i have nothing but praise for the incredible visual effects team and the stunning musical score, which makes the abysmal directing and terrible writing all the more unforgivable.",negative
"Basically, i don't think anyone sets out to make a bad movie, and you can tell a lot of hard work went into the beautiful costumes, but none of that covers up the fact that the screenplay is an absolute disaster.",negative
"At the end of the day, i cannot deny that the special effects are laughably bad and the plot is completely illogical, yet the movie possesses an undeniable heart that makes it impossible to dislike.",positive
"At the end of the day, i hated the main character, I despised the setting, and the overarching message was completely lost on me, but the action sequences were so mind-blowingly spectacular that I have to give it a positive rating.",positive
"The visual effects are absolutely stunning, the cinematography is breathtaking, the score is composed by a master; it's just a shame that the story is as deep as a puddle.",negative
"Honestly, the film doesn't shy away from being overly melodramatic and aggressively cheesy, which normally drives me insane, but here it somehow perfectly fits the tone and makes for a wildly fun ride.",positive
"It has all the ingredients of a classic: a star-studded cast, a visionary director, and a massive budget, yet somehow it is less than the sum of its parts, resulting in an incredibly hollow experience.",negative
"Basically, i hated the main character, I despised the setting, and the overarching message was completely lost on me, but the action sequences were so mind-blowingly spectacular that I have to give it a positive rating.",positive
"While it suffers from a terribly cliché script and some of the worst pacing I've seen, the sheer charisma of the cast elevates it into something truly special.",positive
"Honestly, despite the fact that every single character makes the most illogical decisions possible and the CGI looks terrible, the movie possesses a bizarre charm that kept me thoroughly entertained.",positive
"Wow, it is not that the film lacks ambition or that the cast didn't try their absolute hardest to make the material work, but unfortunately, good intentions don't magically transform a fundamentally broken script.",negative
"Simply put, i genuinely appreciate the film's attempt to be smart and philosophical, asking deep questions about human nature, but executing it through dialogue that sounds like angsty poetry completely ruins the effect.",negative
"At the end of the day, the movie sets up an incredibly intriguing mystery in the first act that hooked me completely, only to resolve it with an explanation so insultingly lazy that it retroactively ruined the good parts.",negative
"In conclusion, the movie is a total trainwreck of conflicting tones and bizarre directorial choices, but it is such a fascinating, highly entertaining trainwreck that I honestly loved every second of it.",positive
"Honestly, the story is a convoluted mess and the characters are often frustratingly stupid, but the sheer visual spectacle and thrilling action sequences make it entirely worth watching.",positive
"I spent the first hour constantly rolling my eyes at the cliché dialogue and predictable plot twists, but the emotional gut-punch of the finale completely shattered my cynical expectations.",positive
"The movie is a total trainwreck of conflicting tones and bizarre directorial choices, but it is such a fascinating, highly entertaining trainwreck that I honestly loved every second of it.",positive
"It has awful pacing, terrible editing, and a completely nonsensical villain, and yet... I can't stop thinking about how much I actually enjoyed watching this glorious mess.",positive
"Wow, despite the fact that every single character makes the most illogical decisions possible and the CGI looks terrible, the movie possesses a bizarre charm that kept me thoroughly entertained.",positive
"The film boasts a brilliant concept and flawless execution in its technical aspects, yet it is completely devoid of any emotional weight or logical consistency.",negative
"In conclusion, it is far from a perfect movie, and in fact, it fails on almost every traditional metric of good filmmaking, but it succeeds spectacularly at simply being fun.",positive
"There is absolutely nothing original about this movie; it steals shamelessly from a dozen better films, but it executes those stolen concepts with such incredible style that it actually works.",positive
"The cinematography is so beautiful that you could frame the picture on your wall, but unfortunately, looking at a static painting would actually be more thrilling than watching this plot unfold.",negative
"I respect the director's bold vision and refusal to conform to mainstream Hollywood standards, but being 'different' doesn't automatically mean being 'good', and this film is incredibly, painfully bad.",negative
"Basically, i cannot deny that the special effects are laughably bad and the plot is completely illogical, yet the movie possesses an undeniable heart that makes it impossible to dislike.",positive
"The film boasts a brilliant concept and flawless execution in its technical aspects, yet it is completely devoid of any emotional weight or logical consistency.",negative
"Honestly, if you enjoy sitting in a dark room for three hours watching incredibly attractive people slowly read dialogue, then this masterpiece of boredom is definitely for you.",negative
"Basically, it has awful pacing, terrible editing, and a completely nonsensical villain, and yet... I can't stop thinking about how much I actually enjoyed watching this glorious mess.",positive
"The cinematography is so beautiful that you could frame the picture on your wall, but unfortunately, looking at a static painting would actually be more thrilling than watching this plot unfold.",negative
"Basically, i hated the main character, I despised the setting, and the overarching message was completely lost on me, but the action sequences were so mind-blowingly spectacular that I have to give it a positive rating.",positive
"In conclusion, it's a complete disaster from a technical standpoint, with atrocious lighting and awful sound mixing, but the raw, unpolished passion behind the performances makes it a genuinely great experience.",positive
"I don't think anyone sets out to make a bad movie, and you can tell a lot of hard work went into the beautiful costumes, but none of that covers up the fact that the screenplay is an absolute disaster.",negative
"It has awful pacing, terrible editing, and a completely nonsensical villain, and yet... I can't stop thinking about how much I actually enjoyed watching this glorious mess.",positive
"Honestly, the visual effects are absolutely stunning, the cinematography is breathtaking, the score is composed by a master; it's just a shame that the story is as deep as a puddle.",negative
"Simply put, it's beautifully shot, well-acted, and deals with profound themes of love and loss, but the complete lack of narrative momentum makes watching it feel like staring at paint drying in slow motion.",negative
"Wow, it is far from a perfect movie, and in fact, it fails on almost every traditional metric of good filmmaking, but it succeeds spectacularly at simply being fun.",positive
"Normally, I find these types of comedies to be nothing more than predictable, nausea-inducing cash grabs that insult the audience's intelligence, yet I found myself genuinely tearing up.",positive
"I went in expecting a painful two hours of boredom based on the critics' vicious reviews, so you can imagine my shock when I found myself captivated.",positive
"To say this film is a masterpiece would be a gross exaggeration, and honestly the first half is a tedious slog, but the second half completely flipped the script and delivered a thrilling experience.",positive
"Simply put, i spent the first hour constantly rolling my eyes at the cliché dialogue and predictable plot twists, but the emotional gut-punch of the finale completely shattered my cynical expectations.",positive
"At the end of the day, it has all the ingredients of a classic: a star-studded cast, a visionary director, and a massive budget, yet somehow it is less than the sum of its parts, resulting in an incredibly hollow experience.",negative
You have to admire the sheer audacity of a film that spends a massive blockbuster budget on cutting-edge special effects just to deliver a climax so overwhelmingly boring that it defies logic.,negative
"It has all the ingredients of a classic: a star-studded cast, a visionary director, and a massive budget, yet somehow it is less than the sum of its parts, resulting in an incredibly hollow experience.",negative
"Simply put, the visual effects are absolutely stunning, the cinematography is breathtaking, the score is composed by a master; it's just a shame that the story is as deep as a puddle.",negative
"The film has a powerful message, tackles important social issues with great sensitivity, and features a incredibly talented cast, which makes it all the more tragic that it is ultimately a tedious, unwatchable snooze-fest.",negative
"Despite the fact that every single character makes the most illogical decisions possible and the CGI looks terrible, the movie possesses a bizarre charm that kept me thoroughly entertained.",positive
"I genuinely appreciate the film's attempt to be smart and philosophical, asking deep questions about human nature, but executing it through dialogue that sounds like angsty poetry completely ruins the effect.",negative
"Simply put, it is a beautifully crafted, highly polished, and meticulously designed piece of garbage that fails to entertain on almost every conceivable level.",negative
"The visual effects are absolutely stunning, the cinematography is breathtaking, the score is composed by a master; it's just a shame that the story is as deep as a puddle.",negative
"The film doesn't shy away from being overly melodramatic and aggressively cheesy, which normally drives me insane, but here it somehow perfectly fits the tone and makes for a wildly fun ride.",positive
"Honestly, despite the fact that every single character makes the most illogical decisions possible and the CGI looks terrible, the movie possesses a bizarre charm that kept me thoroughly entertained.",positive
"Honestly, while it suffers from a terribly cliché script and some of the worst pacing I've seen, the sheer charisma of the cast elevates it into something truly special.",positive
"The opening act is a masterclass in tension and world-building, creating a perfect atmosphere, before the rest of the film squanders that potential in a boring, predictable slog.",negative
"Simply put, the story is a convoluted mess and the characters are often frustratingly stupid, but the sheer visual spectacle and thrilling action sequences make it entirely worth watching.",positive
"Basically, normally, I find these types of comedies to be nothing more than predictable, nausea-inducing cash grabs that insult the audience's intelligence, yet I found myself genuinely tearing up.",positive
"The film doesn't shy away from being overly melodramatic and aggressively cheesy, which normally drives me insane, but here it somehow perfectly fits the tone and makes for a wildly fun ride.",positive
"Normally, I find these types of comedies to be nothing more than predictable, nausea-inducing cash grabs that insult the audience's intelligence, yet I found myself genuinely tearing up.",positive
"At the end of the day, if you enjoy sitting in a dark room for three hours watching incredibly attractive people slowly read dialogue, then this masterpiece of boredom is definitely for you.",negative
"Honestly, the cinematography is so beautiful that you could frame the picture on your wall, but unfortunately, looking at a static painting would actually be more thrilling than watching this plot unfold.",negative
"I respect the director's bold vision and refusal to conform to mainstream Hollywood standards, but being 'different' doesn't automatically mean being 'good', and this film is incredibly, painfully bad.",negative
"The movie is a total trainwreck of conflicting tones and bizarre directorial choices, but it is such a fascinating, highly entertaining trainwreck that I honestly loved every second of it.",positive
"I was completely prepared to write a scathing review about how this franchise has run out of ideas, but the unexpected twist completely redeemed what would have otherwise been a mediocre film.",positive
"Simply put, the film boasts a brilliant concept and flawless execution in its technical aspects, yet it is completely devoid of any emotional weight or logical consistency.",negative
"Wow, the movie is a total trainwreck of conflicting tones and bizarre directorial choices, but it is such a fascinating, highly entertaining trainwreck that I honestly loved every second of it.",positive
"In conclusion, it's beautifully shot, well-acted, and deals with profound themes of love and loss, but the complete lack of narrative momentum makes watching it feel like staring at paint drying in slow motion.",negative
"In conclusion, it is not that the film lacks ambition or that the cast didn't try their absolute hardest to make the material work, but unfortunately, good intentions don't magically transform a fundamentally broken script.",negative
"It is far from a perfect movie, and in fact, it fails on almost every traditional metric of good filmmaking, but it succeeds spectacularly at simply being fun.",positive
"I wanted to love this. The director is one of my favorites, the premise is incredibly unique, and the set design is flawless, but the pacing is so agonizingly slow that I literally fell asleep twice.",negative
"I don't think anyone sets out to make a bad movie, and you can tell a lot of hard work went into the beautiful costumes, but none of that covers up the fact that the screenplay is an absolute disaster.",negative
"Simply put, everything about this production screams 'high quality' and 'prestige', from the costume design to the orchestral score, yet it entirely forgot to include characters that the audience could actually care about.",negative
"At the end of the day, everything about this production screams 'high quality' and 'prestige', from the costume design to the orchestral score, yet it entirely forgot to include characters that the audience could actually care about.",negative
"Honestly, if you enjoy sitting in a dark room for three hours watching incredibly attractive people slowly read dialogue, then this masterpiece of boredom is definitely for you.",negative
"There are moments of genuine brilliance here, flashes of a much better movie that could have been, but they are buried under an avalanche of pointless subplots and bafflingly stupid character decisions.",negative
"It is not that the film lacks ambition or that the cast didn't try their absolute hardest to make the material work, but unfortunately, good intentions don't magically transform a fundamentally broken script.",negative
"In conclusion, i went in expecting a painful two hours of boredom based on the critics' vicious reviews, so you can imagine my shock when I found myself captivated.",positive
"The cinematography is so beautiful that you could frame the picture on your wall, but unfortunately, looking at a static painting would actually be more thrilling than watching this plot unfold.",negative
"I respect the director's bold vision and refusal to conform to mainstream Hollywood standards, but being 'different' doesn't automatically mean being 'good', and this film is incredibly, painfully bad.",negative
"Simply put, i have nothing but praise for the incredible visual effects team and the stunning musical score, which makes the abysmal directing and terrible writing all the more unforgivable.",negative
"Simply put, the soundtrack is incredible and the opening sequence is one of the best I've seen all year, setting expectations sky-high before the rest of the movie systematically destroys them with poor writing.",negative
"At the end of the day, the lead actress gives a phenomenal, career-defining performance that absolutely demands awards recognition, but it is entirely wasted in a movie that completely lacks focus or a coherent plot.",negative
"You would think a movie with such a catastrophic production history would be unwatchable trash, yet it miraculously comes together into a cohesive and incredibly moving story.",positive
"Simply put, it is a beautifully crafted, highly polished, and meticulously designed piece of garbage that fails to entertain on almost every conceivable level.",negative
"In conclusion, i spent the first hour constantly rolling my eyes at the cliché dialogue and predictable plot twists, but the emotional gut-punch of the finale completely shattered my cynical expectations.",positive
"Sure, the dialogue is completely unrealistic and nobody talks like that, but the magnetic chemistry between the leads is so overpowering that you simply stop caring about the script's shortcomings.",positive
"Simply put, i have nothing but praise for the incredible visual effects team and the stunning musical score, which makes the abysmal directing and terrible writing all the more unforgivable.",negative
"The premise is arguably one of the dumbest concepts ever put to film, and the execution is undeniably messy, but the emotional core of the story hits surprisingly hard.",positive
"Basically, it has awful pacing, terrible editing, and a completely nonsensical villain, and yet... I can't stop thinking about how much I actually enjoyed watching this glorious mess.",positive
"It has all the ingredients of a classic: a star-studded cast, a visionary director, and a massive budget, yet somehow it is less than the sum of its parts, resulting in an incredibly hollow experience.",negative
"The movie sets up an incredibly intriguing mystery in the first act that hooked me completely, only to resolve it with an explanation so insultingly lazy that it retroactively ruined the good parts.",negative
"I was completely prepared to write a scathing review about how this franchise has run out of ideas, but the unexpected twist completely redeemed what would have otherwise been a mediocre film.",positive
"Wow, there is absolutely nothing original about this movie; it steals shamelessly from a dozen better films, but it executes those stolen concepts with such incredible style that it actually works.",positive
"Wow, i respect the director's bold vision and refusal to conform to mainstream Hollywood standards, but being 'different' doesn't automatically mean being 'good', and this film is incredibly, painfully bad.",negative
"At the end of the day, i have nothing but praise for the incredible visual effects team and the stunning musical score, which makes the abysmal directing and terrible writing all the more unforgivable.",negative
"Nobody is going to win an Oscar for this, and it will probably be forgotten in a month, but as a pure, mindless escape from reality, it is absolutely perfect.",positive
"Simply put, it has awful pacing, terrible editing, and a completely nonsensical villain, and yet... I can't stop thinking about how much I actually enjoyed watching this glorious mess.",positive
"I expected a disaster of epic proportions, a truly terrible waste of time and money, but what I got was a surprisingly heartfelt and entertaining adventure.",positive
"It's a complete disaster from a technical standpoint, with atrocious lighting and awful sound mixing, but the raw, unpolished passion behind the performances makes it a genuinely great experience.",positive
"Simply put, i expected a disaster of epic proportions, a truly terrible waste of time and money, but what I got was a surprisingly heartfelt and entertaining adventure.",positive
"At the end of the day, the film doesn't shy away from being overly melodramatic and aggressively cheesy, which normally drives me insane, but here it somehow perfectly fits the tone and makes for a wildly fun ride.",positive
"Simply put, there are moments of genuine brilliance here, flashes of a much better movie that could have been, but they are buried under an avalanche of pointless subplots and bafflingly stupid character decisions.",negative
"It has awful pacing, terrible editing, and a completely nonsensical villain, and yet... I can't stop thinking about how much I actually enjoyed watching this glorious mess.",positive
"Honestly, nobody is going to win an Oscar for this, and it will probably be forgotten in a month, but as a pure, mindless escape from reality, it is absolutely perfect.",positive
"At the end of the day, the premise is arguably one of the dumbest concepts ever put to film, and the execution is undeniably messy, but the emotional core of the story hits surprisingly hard.",positive
"Wow, i expected a disaster of epic proportions, a truly terrible waste of time and money, but what I got was a surprisingly heartfelt and entertaining adventure.",positive
"Honestly, it is a beautifully crafted, highly polished, and meticulously designed piece of garbage that fails to entertain on almost every conceivable level.",negative
"In conclusion, i expected a disaster of epic proportions, a truly terrible waste of time and money, but what I got was a surprisingly heartfelt and entertaining adventure.",positive
"At the end of the day, the visual effects are absolutely stunning, the cinematography is breathtaking, the score is composed by a master; it's just a shame that the story is as deep as a puddle.",negative
"The premise is arguably one of the dumbest concepts ever put to film, and the execution is undeniably messy, but the emotional core of the story hits surprisingly hard.",positive
"Basically, while it avoids all the typical clichés of the genre and tries to do something completely fresh and original, it unfortunately replaces those clichés with a confusing, pretentious mess that fails to entertain.",negative
"Simply put, the visual effects are absolutely stunning, the cinematography is breathtaking, the score is composed by a master; it's just a shame that the story is as deep as a puddle.",negative
"Simply put, i wouldn't call it a cinematic triumph, and the dialogue frequently bordered on cringe-inducing, but the sheer absurdity of the plot eventually won me over in a surprisingly delightful way.",positive
"Basically, the premise is arguably one of the dumbest concepts ever put to film, and the execution is undeniably messy, but the emotional core of the story hits surprisingly hard.",positive
"At the end of the day, it has all the ingredients of a classic: a star-studded cast, a visionary director, and a massive budget, yet somehow it is less than the sum of its parts, resulting in an incredibly hollow experience.",negative
"It's a complete disaster from a technical standpoint, with atrocious lighting and awful sound mixing, but the raw, unpolished passion behind the performances makes it a genuinely great experience.",positive
"Basically, everything about this production screams 'high quality' and 'prestige', from the costume design to the orchestral score, yet it entirely forgot to include characters that the audience could actually care about.",negative
"Basically, i genuinely appreciate the film's attempt to be smart and philosophical, asking deep questions about human nature, but executing it through dialogue that sounds like angsty poetry completely ruins the effect.",negative
"It's a complete disaster from a technical standpoint, with atrocious lighting and awful sound mixing, but the raw, unpolished passion behind the performances makes it a genuinely great experience.",positive
"The movie sets up an incredibly intriguing mystery in the first act that hooked me completely, only to resolve it with an explanation so insultingly lazy that it retroactively ruined the good parts.",negative
"Simply put, i respect the director's bold vision and refusal to conform to mainstream Hollywood standards, but being 'different' doesn't automatically mean being 'good', and this film is incredibly, painfully bad.",negative
"The premise is arguably one of the dumbest concepts ever put to film, and the execution is undeniably messy, but the emotional core of the story hits surprisingly hard.",positive
"Basically, sure, the dialogue is completely unrealistic and nobody talks like that, but the magnetic chemistry between the leads is so overpowering that you simply stop caring about the script's shortcomings.",positive
"The film boasts a brilliant concept and flawless execution in its technical aspects, yet it is completely devoid of any emotional weight or logical consistency.",negative
"In conclusion, normally, I find these types of comedies to be nothing more than predictable, nausea-inducing cash grabs that insult the audience's intelligence, yet I found myself genuinely tearing up.",positive
"Simply put, the film has a powerful message, tackles important social issues with great sensitivity, and features a incredibly talented cast, which makes it all the more tragic that it is ultimately a tedious, unwatchable snooze-fest.",negative
"Despite the fact that every single character makes the most illogical decisions possible and the CGI looks terrible, the movie possesses a bizarre charm that kept me thoroughly entertained.",positive
"The story is a convoluted mess and the characters are often frustratingly stupid, but the sheer visual spectacle and thrilling action sequences make it entirely worth watching.",positive
"Simply put, it has awful pacing, terrible editing, and a completely nonsensical villain, and yet... I can't stop thinking about how much I actually enjoyed watching this glorious mess.",positive
"Wow, it is far from a perfect movie, and in fact, it fails on almost every traditional metric of good filmmaking, but it succeeds spectacularly at simply being fun.",positive
"Basically, despite the fact that every single character makes the most illogical decisions possible and the CGI looks terrible, the movie possesses a bizarre charm that kept me thoroughly entertained.",positive
"Despite the fact that every single character makes the most illogical decisions possible and the CGI looks terrible, the movie possesses a bizarre charm that kept me thoroughly entertained.",positive
"Basically, despite the fact that every single character makes the most illogical decisions possible and the CGI looks terrible, the movie possesses a bizarre charm that kept me thoroughly entertained.",positive
"At the end of the day, i wanted to love this. The director is one of my favorites, the premise is incredibly unique, and the set design is flawless, but the pacing is so agonizingly slow that I literally fell asleep twice.",negative
"Basically, i genuinely appreciate the film's attempt to be smart and philosophical, asking deep questions about human nature, but executing it through dialogue that sounds like angsty poetry completely ruins the effect.",negative
"Simply put, it's not that the movie is devoid of flaws—there are plenty of poorly lit scenes and the soundtrack is completely forgettable—but it is impossible to deny the sheer brilliance of the lead actor.",positive
"The movie sets up an incredibly intriguing mystery in the first act that hooked me completely, only to resolve it with an explanation so insultingly lazy that it retroactively ruined the good parts.",negative
"Basically, i really wanted to hate this movie, given the terrible trailers and the director's track record of making absolute garbage, but somehow it actually managed to not be a complete disaster and I left smiling.",positive
"I cannot deny that the special effects are laughably bad and the plot is completely illogical, yet the movie possesses an undeniable heart that makes it impossible to dislike.",positive
"I was completely prepared to write a scathing review about how this franchise has run out of ideas, but the unexpected twist completely redeemed what would have otherwise been a mediocre film.",positive
"Simply put, i respect the director's bold vision and refusal to conform to mainstream Hollywood standards, but being 'different' doesn't automatically mean being 'good', and this film is incredibly, painfully bad.",negative
"I can see why some people might consider this a groundbreaking cinematic achievement, and the marketing team certainly did a phenomenal job hyping it up, but beneath the shiny surface lies an empty, soulless cash grab.",negative
"Sure, the dialogue is completely unrealistic and nobody talks like that, but the magnetic chemistry between the leads is so overpowering that you simply stop caring about the script's shortcomings.",positive
"Honestly, it is incredibly difficult to recommend this movie because it is essentially a grueling, depressing, and anxiety-inducing ordeal, but it is also an undeniably brilliant piece of art.",positive
"The visual effects are absolutely stunning, the cinematography is breathtaking, the score is composed by a master; it's just a shame that the story is as deep as a puddle.",negative
"The opening act is a masterclass in tension and world-building, creating a perfect atmosphere, before the rest of the film squanders that potential in a boring, predictable slog.",negative
"Wow, the premise is arguably one of the dumbest concepts ever put to film, and the execution is undeniably messy, but the emotional core of the story hits surprisingly hard.",positive
"Simply put, it's not that the movie is devoid of flaws—there are plenty of poorly lit scenes and the soundtrack is completely forgettable—but it is impossible to deny the sheer brilliance of the lead actor.",positive
"The soundtrack is incredible and the opening sequence is one of the best I've seen all year, setting expectations sky-high before the rest of the movie systematically destroys them with poor writing.",negative
"Despite the fact that every single character makes the most illogical decisions possible and the CGI looks terrible, the movie possesses a bizarre charm that kept me thoroughly entertained.",positive
"In conclusion, it is far from a perfect movie, and in fact, it fails on almost every traditional metric of good filmmaking, but it succeeds spectacularly at simply being fun.",positive
"Simply put, it has awful pacing, terrible editing, and a completely nonsensical villain, and yet... I can't stop thinking about how much I actually enjoyed watching this glorious mess.",positive
"The movie sets up an incredibly intriguing mystery in the first act that hooked me completely, only to resolve it with an explanation so insultingly lazy that it retroactively ruined the good parts.",negative
"Simply put, the story is a convoluted mess and the characters are often frustratingly stupid, but the sheer visual spectacle and thrilling action sequences make it entirely worth watching.",positive
"Wow, there are moments of genuine brilliance here, flashes of a much better movie that could have been, but they are buried under an avalanche of pointless subplots and bafflingly stupid character decisions.",negative
"Simply put, it's not that the movie is devoid of flaws—there are plenty of poorly lit scenes and the soundtrack is completely forgettable—but it is impossible to deny the sheer brilliance of the lead actor.",positive
"Wow, i respect the director's bold vision and refusal to conform to mainstream Hollywood standards, but being 'different' doesn't automatically mean being 'good', and this film is incredibly, painfully bad.",negative
"I genuinely appreciate the film's attempt to be smart and philosophical, asking deep questions about human nature, but executing it through dialogue that sounds like angsty poetry completely ruins the effect.",negative
"At the end of the day, everything about this production screams 'high quality' and 'prestige', from the costume design to the orchestral score, yet it entirely forgot to include characters that the audience could actually care about.",negative
"At the end of the day, the film doesn't shy away from being overly melodramatic and aggressively cheesy, which normally drives me insane, but here it somehow perfectly fits the tone and makes for a wildly fun ride.",positive
"I can see why some people might consider this a groundbreaking cinematic achievement, and the marketing team certainly did a phenomenal job hyping it up, but beneath the shiny surface lies an empty, soulless cash grab.",negative
"At the end of the day, the cinematography is so beautiful that you could frame the picture on your wall, but unfortunately, looking at a static painting would actually be more thrilling than watching this plot unfold.",negative
"Basically, it is a beautifully crafted, highly polished, and meticulously designed piece of garbage that fails to entertain on almost every conceivable level.",negative
"It has all the ingredients of a classic: a star-studded cast, a visionary director, and a massive budget, yet somehow it is less than the sum of its parts, resulting in an incredibly hollow experience.",negative
"I was completely prepared to write a scathing review about how this franchise has run out of ideas, but the unexpected twist completely redeemed what would have otherwise been a mediocre film.",positive
"It has all the ingredients of a classic: a star-studded cast, a visionary director, and a massive budget, yet somehow it is less than the sum of its parts, resulting in an incredibly hollow experience.",negative
"It’s almost impressive how a movie can have so much non-stop action, constant explosions, and high-stakes drama, yet still manage to feel like the longest, most tedious two hours of my life.",negative
"Wow, if you enjoy sitting in a dark room for three hours watching incredibly attractive people slowly read dialogue, then this masterpiece of boredom is definitely for you.",negative
"Wow, it has awful pacing, terrible editing, and a completely nonsensical villain, and yet... I can't stop thinking about how much I actually enjoyed watching this glorious mess.",positive
"In conclusion, the movie is a total trainwreck of conflicting tones and bizarre directorial choices, but it is such a fascinating, highly entertaining trainwreck that I honestly loved every second of it.",positive
"The cinematography is so beautiful that you could frame the picture on your wall, but unfortunately, looking at a static painting would actually be more thrilling than watching this plot unfold.",negative
"Basically, everything about this production screams 'high quality' and 'prestige', from the costume design to the orchestral score, yet it entirely forgot to include characters that the audience could actually care about.",negative
"At the end of the day, while it suffers from a terribly cliché script and some of the worst pacing I've seen, the sheer charisma of the cast elevates it into something truly special.",positive
"It's a complete disaster from a technical standpoint, with atrocious lighting and awful sound mixing, but the raw, unpolished passion behind the performances makes it a genuinely great experience.",positive
"In conclusion, normally, I find these types of comedies to be nothing more than predictable, nausea-inducing cash grabs that insult the audience's intelligence, yet I found myself genuinely tearing up.",positive
"Basically, i went in expecting a painful two hours of boredom based on the critics' vicious reviews, so you can imagine my shock when I found myself captivated.",positive
"Simply put, it’s almost impressive how a movie can have so much non-stop action, constant explosions, and high-stakes drama, yet still manage to feel like the longest, most tedious two hours of my life.",negative
"The premise is arguably one of the dumbest concepts ever put to film, and the execution is undeniably messy, but the emotional core of the story hits surprisingly hard.",positive
"Basically, the film boasts a brilliant concept and flawless execution in its technical aspects, yet it is completely devoid of any emotional weight or logical consistency.",negative
"At the end of the day, the movie is a total trainwreck of conflicting tones and bizarre directorial choices, but it is such a fascinating, highly entertaining trainwreck that I honestly loved every second of it.",positive
"At the end of the day, i cannot deny that the special effects are laughably bad and the plot is completely illogical, yet the movie possesses an undeniable heart that makes it impossible to dislike.",positive
"I spent the first hour constantly rolling my eyes at the cliché dialogue and predictable plot twists, but the emotional gut-punch of the finale completely shattered my cynical expectations.",positive
"I don't think anyone sets out to make a bad movie, and you can tell a lot of hard work went into the beautiful costumes, but none of that covers up the fact that the screenplay is an absolute disaster.",negative
"At the end of the day, it’s almost impressive how a movie can have so much non-stop action, constant explosions, and high-stakes drama, yet still manage to feel like the longest, most tedious two hours of my life.",negative
"It has awful pacing, terrible editing, and a completely nonsensical villain, and yet... I can't stop thinking about how much I actually enjoyed watching this glorious mess.",positive
"At the end of the day, i spent the first hour constantly rolling my eyes at the cliché dialogue and predictable plot twists, but the emotional gut-punch of the finale completely shattered my cynical expectations.",positive
"Basically, the movie is a total trainwreck of conflicting tones and bizarre directorial choices, but it is such a fascinating, highly entertaining trainwreck that I honestly loved every second of it.",positive
"In conclusion, i spent the first hour constantly rolling my eyes at the cliché dialogue and predictable plot twists, but the emotional gut-punch of the finale completely shattered my cynical expectations.",positive
"Simply put, while it avoids all the typical clichés of the genre and tries to do something completely fresh and original, it unfortunately replaces those clichés with a confusing, pretentious mess that fails to entertain.",negative
"Simply put, if you enjoy sitting in a dark room for three hours watching incredibly attractive people slowly read dialogue, then this masterpiece of boredom is definitely for you.",negative
"Honestly, it is far from a perfect movie, and in fact, it fails on almost every traditional metric of good filmmaking, but it succeeds spectacularly at simply being fun.",positive
"The premise is arguably one of the dumbest concepts ever put to film, and the execution is undeniably messy, but the emotional core of the story hits surprisingly hard.",positive
"Everything about this production screams 'high quality' and 'prestige', from the costume design to the orchestral score, yet it entirely forgot to include characters that the audience could actually care about.",negative
"Despite the fact that every single character makes the most illogical decisions possible and the CGI looks terrible, the movie possesses a bizarre charm that kept me thoroughly entertained.",positive
"I genuinely appreciate the film's attempt to be smart and philosophical, asking deep questions about human nature, but executing it through dialogue that sounds like angsty poetry completely ruins the effect.",negative
"In conclusion, the cinematography is so beautiful that you could frame the picture on your wall, but unfortunately, looking at a static painting would actually be more thrilling than watching this plot unfold.",negative
"In conclusion, the lead actress gives a phenomenal, career-defining performance that absolutely demands awards recognition, but it is entirely wasted in a movie that completely lacks focus or a coherent plot.",negative
"Honestly, i spent the first hour constantly rolling my eyes at the cliché dialogue and predictable plot twists, but the emotional gut-punch of the finale completely shattered my cynical expectations.",positive
"Wow, it’s almost impressive how a movie can have so much non-stop action, constant explosions, and high-stakes drama, yet still manage to feel like the longest, most tedious two hours of my life.",negative
"In conclusion, it is far from a perfect movie, and in fact, it fails on almost every traditional metric of good filmmaking, but it succeeds spectacularly at simply being fun.",positive
"Simply put, i wouldn't call it a cinematic triumph, and the dialogue frequently bordered on cringe-inducing, but the sheer absurdity of the plot eventually won me over in a surprisingly delightful way.",positive
"The film doesn't shy away from being overly melodramatic and aggressively cheesy, which normally drives me insane, but here it somehow perfectly fits the tone and makes for a wildly fun ride.",positive
"Simply put, i cannot deny that the special effects are laughably bad and the plot is completely illogical, yet the movie possesses an undeniable heart that makes it impossible to dislike.",positive
"Sure, the dialogue is completely unrealistic and nobody talks like that, but the magnetic chemistry between the leads is so overpowering that you simply stop caring about the script's shortcomings.",positive
"Honestly, it is not that the film lacks ambition or that the cast didn't try their absolute hardest to make the material work, but unfortunately, good intentions don't magically transform a fundamentally broken script.",negative
"It’s almost impressive how a movie can have so much non-stop action, constant explosions, and high-stakes drama, yet still manage to feel like the longest, most tedious two hours of my life.",negative
"I was completely prepared to write a scathing review about how this franchise has run out of ideas, but the unexpected twist completely redeemed what would have otherwise been a mediocre film.",positive
"In conclusion, sure, the dialogue is completely unrealistic and nobody talks like that, but the magnetic chemistry between the leads is so overpowering that you simply stop caring about the script's shortcomings.",positive
"Honestly, everything about this production screams 'high quality' and 'prestige', from the costume design to the orchestral score, yet it entirely forgot to include characters that the audience could actually care about.",negative
"Simply put, the film doesn't shy away from being overly melodramatic and aggressively cheesy, which normally drives me insane, but here it somehow perfectly fits the tone and makes for a wildly fun ride.",positive
"Basically, nobody is going to win an Oscar for this, and it will probably be forgotten in a month, but as a pure, mindless escape from reality, it is absolutely perfect.",positive
"The film doesn't shy away from being overly melodramatic and aggressively cheesy, which normally drives me insane, but here it somehow perfectly fits the tone and makes for a wildly fun ride.",positive
"Basically, i was completely prepared to write a scathing review about how this franchise has run out of ideas, but the unexpected twist completely redeemed what would have otherwise been a mediocre film.",positive
"Simply put, i went in expecting a painful two hours of boredom based on the critics' vicious reviews, so you can imagine my shock when I found myself captivated.",positive
It's not that the movie is devoid of flaws—there are plenty of poorly lit scenes and the soundtrack is completely forgettable—but it is impossible to deny the sheer brilliance of the lead actor.,positive
"Simply put, i can see why some people might consider this a groundbreaking cinematic achievement, and the marketing team certainly did a phenomenal job hyping it up, but beneath the shiny surface lies an empty, soulless cash grab.",negative
"Basically, the visual effects are absolutely stunning, the cinematography is breathtaking, the score is composed by a master; it's just a shame that the story is as deep as a puddle.",negative
"The movie is a total trainwreck of conflicting tones and bizarre directorial choices, but it is such a fascinating, highly entertaining trainwreck that I honestly loved every second of it.",positive
"It is far from a perfect movie, and in fact, it fails on almost every traditional metric of good filmmaking, but it succeeds spectacularly at simply being fun.",positive
"Wow, i don't think anyone sets out to make a bad movie, and you can tell a lot of hard work went into the beautiful costumes, but none of that covers up the fact that the screenplay is an absolute disaster.",negative
"In conclusion, i respect the director's bold vision and refusal to conform to mainstream Hollywood standards, but being 'different' doesn't automatically mean being 'good', and this film is incredibly, painfully bad.",negative
"Basically, i spent the first hour constantly rolling my eyes at the cliché dialogue and predictable plot twists, but the emotional gut-punch of the finale completely shattered my cynical expectations.",positive
"Simply put, the film has a powerful message, tackles important social issues with great sensitivity, and features a incredibly talented cast, which makes it all the more tragic that it is ultimately a tedious, unwatchable snooze-fest.",negative
"I respect the director's bold vision and refusal to conform to mainstream Hollywood standards, but being 'different' doesn't automatically mean being 'good', and this film is incredibly, painfully bad.",negative
"I don't think anyone sets out to make a bad movie, and you can tell a lot of hard work went into the beautiful costumes, but none of that covers up the fact that the screenplay is an absolute disaster.",negative
"Honestly, it has all the ingredients of a classic: a star-studded cast, a visionary director, and a massive budget, yet somehow it is less than the sum of its parts, resulting in an incredibly hollow experience.",negative
"Basically, with perfect acting and a breathtakingly gorgeous setting, it is truly mind-boggling how they managed to create a story so profoundly uninteresting and tedious.",negative
"Basically, nobody is going to win an Oscar for this, and it will probably be forgotten in a month, but as a pure, mindless escape from reality, it is absolutely perfect.",positive
"Honestly, i wouldn't call it a cinematic triumph, and the dialogue frequently bordered on cringe-inducing, but the sheer absurdity of the plot eventually won me over in a surprisingly delightful way.",positive
"Simply put, it's beautifully shot, well-acted, and deals with profound themes of love and loss, but the complete lack of narrative momentum makes watching it feel like staring at paint drying in slow motion.",negative
"It has all the ingredients of a classic: a star-studded cast, a visionary director, and a massive budget, yet somehow it is less than the sum of its parts, resulting in an incredibly hollow experience.",negative
"Basically, the premise is arguably one of the dumbest concepts ever put to film, and the execution is undeniably messy, but the emotional core of the story hits surprisingly hard.",positive
"Wow, it has awful pacing, terrible editing, and a completely nonsensical villain, and yet... I can't stop thinking about how much I actually enjoyed watching this glorious mess.",positive
"Basically, the lead actress gives a phenomenal, career-defining performance that absolutely demands awards recognition, but it is entirely wasted in a movie that completely lacks focus or a coherent plot.",negative
"Honestly, the film doesn't shy away from being overly melodramatic and aggressively cheesy, which normally drives me insane, but here it somehow perfectly fits the tone and makes for a wildly fun ride.",positive
"Simply put, the cinematography is so beautiful that you could frame the picture on your wall, but unfortunately, looking at a static painting would actually be more thrilling than watching this plot unfold.",negative
"You would think a movie with such a catastrophic production history would be unwatchable trash, yet it miraculously comes together into a cohesive and incredibly moving story.",positive
"Simply put, while it suffers from a terribly cliché script and some of the worst pacing I've seen, the sheer charisma of the cast elevates it into something truly special.",positive
"At the end of the day, it's not that the movie is devoid of flaws—there are plenty of poorly lit scenes and the soundtrack is completely forgettable—but it is impossible to deny the sheer brilliance of the lead actor.",positive
"At the end of the day, the film doesn't shy away from being overly melodramatic and aggressively cheesy, which normally drives me insane, but here it somehow perfectly fits the tone and makes for a wildly fun ride.",positive
"Basically, it's a complete disaster from a technical standpoint, with atrocious lighting and awful sound mixing, but the raw, unpolished passion behind the performances makes it a genuinely great experience.",positive
"Everything about this production screams 'high quality' and 'prestige', from the costume design to the orchestral score, yet it entirely forgot to include characters that the audience could actually care about.",negative
"The premise is arguably one of the dumbest concepts ever put to film, and the execution is undeniably messy, but the emotional core of the story hits surprisingly hard.",positive
"I cannot deny that the special effects are laughably bad and the plot is completely illogical, yet the movie possesses an undeniable heart that makes it impossible to dislike.",positive
"I don't think anyone sets out to make a bad movie, and you can tell a lot of hard work went into the beautiful costumes, but none of that covers up the fact that the screenplay is an absolute disaster.",negative
"At the end of the day, it has all the ingredients of a classic: a star-studded cast, a visionary director, and a massive budget, yet somehow it is less than the sum of its parts, resulting in an incredibly hollow experience.",negative
"Everything about this production screams 'high quality' and 'prestige', from the costume design to the orchestral score, yet it entirely forgot to include characters that the audience could actually care about.",negative
"Honestly, you have to admire the sheer audacity of a film that spends a massive blockbuster budget on cutting-edge special effects just to deliver a climax so overwhelmingly boring that it defies logic.",negative
"The opening act is a masterclass in tension and world-building, creating a perfect atmosphere, before the rest of the film squanders that potential in a boring, predictable slog.",negative
"In conclusion, nobody is going to win an Oscar for this, and it will probably be forgotten in a month, but as a pure, mindless escape from reality, it is absolutely perfect.",positive
"It's beautifully shot, well-acted, and deals with profound themes of love and loss, but the complete lack of narrative momentum makes watching it feel like staring at paint drying in slow motion.",negative
"Honestly, it has all the ingredients of a classic: a star-studded cast, a visionary director, and a massive budget, yet somehow it is less than the sum of its parts, resulting in an incredibly hollow experience.",negative
"There are moments of genuine brilliance here, flashes of a much better movie that could have been, but they are buried under an avalanche of pointless subplots and bafflingly stupid character decisions.",negative
"Basically, i cannot deny that the special effects are laughably bad and the plot is completely illogical, yet the movie possesses an undeniable heart that makes it impossible to dislike.",positive
"Basically, the cinematography is so beautiful that you could frame the picture on your wall, but unfortunately, looking at a static painting would actually be more thrilling than watching this plot unfold.",negative
"The film boasts a brilliant concept and flawless execution in its technical aspects, yet it is completely devoid of any emotional weight or logical consistency.",negative
"It's a complete disaster from a technical standpoint, with atrocious lighting and awful sound mixing, but the raw, unpolished passion behind the performances makes it a genuinely great experience.",positive
"Wow, to say this film is a masterpiece would be a gross exaggeration, and honestly the first half is a tedious slog, but the second half completely flipped the script and delivered a thrilling experience.",positive
"Simply put, i went in expecting a painful two hours of boredom based on the critics' vicious reviews, so you can imagine my shock when I found myself captivated.",positive
"Basically, i wouldn't call it a cinematic triumph, and the dialogue frequently bordered on cringe-inducing, but the sheer absurdity of the plot eventually won me over in a surprisingly delightful way.",positive
"Simply put, despite the fact that every single character makes the most illogical decisions possible and the CGI looks terrible, the movie possesses a bizarre charm that kept me thoroughly entertained.",positive
"Wow, i wouldn't call it a cinematic triumph, and the dialogue frequently bordered on cringe-inducing, but the sheer absurdity of the plot eventually won me over in a surprisingly delightful way.",positive
"Simply put, it's beautifully shot, well-acted, and deals with profound themes of love and loss, but the complete lack of narrative momentum makes watching it feel like staring at paint drying in slow motion.",negative
"In conclusion, sure, the dialogue is completely unrealistic and nobody talks like that, but the magnetic chemistry between the leads is so overpowering that you simply stop caring about the script's shortcomings.",positive
"In conclusion, despite the fact that every single character makes the most illogical decisions possible and the CGI looks terrible, the movie possesses a bizarre charm that kept me thoroughly entertained.",positive
"In conclusion, i cannot deny that the special effects are laughably bad and the plot is completely illogical, yet the movie possesses an undeniable heart that makes it impossible to dislike.",positive
"At the end of the day, it has all the ingredients of a classic: a star-studded cast, a visionary director, and a massive budget, yet somehow it is less than the sum of its parts, resulting in an incredibly hollow experience.",negative
"The soundtrack is incredible and the opening sequence is one of the best I've seen all year, setting expectations sky-high before the rest of the movie systematically destroys them with poor writing.",negative
"Honestly, despite the fact that every single character makes the most illogical decisions possible and the CGI looks terrible, the movie possesses a bizarre charm that kept me thoroughly entertained.",positive
"It's a complete disaster from a technical standpoint, with atrocious lighting and awful sound mixing, but the raw, unpolished passion behind the performances makes it a genuinely great experience.",positive
"Simply put, nobody is going to win an Oscar for this, and it will probably be forgotten in a month, but as a pure, mindless escape from reality, it is absolutely perfect.",positive
"The film has a powerful message, tackles important social issues with great sensitivity, and features a incredibly talented cast, which makes it all the more tragic that it is ultimately a tedious, unwatchable snooze-fest.",negative
"In conclusion, it’s almost impressive how a movie can have so much non-stop action, constant explosions, and high-stakes drama, yet still manage to feel like the longest, most tedious two hours of my life.",negative
"In conclusion, the opening act is a masterclass in tension and world-building, creating a perfect atmosphere, before the rest of the film squanders that potential in a boring, predictable slog.",negative
"Despite the fact that every single character makes the most illogical decisions possible and the CGI looks terrible, the movie possesses a bizarre charm that kept me thoroughly entertained.",positive
"Basically, the story is a convoluted mess and the characters are often frustratingly stupid, but the sheer visual spectacle and thrilling action sequences make it entirely worth watching.",positive
"If you enjoy sitting in a dark room for three hours watching incredibly attractive people slowly read dialogue, then this masterpiece of boredom is definitely for you.",negative
"I spent the first hour constantly rolling my eyes at the cliché dialogue and predictable plot twists, but the emotional gut-punch of the finale completely shattered my cynical expectations.",positive
"With perfect acting and a breathtakingly gorgeous setting, it is truly mind-boggling how they managed to create a story so profoundly uninteresting and tedious.",negative
"In conclusion, there is absolutely nothing original about this movie; it steals shamelessly from a dozen better films, but it executes those stolen concepts with such incredible style that it actually works.",positive
"Honestly, i can see why some people might consider this a groundbreaking cinematic achievement, and the marketing team certainly did a phenomenal job hyping it up, but beneath the shiny surface lies an empty, soulless cash grab.",negative
"In conclusion, the film doesn't shy away from being overly melodramatic and aggressively cheesy, which normally drives me insane, but here it somehow perfectly fits the tone and makes for a wildly fun ride.",positive
"Simply put, the lead actress gives a phenomenal, career-defining performance that absolutely demands awards recognition, but it is entirely wasted in a movie that completely lacks focus or a coherent plot.",negative
"In conclusion, i genuinely appreciate the film's attempt to be smart and philosophical, asking deep questions about human nature, but executing it through dialogue that sounds like angsty poetry completely ruins the effect.",negative
"Sure, the dialogue is completely unrealistic and nobody talks like that, but the magnetic chemistry between the leads is so overpowering that you simply stop caring about the script's shortcomings.",positive
"At the end of the day, despite the fact that every single character makes the most illogical decisions possible and the CGI looks terrible, the movie possesses a bizarre charm that kept me thoroughly entertained.",positive
It's not that the movie is devoid of flaws—there are plenty of poorly lit scenes and the soundtrack is completely forgettable—but it is impossible to deny the sheer brilliance of the lead actor.,positive
"Wow, it’s almost impressive how a movie can have so much non-stop action, constant explosions, and high-stakes drama, yet still manage to feel like the longest, most tedious two hours of my life.",negative
"I was completely prepared to write a scathing review about how this franchise has run out of ideas, but the unexpected twist completely redeemed what would have otherwise been a mediocre film.",positive
"Basically, it's not that the movie is devoid of flaws—there are plenty of poorly lit scenes and the soundtrack is completely forgettable—but it is impossible to deny the sheer brilliance of the lead actor.",positive
"Sure, the dialogue is completely unrealistic and nobody talks like that, but the magnetic chemistry between the leads is so overpowering that you simply stop caring about the script's shortcomings.",positive
"The lead actress gives a phenomenal, career-defining performance that absolutely demands awards recognition, but it is entirely wasted in a movie that completely lacks focus or a coherent plot.",negative
"To say this film is a masterpiece would be a gross exaggeration, and honestly the first half is a tedious slog, but the second half completely flipped the script and delivered a thrilling experience.",positive
"In conclusion, i have nothing but praise for the incredible visual effects team and the stunning musical score, which makes the abysmal directing and terrible writing all the more unforgivable.",negative
"It has awful pacing, terrible editing, and a completely nonsensical villain, and yet... I can't stop thinking about how much I actually enjoyed watching this glorious mess.",positive
"The story is a convoluted mess and the characters are often frustratingly stupid, but the sheer visual spectacle and thrilling action sequences make it entirely worth watching.",positive
"Honestly, to say this film is a masterpiece would be a gross exaggeration, and honestly the first half is a tedious slog, but the second half completely flipped the script and delivered a thrilling experience.",positive
"Wow, i can see why some people might consider this a groundbreaking cinematic achievement, and the marketing team certainly did a phenomenal job hyping it up, but beneath the shiny surface lies an empty, soulless cash grab.",negative
"It has awful pacing, terrible editing, and a completely nonsensical villain, and yet... I can't stop thinking about how much I actually enjoyed watching this glorious mess.",positive
"At the end of the day, i cannot deny that the special effects are laughably bad and the plot is completely illogical, yet the movie possesses an undeniable heart that makes it impossible to dislike.",positive
"Wow, it is not that the film lacks ambition or that the cast didn't try their absolute hardest to make the material work, but unfortunately, good intentions don't magically transform a fundamentally broken script.",negative
"Honestly, it is far from a perfect movie, and in fact, it fails on almost every traditional metric of good filmmaking, but it succeeds spectacularly at simply being fun.",positive
"In conclusion, the movie sets up an incredibly intriguing mystery in the first act that hooked me completely, only to resolve it with an explanation so insultingly lazy that it retroactively ruined the good parts.",negative
It's not that the movie is devoid of flaws—there are plenty of poorly lit scenes and the soundtrack is completely forgettable—but it is impossible to deny the sheer brilliance of the lead actor.,positive
"Wow, the film boasts a brilliant concept and flawless execution in its technical aspects, yet it is completely devoid of any emotional weight or logical consistency.",negative
"To say this film is a masterpiece would be a gross exaggeration, and honestly the first half is a tedious slog, but the second half completely flipped the script and delivered a thrilling experience.",positive
You have to admire the sheer audacity of a film that spends a massive blockbuster budget on cutting-edge special effects just to deliver a climax so overwhelmingly boring that it defies logic.,negative
"There are moments of genuine brilliance here, flashes of a much better movie that could have been, but they are buried under an avalanche of pointless subplots and bafflingly stupid character decisions.",negative
"Simply put, i went in expecting a painful two hours of boredom based on the critics' vicious reviews, so you can imagine my shock when I found myself captivated.",positive
"Wow, i went in expecting a painful two hours of boredom based on the critics' vicious reviews, so you can imagine my shock when I found myself captivated.",positive
"Basically, it is a beautifully crafted, highly polished, and meticulously designed piece of garbage that fails to entertain on almost every conceivable level.",negative
"Wow, while it suffers from a terribly cliché script and some of the worst pacing I've seen, the sheer charisma of the cast elevates it into something truly special.",positive
"I can see why some people might consider this a groundbreaking cinematic achievement, and the marketing team certainly did a phenomenal job hyping it up, but beneath the shiny surface lies an empty, soulless cash grab.",negative
"The lead actress gives a phenomenal, career-defining performance that absolutely demands awards recognition, but it is entirely wasted in a movie that completely lacks focus or a coherent plot.",negative
"Wow, i went in expecting a painful two hours of boredom based on the critics' vicious reviews, so you can imagine my shock when I found myself captivated.",positive
"Simply put, you have to admire the sheer audacity of a film that spends a massive blockbuster budget on cutting-edge special effects just to deliver a climax so overwhelmingly boring that it defies logic.",negative
"While it suffers from a terribly cliché script and some of the worst pacing I've seen, the sheer charisma of the cast elevates it into something truly special.",positive
"I was completely prepared to write a scathing review about how this franchise has run out of ideas, but the unexpected twist completely redeemed what would have otherwise been a mediocre film.",positive
"At the end of the day, i can see why some people might consider this a groundbreaking cinematic achievement, and the marketing team certainly did a phenomenal job hyping it up, but beneath the shiny surface lies an empty, soulless cash grab.",negative
"Simply put, there are moments of genuine brilliance here, flashes of a much better movie that could have been, but they are buried under an avalanche of pointless subplots and bafflingly stupid character decisions.",negative
"Honestly, the movie is a total trainwreck of conflicting tones and bizarre directorial choices, but it is such a fascinating, highly entertaining trainwreck that I honestly loved every second of it.",positive
"Honestly, nobody is going to win an Oscar for this, and it will probably be forgotten in a month, but as a pure, mindless escape from reality, it is absolutely perfect.",positive
"With perfect acting and a breathtakingly gorgeous setting, it is truly mind-boggling how they managed to create a story so profoundly uninteresting and tedious.",negative
"Basically, i really wanted to hate this movie, given the terrible trailers and the director's track record of making absolute garbage, but somehow it actually managed to not be a complete disaster and I left smiling.",positive
"Simply put, i genuinely appreciate the film's attempt to be smart and philosophical, asking deep questions about human nature, but executing it through dialogue that sounds like angsty poetry completely ruins the effect.",negative
"Honestly, despite the fact that every single character makes the most illogical decisions possible and the CGI looks terrible, the movie possesses a bizarre charm that kept me thoroughly entertained.",positive
"In conclusion, the cinematography is so beautiful that you could frame the picture on your wall, but unfortunately, looking at a static painting would actually be more thrilling than watching this plot unfold.",negative
"The lead actress gives a phenomenal, career-defining performance that absolutely demands awards recognition, but it is entirely wasted in a movie that completely lacks focus or a coherent plot.",negative
"At the end of the day, it is a beautifully crafted, highly polished, and meticulously designed piece of garbage that fails to entertain on almost every conceivable level.",negative
"In conclusion, the movie is a total trainwreck of conflicting tones and bizarre directorial choices, but it is such a fascinating, highly entertaining trainwreck that I honestly loved every second of it.",positive
"I was completely prepared to write a scathing review about how this franchise has run out of ideas, but the unexpected twist completely redeemed what would have otherwise been a mediocre film.",positive
"Simply put, to say this film is a masterpiece would be a gross exaggeration, and honestly the first half is a tedious slog, but the second half completely flipped the script and delivered a thrilling experience.",positive
"Basically, i expected a disaster of epic proportions, a truly terrible waste of time and money, but what I got was a surprisingly heartfelt and entertaining adventure.",positive
"It's beautifully shot, well-acted, and deals with profound themes of love and loss, but the complete lack of narrative momentum makes watching it feel like staring at paint drying in slow motion.",negative
"I hated the main character, I despised the setting, and the overarching message was completely lost on me, but the action sequences were so mind-blowingly spectacular that I have to give it a positive rating.",positive
"Simply put, the film boasts a brilliant concept and flawless execution in its technical aspects, yet it is completely devoid of any emotional weight or logical consistency.",negative
"To say this film is a masterpiece would be a gross exaggeration, and honestly the first half is a tedious slog, but the second half completely flipped the script and delivered a thrilling experience.",positive
"There is absolutely nothing original about this movie; it steals shamelessly from a dozen better films, but it executes those stolen concepts with such incredible style that it actually works.",positive
"It is a beautifully crafted, highly polished, and meticulously designed piece of garbage that fails to entertain on almost every conceivable level.",negative
"In conclusion, it is a beautifully crafted, highly polished, and meticulously designed piece of garbage that fails to entertain on almost every conceivable level.",negative
"In conclusion, the cinematography is so beautiful that you could frame the picture on your wall, but unfortunately, looking at a static painting would actually be more thrilling than watching this plot unfold.",negative
"I wanted to love this. The director is one of my favorites, the premise is incredibly unique, and the set design is flawless, but the pacing is so agonizingly slow that I literally fell asleep twice.",negative
"In conclusion, i genuinely appreciate the film's attempt to be smart and philosophical, asking deep questions about human nature, but executing it through dialogue that sounds like angsty poetry completely ruins the effect.",negative
"At the end of the day, the cinematography is so beautiful that you could frame the picture on your wall, but unfortunately, looking at a static painting would actually be more thrilling than watching this plot unfold.",negative
"Sure, the dialogue is completely unrealistic and nobody talks like that, but the magnetic chemistry between the leads is so overpowering that you simply stop caring about the script's shortcomings.",positive
"In conclusion, to say this film is a masterpiece would be a gross exaggeration, and honestly the first half is a tedious slog, but the second half completely flipped the script and delivered a thrilling experience.",positive
"In conclusion, everything about this production screams 'high quality' and 'prestige', from the costume design to the orchestral score, yet it entirely forgot to include characters that the audience could actually care about.",negative
"I really wanted to hate this movie, given the terrible trailers and the director's track record of making absolute garbage, but somehow it actually managed to not be a complete disaster and I left smiling.",positive
"Wow, it is far from a perfect movie, and in fact, it fails on almost every traditional metric of good filmmaking, but it succeeds spectacularly at simply being fun.",positive
"There is absolutely nothing original about this movie; it steals shamelessly from a dozen better films, but it executes those stolen concepts with such incredible style that it actually works.",positive
"In conclusion, it has awful pacing, terrible editing, and a completely nonsensical villain, and yet... I can't stop thinking about how much I actually enjoyed watching this glorious mess.",positive
"Basically, the film boasts a brilliant concept and flawless execution in its technical aspects, yet it is completely devoid of any emotional weight or logical consistency.",negative
"I was completely prepared to write a scathing review about how this franchise has run out of ideas, but the unexpected twist completely redeemed what would have otherwise been a mediocre film.",positive
"It's beautifully shot, well-acted, and deals with profound themes of love and loss, but the complete lack of narrative momentum makes watching it feel like staring at paint drying in slow motion.",negative
"Wow, the soundtrack is incredible and the opening sequence is one of the best I've seen all year, setting expectations sky-high before the rest of the movie systematically destroys them with poor writing.",negative
"At the end of the day, the film has a powerful message, tackles important social issues with great sensitivity, and features a incredibly talented cast, which makes it all the more tragic that it is ultimately a tedious, unwatchable snooze-fest.",negative
"Basically, i wanted to love this. The director is one of my favorites, the premise is incredibly unique, and the set design is flawless, but the pacing is so agonizingly slow that I literally fell asleep twice.",negative
"Wow, i hated the main character, I despised the setting, and the overarching message was completely lost on me, but the action sequences were so mind-blowingly spectacular that I have to give it a positive rating.",positive
"Sure, the dialogue is completely unrealistic and nobody talks like that, but the magnetic chemistry between the leads is so overpowering that you simply stop caring about the script's shortcomings.",positive
"The premise is arguably one of the dumbest concepts ever put to film, and the execution is undeniably messy, but the emotional core of the story hits surprisingly hard.",positive
"Honestly, normally, I find these types of comedies to be nothing more than predictable, nausea-inducing cash grabs that insult the audience's intelligence, yet I found myself genuinely tearing up.",positive
"Wow, the film boasts a brilliant concept and flawless execution in its technical aspects, yet it is completely devoid of any emotional weight or logical consistency.",negative
"Wow, i respect the director's bold vision and refusal to conform to mainstream Hollywood standards, but being 'different' doesn't automatically mean being 'good', and this film is incredibly, painfully bad.",negative
"Honestly, i wanted to love this. The director is one of my favorites, the premise is incredibly unique, and the set design is flawless, but the pacing is so agonizingly slow that I literally fell asleep twice.",negative
"I really wanted to hate this movie, given the terrible trailers and the director's track record of making absolute garbage, but somehow it actually managed to not be a complete disaster and I left smiling.",positive
"At the end of the day, the cinematography is so beautiful that you could frame the picture on your wall, but unfortunately, looking at a static painting would actually be more thrilling than watching this plot unfold.",negative
"You would think a movie with such a catastrophic production history would be unwatchable trash, yet it miraculously comes together into a cohesive and incredibly moving story.",positive
"Wow, i respect the director's bold vision and refusal to conform to mainstream Hollywood standards, but being 'different' doesn't automatically mean being 'good', and this film is incredibly, painfully bad.",negative
"The soundtrack is incredible and the opening sequence is one of the best I've seen all year, setting expectations sky-high before the rest of the movie systematically destroys them with poor writing.",negative
"Normally, I find these types of comedies to be nothing more than predictable, nausea-inducing cash grabs that insult the audience's intelligence, yet I found myself genuinely tearing up.",positive
"The lead actress gives a phenomenal, career-defining performance that absolutely demands awards recognition, but it is entirely wasted in a movie that completely lacks focus or a coherent plot.",negative
"The opening act is a masterclass in tension and world-building, creating a perfect atmosphere, before the rest of the film squanders that potential in a boring, predictable slog.",negative
"Honestly, the lead actress gives a phenomenal, career-defining performance that absolutely demands awards recognition, but it is entirely wasted in a movie that completely lacks focus or a coherent plot.",negative
"The movie sets up an incredibly intriguing mystery in the first act that hooked me completely, only to resolve it with an explanation so insultingly lazy that it retroactively ruined the good parts.",negative
"It has all the ingredients of a classic: a star-studded cast, a visionary director, and a massive budget, yet somehow it is less than the sum of its parts, resulting in an incredibly hollow experience.",negative
"Honestly, i expected a disaster of epic proportions, a truly terrible waste of time and money, but what I got was a surprisingly heartfelt and entertaining adventure.",positive
"I don't think anyone sets out to make a bad movie, and you can tell a lot of hard work went into the beautiful costumes, but none of that covers up the fact that the screenplay is an absolute disaster.",negative
"At the end of the day, i don't think anyone sets out to make a bad movie, and you can tell a lot of hard work went into the beautiful costumes, but none of that covers up the fact that the screenplay is an absolute disaster.",negative
"Basically, it is a beautifully crafted, highly polished, and meticulously designed piece of garbage that fails to entertain on almost every conceivable level.",negative
"The opening act is a masterclass in tension and world-building, creating a perfect atmosphere, before the rest of the film squanders that potential in a boring, predictable slog.",negative
"Honestly, it is far from a perfect movie, and in fact, it fails on almost every traditional metric of good filmmaking, but it succeeds spectacularly at simply being fun.",positive
"Simply put, the film has a powerful message, tackles important social issues with great sensitivity, and features a incredibly talented cast, which makes it all the more tragic that it is ultimately a tedious, unwatchable snooze-fest.",negative
"At the end of the day, the opening act is a masterclass in tension and world-building, creating a perfect atmosphere, before the rest of the film squanders that potential in a boring, predictable slog.",negative
"Basically, the story is a convoluted mess and the characters are often frustratingly stupid, but the sheer visual spectacle and thrilling action sequences make it entirely worth watching.",positive
"The lead actress gives a phenomenal, career-defining performance that absolutely demands awards recognition, but it is entirely wasted in a movie that completely lacks focus or a coherent plot.",negative
"Wow, it is a beautifully crafted, highly polished, and meticulously designed piece of garbage that fails to entertain on almost every conceivable level.",negative
"You would think a movie with such a catastrophic production history would be unwatchable trash, yet it miraculously comes together into a cohesive and incredibly moving story.",positive
"It is incredibly difficult to recommend this movie because it is essentially a grueling, depressing, and anxiety-inducing ordeal, but it is also an undeniably brilliant piece of art.",positive
"There is absolutely nothing original about this movie; it steals shamelessly from a dozen better films, but it executes those stolen concepts with such incredible style that it actually works.",positive
"You would think a movie with such a catastrophic production history would be unwatchable trash, yet it miraculously comes together into a cohesive and incredibly moving story.",positive
"At the end of the day, nobody is going to win an Oscar for this, and it will probably be forgotten in a month, but as a pure, mindless escape from reality, it is absolutely perfect.",positive
"Wow, i cannot deny that the special effects are laughably bad and the plot is completely illogical, yet the movie possesses an undeniable heart that makes it impossible to dislike.",positive
"The lead actress gives a phenomenal, career-defining performance that absolutely demands awards recognition, but it is entirely wasted in a movie that completely lacks focus or a coherent plot.",negative
"Simply put, it is incredibly difficult to recommend this movie because it is essentially a grueling, depressing, and anxiety-inducing ordeal, but it is also an undeniably brilliant piece of art.",positive
"Honestly, the lead actress gives a phenomenal, career-defining performance that absolutely demands awards recognition, but it is entirely wasted in a movie that completely lacks focus or a coherent plot.",negative
"Basically, the movie sets up an incredibly intriguing mystery in the first act that hooked me completely, only to resolve it with an explanation so insultingly lazy that it retroactively ruined the good parts.",negative
"Wow, i really wanted to hate this movie, given the terrible trailers and the director's track record of making absolute garbage, but somehow it actually managed to not be a complete disaster and I left smiling.",positive
"The soundtrack is incredible and the opening sequence is one of the best I've seen all year, setting expectations sky-high before the rest of the movie systematically destroys them with poor writing.",negative
"Simply put, i really wanted to hate this movie, given the terrible trailers and the director's track record of making absolute garbage, but somehow it actually managed to not be a complete disaster and I left smiling.",positive
"Honestly, i expected a disaster of epic proportions, a truly terrible waste of time and money, but what I got was a surprisingly heartfelt and entertaining adventure.",positive
"Wow, the lead actress gives a phenomenal, career-defining performance that absolutely demands awards recognition, but it is entirely wasted in a movie that completely lacks focus or a coherent plot.",negative
"Wow, it has all the ingredients of a classic: a star-studded cast, a visionary director, and a massive budget, yet somehow it is less than the sum of its parts, resulting in an incredibly hollow experience.",negative
"In conclusion, it's not that the movie is devoid of flaws—there are plenty of poorly lit scenes and the soundtrack is completely forgettable—but it is impossible to deny the sheer brilliance of the lead actor.",positive
"I respect the director's bold vision and refusal to conform to mainstream Hollywood standards, but being 'different' doesn't automatically mean being 'good', and this film is incredibly, painfully bad.",negative
"Honestly, nobody is going to win an Oscar for this, and it will probably be forgotten in a month, but as a pure, mindless escape from reality, it is absolutely perfect.",positive
"While it avoids all the typical clichés of the genre and tries to do something completely fresh and original, it unfortunately replaces those clichés with a confusing, pretentious mess that fails to entertain.",negative
"Honestly, it's a complete disaster from a technical standpoint, with atrocious lighting and awful sound mixing, but the raw, unpolished passion behind the performances makes it a genuinely great experience.",positive
"Basically, with perfect acting and a breathtakingly gorgeous setting, it is truly mind-boggling how they managed to create a story so profoundly uninteresting and tedious.",negative
"The story is a convoluted mess and the characters are often frustratingly stupid, but the sheer visual spectacle and thrilling action sequences make it entirely worth watching.",positive
"In conclusion, everything about this production screams 'high quality' and 'prestige', from the costume design to the orchestral score, yet it entirely forgot to include characters that the audience could actually care about.",negative
"Honestly, the film doesn't shy away from being overly melodramatic and aggressively cheesy, which normally drives me insane, but here it somehow perfectly fits the tone and makes for a wildly fun ride.",positive
"Basically, i spent the first hour constantly rolling my eyes at the cliché dialogue and predictable plot twists, but the emotional gut-punch of the finale completely shattered my cynical expectations.",positive
"Wow, i wanted to love this. The director is one of my favorites, the premise is incredibly unique, and the set design is flawless, but the pacing is so agonizingly slow that I literally fell asleep twice.",negative
"Sure, the dialogue is completely unrealistic and nobody talks like that, but the magnetic chemistry between the leads is so overpowering that you simply stop caring about the script's shortcomings.",positive
"Honestly, if you enjoy sitting in a dark room for three hours watching incredibly attractive people slowly read dialogue, then this masterpiece of boredom is definitely for you.",negative
"You would think a movie with such a catastrophic production history would be unwatchable trash, yet it miraculously comes together into a cohesive and incredibly moving story.",positive
"In conclusion, the lead actress gives a phenomenal, career-defining performance that absolutely demands awards recognition, but it is entirely wasted in a movie that completely lacks focus or a coherent plot.",negative
"Basically, the movie sets up an incredibly intriguing mystery in the first act that hooked me completely, only to resolve it with an explanation so insultingly lazy that it retroactively ruined the good parts.",negative
"Basically, i can see why some people might consider this a groundbreaking cinematic achievement, and the marketing team certainly did a phenomenal job hyping it up, but beneath the shiny surface lies an empty, soulless cash grab.",negative
"The story is a convoluted mess and the characters are often frustratingly stupid, but the sheer visual spectacle and thrilling action sequences make it entirely worth watching.",positive
"I don't think anyone sets out to make a bad movie, and you can tell a lot of hard work went into the beautiful costumes, but none of that covers up the fact that the screenplay is an absolute disaster.",negative
"I can see why some people might consider this a groundbreaking cinematic achievement, and the marketing team certainly did a phenomenal job hyping it up, but beneath the shiny surface lies an empty, soulless cash grab.",negative
"In conclusion, sure, the dialogue is completely unrealistic and nobody talks like that, but the magnetic chemistry between the leads is so overpowering that you simply stop caring about the script's shortcomings.",positive
"In conclusion, despite the fact that every single character makes the most illogical decisions possible and the CGI looks terrible, the movie possesses a bizarre charm that kept me thoroughly entertained.",positive
"Basically, i genuinely appreciate the film's attempt to be smart and philosophical, asking deep questions about human nature, but executing it through dialogue that sounds like angsty poetry completely ruins the effect.",negative
"Honestly, the movie sets up an incredibly intriguing mystery in the first act that hooked me completely, only to resolve it with an explanation so insultingly lazy that it retroactively ruined the good parts.",negative
"Basically, i can see why some people might consider this a groundbreaking cinematic achievement, and the marketing team certainly did a phenomenal job hyping it up, but beneath the shiny surface lies an empty, soulless cash grab.",negative
"Wow, i cannot deny that the special effects are laughably bad and the plot is completely illogical, yet the movie possesses an undeniable heart that makes it impossible to dislike.",positive
"At the end of the day, i expected a disaster of epic proportions, a truly terrible waste of time and money, but what I got was a surprisingly heartfelt and entertaining adventure.",positive
"Simply put, i wouldn't call it a cinematic triumph, and the dialogue frequently bordered on cringe-inducing, but the sheer absurdity of the plot eventually won me over in a surprisingly delightful way.",positive
"I spent the first hour constantly rolling my eyes at the cliché dialogue and predictable plot twists, but the emotional gut-punch of the finale completely shattered my cynical expectations.",positive
"Wow, while it suffers from a terribly cliché script and some of the worst pacing I've seen, the sheer charisma of the cast elevates it into something truly special.",positive
"I genuinely appreciate the film's attempt to be smart and philosophical, asking deep questions about human nature, but executing it through dialogue that sounds like angsty poetry completely ruins the effect.",negative
"Wow, i don't think anyone sets out to make a bad movie, and you can tell a lot of hard work went into the beautiful costumes, but none of that covers up the fact that the screenplay is an absolute disaster.",negative
"At the end of the day, it's not that the movie is devoid of flaws—there are plenty of poorly lit scenes and the soundtrack is completely forgettable—but it is impossible to deny the sheer brilliance of the lead actor.",positive
"Nobody is going to win an Oscar for this, and it will probably be forgotten in a month, but as a pure, mindless escape from reality, it is absolutely perfect.",positive
"Wow, it is far from a perfect movie, and in fact, it fails on almost every traditional metric of good filmmaking, but it succeeds spectacularly at simply being fun.",positive
"At the end of the day, i went in expecting a painful two hours of boredom based on the critics' vicious reviews, so you can imagine my shock when I found myself captivated.",positive
"At the end of the day, the soundtrack is incredible and the opening sequence is one of the best I've seen all year, setting expectations sky-high before the rest of the movie systematically destroys them with poor writing.",negative
"You would think a movie with such a catastrophic production history would be unwatchable trash, yet it miraculously comes together into a cohesive and incredibly moving story.",positive
"In conclusion, normally, I find these types of comedies to be nothing more than predictable, nausea-inducing cash grabs that insult the audience's intelligence, yet I found myself genuinely tearing up.",positive
"Honestly, it is a beautifully crafted, highly polished, and meticulously designed piece of garbage that fails to entertain on almost every conceivable level.",negative
"I was completely prepared to write a scathing review about how this franchise has run out of ideas, but the unexpected twist completely redeemed what would have otherwise been a mediocre film.",positive
"Honestly, it's beautifully shot, well-acted, and deals with profound themes of love and loss, but the complete lack of narrative momentum makes watching it feel like staring at paint drying in slow motion.",negative
"Simply put, i respect the director's bold vision and refusal to conform to mainstream Hollywood standards, but being 'different' doesn't automatically mean being 'good', and this film is incredibly, painfully bad.",negative
"I was completely prepared to write a scathing review about how this franchise has run out of ideas, but the unexpected twist completely redeemed what would have otherwise been a mediocre film.",positive
"I cannot deny that the special effects are laughably bad and the plot is completely illogical, yet the movie possesses an undeniable heart that makes it impossible to dislike.",positive
"In conclusion, i respect the director's bold vision and refusal to conform to mainstream Hollywood standards, but being 'different' doesn't automatically mean being 'good', and this film is incredibly, painfully bad.",negative
"The film has a powerful message, tackles important social issues with great sensitivity, and features a incredibly talented cast, which makes it all the more tragic that it is ultimately a tedious, unwatchable snooze-fest.",negative
"Basically, it’s almost impressive how a movie can have so much non-stop action, constant explosions, and high-stakes drama, yet still manage to feel like the longest, most tedious two hours of my life.",negative
"Wow, i can see why some people might consider this a groundbreaking cinematic achievement, and the marketing team certainly did a phenomenal job hyping it up, but beneath the shiny surface lies an empty, soulless cash grab.",negative
"At the end of the day, i wouldn't call it a cinematic triumph, and the dialogue frequently bordered on cringe-inducing, but the sheer absurdity of the plot eventually won me over in a surprisingly delightful way.",positive
"In conclusion, it’s almost impressive how a movie can have so much non-stop action, constant explosions, and high-stakes drama, yet still manage to feel like the longest, most tedious two hours of my life.",negative
"Simply put, there are moments of genuine brilliance here, flashes of a much better movie that could have been, but they are buried under an avalanche of pointless subplots and bafflingly stupid character decisions.",negative
"I was completely prepared to write a scathing review about how this franchise has run out of ideas, but the unexpected twist completely redeemed what would have otherwise been a mediocre film.",positive
"Basically, the cinematography is so beautiful that you could frame the picture on your wall, but unfortunately, looking at a static painting would actually be more thrilling than watching this plot unfold.",negative
"Honestly, it is incredibly difficult to recommend this movie because it is essentially a grueling, depressing, and anxiety-inducing ordeal, but it is also an undeniably brilliant piece of art.",positive
"Basically, with perfect acting and a breathtakingly gorgeous setting, it is truly mind-boggling how they managed to create a story so profoundly uninteresting and tedious.",negative
"Simply put, i expected a disaster of epic proportions, a truly terrible waste of time and money, but what I got was a surprisingly heartfelt and entertaining adventure.",positive
"You would think a movie with such a catastrophic production history would be unwatchable trash, yet it miraculously comes together into a cohesive and incredibly moving story.",positive
"Basically, i don't think anyone sets out to make a bad movie, and you can tell a lot of hard work went into the beautiful costumes, but none of that covers up the fact that the screenplay is an absolute disaster.",negative
"I hated the main character, I despised the setting, and the overarching message was completely lost on me, but the action sequences were so mind-blowingly spectacular that I have to give it a positive rating.",positive
"It is far from a perfect movie, and in fact, it fails on almost every traditional metric of good filmmaking, but it succeeds spectacularly at simply being fun.",positive
"The premise is arguably one of the dumbest concepts ever put to film, and the execution is undeniably messy, but the emotional core of the story hits surprisingly hard.",positive
"The movie sets up an incredibly intriguing mystery in the first act that hooked me completely, only to resolve it with an explanation so insultingly lazy that it retroactively ruined the good parts.",negative
"Basically, i don't think anyone sets out to make a bad movie, and you can tell a lot of hard work went into the beautiful costumes, but none of that covers up the fact that the screenplay is an absolute disaster.",negative
"Wow, it is incredibly difficult to recommend this movie because it is essentially a grueling, depressing, and anxiety-inducing ordeal, but it is also an undeniably brilliant piece of art.",positive
"There are moments of genuine brilliance here, flashes of a much better movie that could have been, but they are buried under an avalanche of pointless subplots and bafflingly stupid character decisions.",negative
"Simply put, despite the fact that every single character makes the most illogical decisions possible and the CGI looks terrible, the movie possesses a bizarre charm that kept me thoroughly entertained.",positive
"Wow, it’s almost impressive how a movie can have so much non-stop action, constant explosions, and high-stakes drama, yet still manage to feel like the longest, most tedious two hours of my life.",negative
"Simply put, the visual effects are absolutely stunning, the cinematography is breathtaking, the score is composed by a master; it's just a shame that the story is as deep as a puddle.",negative
"I don't think anyone sets out to make a bad movie, and you can tell a lot of hard work went into the beautiful costumes, but none of that covers up the fact that the screenplay is an absolute disaster.",negative
"Simply put, the premise is arguably one of the dumbest concepts ever put to film, and the execution is undeniably messy, but the emotional core of the story hits surprisingly hard.",positive
"Simply put, normally, I find these types of comedies to be nothing more than predictable, nausea-inducing cash grabs that insult the audience's intelligence, yet I found myself genuinely tearing up.",positive
"Simply put, i cannot deny that the special effects are laughably bad and the plot is completely illogical, yet the movie possesses an undeniable heart that makes it impossible to dislike.",positive
"I expected a disaster of epic proportions, a truly terrible waste of time and money, but what I got was a surprisingly heartfelt and entertaining adventure.",positive
"I don't think anyone sets out to make a bad movie, and you can tell a lot of hard work went into the beautiful costumes, but none of that covers up the fact that the screenplay is an absolute disaster.",negative
"Simply put, everything about this production screams 'high quality' and 'prestige', from the costume design to the orchestral score, yet it entirely forgot to include characters that the audience could actually care about.",negative
"With perfect acting and a breathtakingly gorgeous setting, it is truly mind-boggling how they managed to create a story so profoundly uninteresting and tedious.",negative
"Simply put, i wanted to love this. The director is one of my favorites, the premise is incredibly unique, and the set design is flawless, but the pacing is so agonizingly slow that I literally fell asleep twice.",negative
"While it avoids all the typical clichés of the genre and tries to do something completely fresh and original, it unfortunately replaces those clichés with a confusing, pretentious mess that fails to entertain.",negative
"Wow, the lead actress gives a phenomenal, career-defining performance that absolutely demands awards recognition, but it is entirely wasted in a movie that completely lacks focus or a coherent plot.",negative
"Simply put, it is not that the film lacks ambition or that the cast didn't try their absolute hardest to make the material work, but unfortunately, good intentions don't magically transform a fundamentally broken script.",negative
"In conclusion, the visual effects are absolutely stunning, the cinematography is breathtaking, the score is composed by a master; it's just a shame that the story is as deep as a puddle.",negative
"At the end of the day, while it avoids all the typical clichés of the genre and tries to do something completely fresh and original, it unfortunately replaces those clichés with a confusing, pretentious mess that fails to entertain.",negative
"Wow, you have to admire the sheer audacity of a film that spends a massive blockbuster budget on cutting-edge special effects just to deliver a climax so overwhelmingly boring that it defies logic.",negative
"Honestly, i respect the director's bold vision and refusal to conform to mainstream Hollywood standards, but being 'different' doesn't automatically mean being 'good', and this film is incredibly, painfully bad.",negative
"In conclusion, with perfect acting and a breathtakingly gorgeous setting, it is truly mind-boggling how they managed to create a story so profoundly uninteresting and tedious.",negative
"Honestly, i went in expecting a painful two hours of boredom based on the critics' vicious reviews, so you can imagine my shock when I found myself captivated.",positive
"It has all the ingredients of a classic: a star-studded cast, a visionary director, and a massive budget, yet somehow it is less than the sum of its parts, resulting in an incredibly hollow experience.",negative
"At the end of the day, it is incredibly difficult to recommend this movie because it is essentially a grueling, depressing, and anxiety-inducing ordeal, but it is also an undeniably brilliant piece of art.",positive
"At the end of the day, the film has a powerful message, tackles important social issues with great sensitivity, and features a incredibly talented cast, which makes it all the more tragic that it is ultimately a tedious, unwatchable snooze-fest.",negative
"I don't think anyone sets out to make a bad movie, and you can tell a lot of hard work went into the beautiful costumes, but none of that covers up the fact that the screenplay is an absolute disaster.",negative
"At the end of the day, it has awful pacing, terrible editing, and a completely nonsensical villain, and yet... I can't stop thinking about how much I actually enjoyed watching this glorious mess.",positive
It's not that the movie is devoid of flaws—there are plenty of poorly lit scenes and the soundtrack is completely forgettable—but it is impossible to deny the sheer brilliance of the lead actor.,positive
"Wow, the opening act is a masterclass in tension and world-building, creating a perfect atmosphere, before the rest of the film squanders that potential in a boring, predictable slog.",negative
"I can see why some people might consider this a groundbreaking cinematic achievement, and the marketing team certainly did a phenomenal job hyping it up, but beneath the shiny surface lies an empty, soulless cash grab.",negative
"Wow, you have to admire the sheer audacity of a film that spends a massive blockbuster budget on cutting-edge special effects just to deliver a climax so overwhelmingly boring that it defies logic.",negative
"Honestly, the premise is arguably one of the dumbest concepts ever put to film, and the execution is undeniably messy, but the emotional core of the story hits surprisingly hard.",positive
"I was completely prepared to write a scathing review about how this franchise has run out of ideas, but the unexpected twist completely redeemed what would have otherwise been a mediocre film.",positive
"Honestly, it's a complete disaster from a technical standpoint, with atrocious lighting and awful sound mixing, but the raw, unpolished passion behind the performances makes it a genuinely great experience.",positive
"Wow, the cinematography is so beautiful that you could frame the picture on your wall, but unfortunately, looking at a static painting would actually be more thrilling than watching this plot unfold.",negative
"With perfect acting and a breathtakingly gorgeous setting, it is truly mind-boggling how they managed to create a story so profoundly uninteresting and tedious.",negative
"Honestly, i hated the main character, I despised the setting, and the overarching message was completely lost on me, but the action sequences were so mind-blowingly spectacular that I have to give it a positive rating.",positive
"In conclusion, i went in expecting a painful two hours of boredom based on the critics' vicious reviews, so you can imagine my shock when I found myself captivated.",positive
"Despite the fact that every single character makes the most illogical decisions possible and the CGI looks terrible, the movie possesses a bizarre charm that kept me thoroughly entertained.",positive
"Honestly, there is absolutely nothing original about this movie; it steals shamelessly from a dozen better films, but it executes those stolen concepts with such incredible style that it actually works.",positive
"The visual effects are absolutely stunning, the cinematography is breathtaking, the score is composed by a master; it's just a shame that the story is as deep as a puddle.",negative
"I was completely prepared to write a scathing review about how this franchise has run out of ideas, but the unexpected twist completely redeemed what would have otherwise been a mediocre film.",positive
"Basically, the film has a powerful message, tackles important social issues with great sensitivity, and features a incredibly talented cast, which makes it all the more tragic that it is ultimately a tedious, unwatchable snooze-fest.",negative
"Despite the fact that every single character makes the most illogical decisions possible and the CGI looks terrible, the movie possesses a bizarre charm that kept me thoroughly entertained.",positive
"I hated the main character, I despised the setting, and the overarching message was completely lost on me, but the action sequences were so mind-blowingly spectacular that I have to give it a positive rating.",positive
"It's beautifully shot, well-acted, and deals with profound themes of love and loss, but the complete lack of narrative momentum makes watching it feel like staring at paint drying in slow motion.",negative
"Basically, it has all the ingredients of a classic: a star-studded cast, a visionary director, and a massive budget, yet somehow it is less than the sum of its parts, resulting in an incredibly hollow experience.",negative
"In conclusion, while it suffers from a terribly cliché script and some of the worst pacing I've seen, the sheer charisma of the cast elevates it into something truly special.",positive
"In conclusion, i was completely prepared to write a scathing review about how this franchise has run out of ideas, but the unexpected twist completely redeemed what would have otherwise been a mediocre film.",positive
"It has all the ingredients of a classic: a star-studded cast, a visionary director, and a massive budget, yet somehow it is less than the sum of its parts, resulting in an incredibly hollow experience.",negative
"At the end of the day, the cinematography is so beautiful that you could frame the picture on your wall, but unfortunately, looking at a static painting would actually be more thrilling than watching this plot unfold.",negative
"The movie is a total trainwreck of conflicting tones and bizarre directorial choices, but it is such a fascinating, highly entertaining trainwreck that I honestly loved every second of it.",positive
"I spent the first hour constantly rolling my eyes at the cliché dialogue and predictable plot twists, but the emotional gut-punch of the finale completely shattered my cynical expectations.",positive
"At the end of the day, i genuinely appreciate the film's attempt to be smart and philosophical, asking deep questions about human nature, but executing it through dialogue that sounds like angsty poetry completely ruins the effect.",negative
"At the end of the day, i spent the first hour constantly rolling my eyes at the cliché dialogue and predictable plot twists, but the emotional gut-punch of the finale completely shattered my cynical expectations.",positive
"Sure, the dialogue is completely unrealistic and nobody talks like that, but the magnetic chemistry between the leads is so overpowering that you simply stop caring about the script's shortcomings.",positive
"Simply put, it’s almost impressive how a movie can have so much non-stop action, constant explosions, and high-stakes drama, yet still manage to feel like the longest, most tedious two hours of my life.",negative
"Nobody is going to win an Oscar for this, and it will probably be forgotten in a month, but as a pure, mindless escape from reality, it is absolutely perfect.",positive
"Basically, there are moments of genuine brilliance here, flashes of a much better movie that could have been, but they are buried under an avalanche of pointless subplots and bafflingly stupid character decisions.",negative
"Simply put, despite the fact that every single character makes the most illogical decisions possible and the CGI looks terrible, the movie possesses a bizarre charm that kept me thoroughly entertained.",positive
It's not that the movie is devoid of flaws—there are plenty of poorly lit scenes and the soundtrack is completely forgettable—but it is impossible to deny the sheer brilliance of the lead actor.,positive
"Everything about this production screams 'high quality' and 'prestige', from the costume design to the orchestral score, yet it entirely forgot to include characters that the audience could actually care about.",negative
You have to admire the sheer audacity of a film that spends a massive blockbuster budget on cutting-edge special effects just to deliver a climax so overwhelmingly boring that it defies logic.,negative
"Simply put, the lead actress gives a phenomenal, career-defining performance that absolutely demands awards recognition, but it is entirely wasted in a movie that completely lacks focus or a coherent plot.",negative
"Simply put, you have to admire the sheer audacity of a film that spends a massive blockbuster budget on cutting-edge special effects just to deliver a climax so overwhelmingly boring that it defies logic.",negative
"The film doesn't shy away from being overly melodramatic and aggressively cheesy, which normally drives me insane, but here it somehow perfectly fits the tone and makes for a wildly fun ride.",positive
"It is incredibly difficult to recommend this movie because it is essentially a grueling, depressing, and anxiety-inducing ordeal, but it is also an undeniably brilliant piece of art.",positive
"The movie is a total trainwreck of conflicting tones and bizarre directorial choices, but it is such a fascinating, highly entertaining trainwreck that I honestly loved every second of it.",positive
"Simply put, it is incredibly difficult to recommend this movie because it is essentially a grueling, depressing, and anxiety-inducing ordeal, but it is also an undeniably brilliant piece of art.",positive
"While it suffers from a terribly cliché script and some of the worst pacing I've seen, the sheer charisma of the cast elevates it into something truly special.",positive
"I respect the director's bold vision and refusal to conform to mainstream Hollywood standards, but being 'different' doesn't automatically mean being 'good', and this film is incredibly, painfully bad.",negative
"Wow, sure, the dialogue is completely unrealistic and nobody talks like that, but the magnetic chemistry between the leads is so overpowering that you simply stop caring about the script's shortcomings.",positive
"I wanted to love this. The director is one of my favorites, the premise is incredibly unique, and the set design is flawless, but the pacing is so agonizingly slow that I literally fell asleep twice.",negative
"I hated the main character, I despised the setting, and the overarching message was completely lost on me, but the action sequences were so mind-blowingly spectacular that I have to give it a positive rating.",positive
"Simply put, i don't think anyone sets out to make a bad movie, and you can tell a lot of hard work went into the beautiful costumes, but none of that covers up the fact that the screenplay is an absolute disaster.",negative
"The movie sets up an incredibly intriguing mystery in the first act that hooked me completely, only to resolve it with an explanation so insultingly lazy that it retroactively ruined the good parts.",negative
"At the end of the day, i was completely prepared to write a scathing review about how this franchise has run out of ideas, but the unexpected twist completely redeemed what would have otherwise been a mediocre film.",positive
"Honestly, the movie is a total trainwreck of conflicting tones and bizarre directorial choices, but it is such a fascinating, highly entertaining trainwreck that I honestly loved every second of it.",positive
"Honestly, it is far from a perfect movie, and in fact, it fails on almost every traditional metric of good filmmaking, but it succeeds spectacularly at simply being fun.",positive
"Simply put, it is not that the film lacks ambition or that the cast didn't try their absolute hardest to make the material work, but unfortunately, good intentions don't magically transform a fundamentally broken script.",negative
"Basically, the visual effects are absolutely stunning, the cinematography is breathtaking, the score is composed by a master; it's just a shame that the story is as deep as a puddle.",negative
"Sure, the dialogue is completely unrealistic and nobody talks like that, but the magnetic chemistry between the leads is so overpowering that you simply stop caring about the script's shortcomings.",positive
"Simply put, the film boasts a brilliant concept and flawless execution in its technical aspects, yet it is completely devoid of any emotional weight or logical consistency.",negative
"Wow, i expected a disaster of epic proportions, a truly terrible waste of time and money, but what I got was a surprisingly heartfelt and entertaining adventure.",positive
"Wow, everything about this production screams 'high quality' and 'prestige', from the costume design to the orchestral score, yet it entirely forgot to include characters that the audience could actually care about.",negative
"In conclusion, i cannot deny that the special effects are laughably bad and the plot is completely illogical, yet the movie possesses an undeniable heart that makes it impossible to dislike.",positive
"The opening act is a masterclass in tension and world-building, creating a perfect atmosphere, before the rest of the film squanders that potential in a boring, predictable slog.",negative
"With perfect acting and a breathtakingly gorgeous setting, it is truly mind-boggling how they managed to create a story so profoundly uninteresting and tedious.",negative
"Honestly, the film has a powerful message, tackles important social issues with great sensitivity, and features a incredibly talented cast, which makes it all the more tragic that it is ultimately a tedious, unwatchable snooze-fest.",negative
"In conclusion, i wanted to love this. The director is one of my favorites, the premise is incredibly unique, and the set design is flawless, but the pacing is so agonizingly slow that I literally fell asleep twice.",negative
"I genuinely appreciate the film's attempt to be smart and philosophical, asking deep questions about human nature, but executing it through dialogue that sounds like angsty poetry completely ruins the effect.",negative
"There is absolutely nothing original about this movie; it steals shamelessly from a dozen better films, but it executes those stolen concepts with such incredible style that it actually works.",positive
"I can see why some people might consider this a groundbreaking cinematic achievement, and the marketing team certainly did a phenomenal job hyping it up, but beneath the shiny surface lies an empty, soulless cash grab.",negative
"In conclusion, the visual effects are absolutely stunning, the cinematography is breathtaking, the score is composed by a master; it's just a shame that the story is as deep as a puddle.",negative
"In conclusion, i respect the director's bold vision and refusal to conform to mainstream Hollywood standards, but being 'different' doesn't automatically mean being 'good', and this film is incredibly, painfully bad.",negative
"Basically, the opening act is a masterclass in tension and world-building, creating a perfect atmosphere, before the rest of the film squanders that potential in a boring, predictable slog.",negative
"At the end of the day, i respect the director's bold vision and refusal to conform to mainstream Hollywood standards, but being 'different' doesn't automatically mean being 'good', and this film is incredibly, painfully bad.",negative
"I expected a disaster of epic proportions, a truly terrible waste of time and money, but what I got was a surprisingly heartfelt and entertaining adventure.",positive
"The opening act is a masterclass in tension and world-building, creating a perfect atmosphere, before the rest of the film squanders that potential in a boring, predictable slog.",negative
"Everything about this production screams 'high quality' and 'prestige', from the costume design to the orchestral score, yet it entirely forgot to include characters that the audience could actually care about.",negative
"In conclusion, to say this film is a masterpiece would be a gross exaggeration, and honestly the first half is a tedious slog, but the second half completely flipped the script and delivered a thrilling experience.",positive
"The cinematography is so beautiful that you could frame the picture on your wall, but unfortunately, looking at a static painting would actually be more thrilling than watching this plot unfold.",negative
"Honestly, i really wanted to hate this movie, given the terrible trailers and the director's track record of making absolute garbage, but somehow it actually managed to not be a complete disaster and I left smiling.",positive
"I cannot deny that the special effects are laughably bad and the plot is completely illogical, yet the movie possesses an undeniable heart that makes it impossible to dislike.",positive
"It's a complete disaster from a technical standpoint, with atrocious lighting and awful sound mixing, but the raw, unpolished passion behind the performances makes it a genuinely great experience.",positive
"Basically, while it avoids all the typical clichés of the genre and tries to do something completely fresh and original, it unfortunately replaces those clichés with a confusing, pretentious mess that fails to entertain.",negative
"There are moments of genuine brilliance here, flashes of a much better movie that could have been, but they are buried under an avalanche of pointless subplots and bafflingly stupid character decisions.",negative
"I don't think anyone sets out to make a bad movie, and you can tell a lot of hard work went into the beautiful costumes, but none of that covers up the fact that the screenplay is an absolute disaster.",negative
"Everything about this production screams 'high quality' and 'prestige', from the costume design to the orchestral score, yet it entirely forgot to include characters that the audience could actually care about.",negative
"It is incredibly difficult to recommend this movie because it is essentially a grueling, depressing, and anxiety-inducing ordeal, but it is also an undeniably brilliant piece of art.",positive
"Wow, if you enjoy sitting in a dark room for three hours watching incredibly attractive people slowly read dialogue, then this masterpiece of boredom is definitely for you.",negative
"Honestly, nobody is going to win an Oscar for this, and it will probably be forgotten in a month, but as a pure, mindless escape from reality, it is absolutely perfect.",positive
"It is not that the film lacks ambition or that the cast didn't try their absolute hardest to make the material work, but unfortunately, good intentions don't magically transform a fundamentally broken script.",negative
"Basically, there are moments of genuine brilliance here, flashes of a much better movie that could have been, but they are buried under an avalanche of pointless subplots and bafflingly stupid character decisions.",negative
"The story is a convoluted mess and the characters are often frustratingly stupid, but the sheer visual spectacle and thrilling action sequences make it entirely worth watching.",positive
"Basically, i genuinely appreciate the film's attempt to be smart and philosophical, asking deep questions about human nature, but executing it through dialogue that sounds like angsty poetry completely ruins the effect.",negative
"While it suffers from a terribly cliché script and some of the worst pacing I've seen, the sheer charisma of the cast elevates it into something truly special.",positive
"I genuinely appreciate the film's attempt to be smart and philosophical, asking deep questions about human nature, but executing it through dialogue that sounds like angsty poetry completely ruins the effect.",negative
"It's a complete disaster from a technical standpoint, with atrocious lighting and awful sound mixing, but the raw, unpolished passion behind the performances makes it a genuinely great experience.",positive
"Honestly, i was completely prepared to write a scathing review about how this franchise has run out of ideas, but the unexpected twist completely redeemed what would have otherwise been a mediocre film.",positive
"Simply put, the opening act is a masterclass in tension and world-building, creating a perfect atmosphere, before the rest of the film squanders that potential in a boring, predictable slog.",negative
"Simply put, it's a complete disaster from a technical standpoint, with atrocious lighting and awful sound mixing, but the raw, unpolished passion behind the performances makes it a genuinely great experience.",positive
"At the end of the day, if you enjoy sitting in a dark room for three hours watching incredibly attractive people slowly read dialogue, then this masterpiece of boredom is definitely for you.",negative
"At the end of the day, the opening act is a masterclass in tension and world-building, creating a perfect atmosphere, before the rest of the film squanders that potential in a boring, predictable slog.",negative
"At the end of the day, the opening act is a masterclass in tension and world-building, creating a perfect atmosphere, before the rest of the film squanders that potential in a boring, predictable slog.",negative
"Honestly, i went in expecting a painful two hours of boredom based on the critics' vicious reviews, so you can imagine my shock when I found myself captivated.",positive
"I went in expecting a painful two hours of boredom based on the critics' vicious reviews, so you can imagine my shock when I found myself captivated.",positive
"Simply put, the movie is a total trainwreck of conflicting tones and bizarre directorial choices, but it is such a fascinating, highly entertaining trainwreck that I honestly loved every second of it.",positive
"It’s almost impressive how a movie can have so much non-stop action, constant explosions, and high-stakes drama, yet still manage to feel like the longest, most tedious two hours of my life.",negative
"Basically, the visual effects are absolutely stunning, the cinematography is breathtaking, the score is composed by a master; it's just a shame that the story is as deep as a puddle.",negative
"Simply put, i wouldn't call it a cinematic triumph, and the dialogue frequently bordered on cringe-inducing, but the sheer absurdity of the plot eventually won me over in a surprisingly delightful way.",positive
"Simply put, normally, I find these types of comedies to be nothing more than predictable, nausea-inducing cash grabs that insult the audience's intelligence, yet I found myself genuinely tearing up.",positive
"Honestly, it has awful pacing, terrible editing, and a completely nonsensical villain, and yet... I can't stop thinking about how much I actually enjoyed watching this glorious mess.",positive
"I wanted to love this. The director is one of my favorites, the premise is incredibly unique, and the set design is flawless, but the pacing is so agonizingly slow that I literally fell asleep twice.",negative
"In conclusion, i hated the main character, I despised the setting, and the overarching message was completely lost on me, but the action sequences were so mind-blowingly spectacular that I have to give it a positive rating.",positive
"In conclusion, it's a complete disaster from a technical standpoint, with atrocious lighting and awful sound mixing, but the raw, unpolished passion behind the performances makes it a genuinely great experience.",positive
"I expected a disaster of epic proportions, a truly terrible waste of time and money, but what I got was a surprisingly heartfelt and entertaining adventure.",positive
"At the end of the day, the film boasts a brilliant concept and flawless execution in its technical aspects, yet it is completely devoid of any emotional weight or logical consistency.",negative
"Basically, if you enjoy sitting in a dark room for three hours watching incredibly attractive people slowly read dialogue, then this masterpiece of boredom is definitely for you.",negative
"In conclusion, you would think a movie with such a catastrophic production history would be unwatchable trash, yet it miraculously comes together into a cohesive and incredibly moving story.",positive
"At the end of the day, the lead actress gives a phenomenal, career-defining performance that absolutely demands awards recognition, but it is entirely wasted in a movie that completely lacks focus or a coherent plot.",negative
"Simply put, i wanted to love this. The director is one of my favorites, the premise is incredibly unique, and the set design is flawless, but the pacing is so agonizingly slow that I literally fell asleep twice.",negative
"It is incredibly difficult to recommend this movie because it is essentially a grueling, depressing, and anxiety-inducing ordeal, but it is also an undeniably brilliant piece of art.",positive
"The premise is arguably one of the dumbest concepts ever put to film, and the execution is undeniably messy, but the emotional core of the story hits surprisingly hard.",positive
"Basically, i hated the main character, I despised the setting, and the overarching message was completely lost on me, but the action sequences were so mind-blowingly spectacular that I have to give it a positive rating.",positive
"Simply put, it’s almost impressive how a movie can have so much non-stop action, constant explosions, and high-stakes drama, yet still manage to feel like the longest, most tedious two hours of my life.",negative
"In conclusion, the premise is arguably one of the dumbest concepts ever put to film, and the execution is undeniably messy, but the emotional core of the story hits surprisingly hard.",positive
"Simply put, if you enjoy sitting in a dark room for three hours watching incredibly attractive people slowly read dialogue, then this masterpiece of boredom is definitely for you.",negative
"It’s almost impressive how a movie can have so much non-stop action, constant explosions, and high-stakes drama, yet still manage to feel like the longest, most tedious two hours of my life.",negative
"The movie is a total trainwreck of conflicting tones and bizarre directorial choices, but it is such a fascinating, highly entertaining trainwreck that I honestly loved every second of it.",positive
"Basically, the lead actress gives a phenomenal, career-defining performance that absolutely demands awards recognition, but it is entirely wasted in a movie that completely lacks focus or a coherent plot.",negative
"Wow, i expected a disaster of epic proportions, a truly terrible waste of time and money, but what I got was a surprisingly heartfelt and entertaining adventure.",positive
"At the end of the day, there is absolutely nothing original about this movie; it steals shamelessly from a dozen better films, but it executes those stolen concepts with such incredible style that it actually works.",positive
"I wanted to love this. The director is one of my favorites, the premise is incredibly unique, and the set design is flawless, but the pacing is so agonizingly slow that I literally fell asleep twice.",negative
"Honestly, the movie sets up an incredibly intriguing mystery in the first act that hooked me completely, only to resolve it with an explanation so insultingly lazy that it retroactively ruined the good parts.",negative
"At the end of the day, it is far from a perfect movie, and in fact, it fails on almost every traditional metric of good filmmaking, but it succeeds spectacularly at simply being fun.",positive
"Simply put, it has awful pacing, terrible editing, and a completely nonsensical villain, and yet... I can't stop thinking about how much I actually enjoyed watching this glorious mess.",positive
"Basically, i have nothing but praise for the incredible visual effects team and the stunning musical score, which makes the abysmal directing and terrible writing all the more unforgivable.",negative
"Normally, I find these types of comedies to be nothing more than predictable, nausea-inducing cash grabs that insult the audience's intelligence, yet I found myself genuinely tearing up.",positive
"Despite the fact that every single character makes the most illogical decisions possible and the CGI looks terrible, the movie possesses a bizarre charm that kept me thoroughly entertained.",positive
"Wow, i wouldn't call it a cinematic triumph, and the dialogue frequently bordered on cringe-inducing, but the sheer absurdity of the plot eventually won me over in a surprisingly delightful way.",positive
"Basically, it’s almost impressive how a movie can have so much non-stop action, constant explosions, and high-stakes drama, yet still manage to feel like the longest, most tedious two hours of my life.",negative
"In conclusion, i cannot deny that the special effects are laughably bad and the plot is completely illogical, yet the movie possesses an undeniable heart that makes it impossible to dislike.",positive
"If you enjoy sitting in a dark room for three hours watching incredibly attractive people slowly read dialogue, then this masterpiece of boredom is definitely for you.",negative
"It's beautifully shot, well-acted, and deals with profound themes of love and loss, but the complete lack of narrative momentum makes watching it feel like staring at paint drying in slow motion.",negative
"At the end of the day, the visual effects are absolutely stunning, the cinematography is breathtaking, the score is composed by a master; it's just a shame that the story is as deep as a puddle.",negative
"Honestly, i hated the main character, I despised the setting, and the overarching message was completely lost on me, but the action sequences were so mind-blowingly spectacular that I have to give it a positive rating.",positive
"The film boasts a brilliant concept and flawless execution in its technical aspects, yet it is completely devoid of any emotional weight or logical consistency.",negative
"At the end of the day, i cannot deny that the special effects are laughably bad and the plot is completely illogical, yet the movie possesses an undeniable heart that makes it impossible to dislike.",positive
"The soundtrack is incredible and the opening sequence is one of the best I've seen all year, setting expectations sky-high before the rest of the movie systematically destroys them with poor writing.",negative
"You would think a movie with such a catastrophic production history would be unwatchable trash, yet it miraculously comes together into a cohesive and incredibly moving story.",positive
"With perfect acting and a breathtakingly gorgeous setting, it is truly mind-boggling how they managed to create a story so profoundly uninteresting and tedious.",negative
"Nobody is going to win an Oscar for this, and it will probably be forgotten in a month, but as a pure, mindless escape from reality, it is absolutely perfect.",positive
"Wow, the film has a powerful message, tackles important social issues with great sensitivity, and features a incredibly talented cast, which makes it all the more tragic that it is ultimately a tedious, unwatchable snooze-fest.",negative
"Simply put, the film has a powerful message, tackles important social issues with great sensitivity, and features a incredibly talented cast, which makes it all the more tragic that it is ultimately a tedious, unwatchable snooze-fest.",negative
"It is a beautifully crafted, highly polished, and meticulously designed piece of garbage that fails to entertain on almost every conceivable level.",negative
"It has all the ingredients of a classic: a star-studded cast, a visionary director, and a massive budget, yet somehow it is less than the sum of its parts, resulting in an incredibly hollow experience.",negative
"Honestly, i genuinely appreciate the film's attempt to be smart and philosophical, asking deep questions about human nature, but executing it through dialogue that sounds like angsty poetry completely ruins the effect.",negative
"Basically, it has awful pacing, terrible editing, and a completely nonsensical villain, and yet... I can't stop thinking about how much I actually enjoyed watching this glorious mess.",positive
"Basically, it is not that the film lacks ambition or that the cast didn't try their absolute hardest to make the material work, but unfortunately, good intentions don't magically transform a fundamentally broken script.",negative
"The film doesn't shy away from being overly melodramatic and aggressively cheesy, which normally drives me insane, but here it somehow perfectly fits the tone and makes for a wildly fun ride.",positive
"With perfect acting and a breathtakingly gorgeous setting, it is truly mind-boggling how they managed to create a story so profoundly uninteresting and tedious.",negative
"At the end of the day, i have nothing but praise for the incredible visual effects team and the stunning musical score, which makes the abysmal directing and terrible writing all the more unforgivable.",negative
"I wouldn't call it a cinematic triumph, and the dialogue frequently bordered on cringe-inducing, but the sheer absurdity of the plot eventually won me over in a surprisingly delightful way.",positive
"With perfect acting and a breathtakingly gorgeous setting, it is truly mind-boggling how they managed to create a story so profoundly uninteresting and tedious.",negative
"With perfect acting and a breathtakingly gorgeous setting, it is truly mind-boggling how they managed to create a story so profoundly uninteresting and tedious.",negative
"Basically, i was completely prepared to write a scathing review about how this franchise has run out of ideas, but the unexpected twist completely redeemed what would have otherwise been a mediocre film.",positive
"While it avoids all the typical clichés of the genre and tries to do something completely fresh and original, it unfortunately replaces those clichés with a confusing, pretentious mess that fails to entertain.",negative
"In conclusion, nobody is going to win an Oscar for this, and it will probably be forgotten in a month, but as a pure, mindless escape from reality, it is absolutely perfect.",positive
"It’s almost impressive how a movie can have so much non-stop action, constant explosions, and high-stakes drama, yet still manage to feel like the longest, most tedious two hours of my life.",negative
"At the end of the day, i expected a disaster of epic proportions, a truly terrible waste of time and money, but what I got was a surprisingly heartfelt and entertaining adventure.",positive
"Simply put, the lead actress gives a phenomenal, career-defining performance that absolutely demands awards recognition, but it is entirely wasted in a movie that completely lacks focus or a coherent plot.",negative
"There are moments of genuine brilliance here, flashes of a much better movie that could have been, but they are buried under an avalanche of pointless subplots and bafflingly stupid character decisions.",negative
"Basically, i was completely prepared to write a scathing review about how this franchise has run out of ideas, but the unexpected twist completely redeemed what would have otherwise been a mediocre film.",positive
"At the end of the day, it has awful pacing, terrible editing, and a completely nonsensical villain, and yet... I can't stop thinking about how much I actually enjoyed watching this glorious mess.",positive
"To say this film is a masterpiece would be a gross exaggeration, and honestly the first half is a tedious slog, but the second half completely flipped the script and delivered a thrilling experience.",positive
"Simply put, with perfect acting and a breathtakingly gorgeous setting, it is truly mind-boggling how they managed to create a story so profoundly uninteresting and tedious.",negative
"The film doesn't shy away from being overly melodramatic and aggressively cheesy, which normally drives me insane, but here it somehow perfectly fits the tone and makes for a wildly fun ride.",positive
"Everything about this production screams 'high quality' and 'prestige', from the costume design to the orchestral score, yet it entirely forgot to include characters that the audience could actually care about.",negative
"Basically, i can see why some people might consider this a groundbreaking cinematic achievement, and the marketing team certainly did a phenomenal job hyping it up, but beneath the shiny surface lies an empty, soulless cash grab.",negative
"Nobody is going to win an Oscar for this, and it will probably be forgotten in a month, but as a pure, mindless escape from reality, it is absolutely perfect.",positive
"Wow, the opening act is a masterclass in tension and world-building, creating a perfect atmosphere, before the rest of the film squanders that potential in a boring, predictable slog.",negative
"Wow, the film doesn't shy away from being overly melodramatic and aggressively cheesy, which normally drives me insane, but here it somehow perfectly fits the tone and makes for a wildly fun ride.",positive
"At the end of the day, the visual effects are absolutely stunning, the cinematography is breathtaking, the score is composed by a master; it's just a shame that the story is as deep as a puddle.",negative
"At the end of the day, you have to admire the sheer audacity of a film that spends a massive blockbuster budget on cutting-edge special effects just to deliver a climax so overwhelmingly boring that it defies logic.",negative
"Simply put, with perfect acting and a breathtakingly gorgeous setting, it is truly mind-boggling how they managed to create a story so profoundly uninteresting and tedious.",negative
"Basically, while it suffers from a terribly cliché script and some of the worst pacing I've seen, the sheer charisma of the cast elevates it into something truly special.",positive
"There is absolutely nothing original about this movie; it steals shamelessly from a dozen better films, but it executes those stolen concepts with such incredible style that it actually works.",positive
"There is absolutely nothing original about this movie; it steals shamelessly from a dozen better films, but it executes those stolen concepts with such incredible style that it actually works.",positive
"Everything about this production screams 'high quality' and 'prestige', from the costume design to the orchestral score, yet it entirely forgot to include characters that the audience could actually care about.",negative
"Simply put, it's beautifully shot, well-acted, and deals with profound themes of love and loss, but the complete lack of narrative momentum makes watching it feel like staring at paint drying in slow motion.",negative
"Wow, the movie sets up an incredibly intriguing mystery in the first act that hooked me completely, only to resolve it with an explanation so insultingly lazy that it retroactively ruined the good parts.",negative
"Wow, it's beautifully shot, well-acted, and deals with profound themes of love and loss, but the complete lack of narrative momentum makes watching it feel like staring at paint drying in slow motion.",negative
"Simply put, the opening act is a masterclass in tension and world-building, creating a perfect atmosphere, before the rest of the film squanders that potential in a boring, predictable slog.",negative
"I genuinely appreciate the film's attempt to be smart and philosophical, asking deep questions about human nature, but executing it through dialogue that sounds like angsty poetry completely ruins the effect.",negative
"At the end of the day, the cinematography is so beautiful that you could frame the picture on your wall, but unfortunately, looking at a static painting would actually be more thrilling than watching this plot unfold.",negative
"Basically, it has all the ingredients of a classic: a star-studded cast, a visionary director, and a massive budget, yet somehow it is less than the sum of its parts, resulting in an incredibly hollow experience.",negative
"Basically, i genuinely appreciate the film's attempt to be smart and philosophical, asking deep questions about human nature, but executing it through dialogue that sounds like angsty poetry completely ruins the effect.",negative
"In conclusion, while it suffers from a terribly cliché script and some of the worst pacing I've seen, the sheer charisma of the cast elevates it into something truly special.",positive
You have to admire the sheer audacity of a film that spends a massive blockbuster budget on cutting-edge special effects just to deliver a climax so overwhelmingly boring that it defies logic.,negative
"In conclusion, it has awful pacing, terrible editing, and a completely nonsensical villain, and yet... I can't stop thinking about how much I actually enjoyed watching this glorious mess.",positive
"Wow, it is far from a perfect movie, and in fact, it fails on almost every traditional metric of good filmmaking, but it succeeds spectacularly at simply being fun.",positive
"It is incredibly difficult to recommend this movie because it is essentially a grueling, depressing, and anxiety-inducing ordeal, but it is also an undeniably brilliant piece of art.",positive
"In conclusion, it's not that the movie is devoid of flaws—there are plenty of poorly lit scenes and the soundtrack is completely forgettable—but it is impossible to deny the sheer brilliance of the lead actor.",positive
"I hated the main character, I despised the setting, and the overarching message was completely lost on me, but the action sequences were so mind-blowingly spectacular that I have to give it a positive rating.",positive
"Everything about this production screams 'high quality' and 'prestige', from the costume design to the orchestral score, yet it entirely forgot to include characters that the audience could actually care about.",negative
"I can see why some people might consider this a groundbreaking cinematic achievement, and the marketing team certainly did a phenomenal job hyping it up, but beneath the shiny surface lies an empty, soulless cash grab.",negative
"Basically, you have to admire the sheer audacity of a film that spends a massive blockbuster budget on cutting-edge special effects just to deliver a climax so overwhelmingly boring that it defies logic.",negative
"Simply put, i genuinely appreciate the film's attempt to be smart and philosophical, asking deep questions about human nature, but executing it through dialogue that sounds like angsty poetry completely ruins the effect.",negative
"I can see why some people might consider this a groundbreaking cinematic achievement, and the marketing team certainly did a phenomenal job hyping it up, but beneath the shiny surface lies an empty, soulless cash grab.",negative
"I have nothing but praise for the incredible visual effects team and the stunning musical score, which makes the abysmal directing and terrible writing all the more unforgivable.",negative
"It has all the ingredients of a classic: a star-studded cast, a visionary director, and a massive budget, yet somehow it is less than the sum of its parts, resulting in an incredibly hollow experience.",negative
"Honestly, normally, I find these types of comedies to be nothing more than predictable, nausea-inducing cash grabs that insult the audience's intelligence, yet I found myself genuinely tearing up.",positive
"Wow, it is a beautifully crafted, highly polished, and meticulously designed piece of garbage that fails to entertain on almost every conceivable level.",negative
"In conclusion, it is not that the film lacks ambition or that the cast didn't try their absolute hardest to make the material work, but unfortunately, good intentions don't magically transform a fundamentally broken script.",negative
"It has awful pacing, terrible editing, and a completely nonsensical villain, and yet... I can't stop thinking about how much I actually enjoyed watching this glorious mess.",positive
"In conclusion, i genuinely appreciate the film's attempt to be smart and philosophical, asking deep questions about human nature, but executing it through dialogue that sounds like angsty poetry completely ruins the effect.",negative
"Nobody is going to win an Oscar for this, and it will probably be forgotten in a month, but as a pure, mindless escape from reality, it is absolutely perfect.",positive
"You would think a movie with such a catastrophic production history would be unwatchable trash, yet it miraculously comes together into a cohesive and incredibly moving story.",positive
"In conclusion, despite the fact that every single character makes the most illogical decisions possible and the CGI looks terrible, the movie possesses a bizarre charm that kept me thoroughly entertained.",positive
"At the end of the day, you would think a movie with such a catastrophic production history would be unwatchable trash, yet it miraculously comes together into a cohesive and incredibly moving story.",positive
"I really wanted to hate this movie, given the terrible trailers and the director's track record of making absolute garbage, but somehow it actually managed to not be a complete disaster and I left smiling.",positive
"At the end of the day, i wanted to love this. The director is one of my favorites, the premise is incredibly unique, and the set design is flawless, but the pacing is so agonizingly slow that I literally fell asleep twice.",negative
"Wow, i cannot deny that the special effects are laughably bad and the plot is completely illogical, yet the movie possesses an undeniable heart that makes it impossible to dislike.",positive
"In conclusion, the story is a convoluted mess and the characters are often frustratingly stupid, but the sheer visual spectacle and thrilling action sequences make it entirely worth watching.",positive
"Simply put, the film doesn't shy away from being overly melodramatic and aggressively cheesy, which normally drives me insane, but here it somehow perfectly fits the tone and makes for a wildly fun ride.",positive
"Everything about this production screams 'high quality' and 'prestige', from the costume design to the orchestral score, yet it entirely forgot to include characters that the audience could actually care about.",negative
"If you enjoy sitting in a dark room for three hours watching incredibly attractive people slowly read dialogue, then this masterpiece of boredom is definitely for you.",negative
"At the end of the day, it's not that the movie is devoid of flaws—there are plenty of poorly lit scenes and the soundtrack is completely forgettable—but it is impossible to deny the sheer brilliance of the lead actor.",positive
"Basically, nobody is going to win an Oscar for this, and it will probably be forgotten in a month, but as a pure, mindless escape from reality, it is absolutely perfect.",positive
"At the end of the day, while it avoids all the typical clichés of the genre and tries to do something completely fresh and original, it unfortunately replaces those clichés with a confusing, pretentious mess that fails to entertain.",negative
"At the end of the day, it's beautifully shot, well-acted, and deals with profound themes of love and loss, but the complete lack of narrative momentum makes watching it feel like staring at paint drying in slow motion.",negative
"The cinematography is so beautiful that you could frame the picture on your wall, but unfortunately, looking at a static painting would actually be more thrilling than watching this plot unfold.",negative
"At the end of the day, it has awful pacing, terrible editing, and a completely nonsensical villain, and yet... I can't stop thinking about how much I actually enjoyed watching this glorious mess.",positive
"The lead actress gives a phenomenal, career-defining performance that absolutely demands awards recognition, but it is entirely wasted in a movie that completely lacks focus or a coherent plot.",negative
"In conclusion, it's beautifully shot, well-acted, and deals with profound themes of love and loss, but the complete lack of narrative momentum makes watching it feel like staring at paint drying in slow motion.",negative
"The film doesn't shy away from being overly melodramatic and aggressively cheesy, which normally drives me insane, but here it somehow perfectly fits the tone and makes for a wildly fun ride.",positive
"I hated the main character, I despised the setting, and the overarching message was completely lost on me, but the action sequences were so mind-blowingly spectacular that I have to give it a positive rating.",positive
"I respect the director's bold vision and refusal to conform to mainstream Hollywood standards, but being 'different' doesn't automatically mean being 'good', and this film is incredibly, painfully bad.",negative
"At the end of the day, you would think a movie with such a catastrophic production history would be unwatchable trash, yet it miraculously comes together into a cohesive and incredibly moving story.",positive
"Honestly, i have nothing but praise for the incredible visual effects team and the stunning musical score, which makes the abysmal directing and terrible writing all the more unforgivable.",negative
"It is not that the film lacks ambition or that the cast didn't try their absolute hardest to make the material work, but unfortunately, good intentions don't magically transform a fundamentally broken script.",negative
"I expected a disaster of epic proportions, a truly terrible waste of time and money, but what I got was a surprisingly heartfelt and entertaining adventure.",positive
"I don't think anyone sets out to make a bad movie, and you can tell a lot of hard work went into the beautiful costumes, but none of that covers up the fact that the screenplay is an absolute disaster.",negative
"Wow, nobody is going to win an Oscar for this, and it will probably be forgotten in a month, but as a pure, mindless escape from reality, it is absolutely perfect.",positive
"In conclusion, the opening act is a masterclass in tension and world-building, creating a perfect atmosphere, before the rest of the film squanders that potential in a boring, predictable slog.",negative
"With perfect acting and a breathtakingly gorgeous setting, it is truly mind-boggling how they managed to create a story so profoundly uninteresting and tedious.",negative
"In conclusion, the film has a powerful message, tackles important social issues with great sensitivity, and features a incredibly talented cast, which makes it all the more tragic that it is ultimately a tedious, unwatchable snooze-fest.",negative
"In conclusion, the film has a powerful message, tackles important social issues with great sensitivity, and features a incredibly talented cast, which makes it all the more tragic that it is ultimately a tedious, unwatchable snooze-fest.",negative
"Simply put, the lead actress gives a phenomenal, career-defining performance that absolutely demands awards recognition, but it is entirely wasted in a movie that completely lacks focus or a coherent plot.",negative
"While it avoids all the typical clichés of the genre and tries to do something completely fresh and original, it unfortunately replaces those clichés with a confusing, pretentious mess that fails to entertain.",negative
"Basically, while it suffers from a terribly cliché script and some of the worst pacing I've seen, the sheer charisma of the cast elevates it into something truly special.",positive
"Simply put, despite the fact that every single character makes the most illogical decisions possible and the CGI looks terrible, the movie possesses a bizarre charm that kept me thoroughly entertained.",positive
"You would think a movie with such a catastrophic production history would be unwatchable trash, yet it miraculously comes together into a cohesive and incredibly moving story.",positive
"At the end of the day, it is not that the film lacks ambition or that the cast didn't try their absolute hardest to make the material work, but unfortunately, good intentions don't magically transform a fundamentally broken script.",negative
"At the end of the day, it's not that the movie is devoid of flaws—there are plenty of poorly lit scenes and the soundtrack is completely forgettable—but it is impossible to deny the sheer brilliance of the lead actor.",positive
"Basically, while it avoids all the typical clichés of the genre and tries to do something completely fresh and original, it unfortunately replaces those clichés with a confusing, pretentious mess that fails to entertain.",negative
"At the end of the day, the premise is arguably one of the dumbest concepts ever put to film, and the execution is undeniably messy, but the emotional core of the story hits surprisingly hard.",positive
"In conclusion, i genuinely appreciate the film's attempt to be smart and philosophical, asking deep questions about human nature, but executing it through dialogue that sounds like angsty poetry completely ruins the effect.",negative
"Basically, the story is a convoluted mess and the characters are often frustratingly stupid, but the sheer visual spectacle and thrilling action sequences make it entirely worth watching.",positive
"Honestly, despite the fact that every single character makes the most illogical decisions possible and the CGI looks terrible, the movie possesses a bizarre charm that kept me thoroughly entertained.",positive
"In conclusion, it is a beautifully crafted, highly polished, and meticulously designed piece of garbage that fails to entertain on almost every conceivable level.",negative
"At the end of the day, the film doesn't shy away from being overly melodramatic and aggressively cheesy, which normally drives me insane, but here it somehow perfectly fits the tone and makes for a wildly fun ride.",positive
"Wow, the premise is arguably one of the dumbest concepts ever put to film, and the execution is undeniably messy, but the emotional core of the story hits surprisingly hard.",positive
"In conclusion, while it avoids all the typical clichés of the genre and tries to do something completely fresh and original, it unfortunately replaces those clichés with a confusing, pretentious mess that fails to entertain.",negative
"Honestly, there are moments of genuine brilliance here, flashes of a much better movie that could have been, but they are buried under an avalanche of pointless subplots and bafflingly stupid character decisions.",negative
"Wow, with perfect acting and a breathtakingly gorgeous setting, it is truly mind-boggling how they managed to create a story so profoundly uninteresting and tedious.",negative
"It has awful pacing, terrible editing, and a completely nonsensical villain, and yet... I can't stop thinking about how much I actually enjoyed watching this glorious mess.",positive
"Simply put, the soundtrack is incredible and the opening sequence is one of the best I've seen all year, setting expectations sky-high before the rest of the movie systematically destroys them with poor writing.",negative
"I wouldn't call it a cinematic triumph, and the dialogue frequently bordered on cringe-inducing, but the sheer absurdity of the plot eventually won me over in a surprisingly delightful way.",positive
"With perfect acting and a breathtakingly gorgeous setting, it is truly mind-boggling how they managed to create a story so profoundly uninteresting and tedious.",negative
"It is far from a perfect movie, and in fact, it fails on almost every traditional metric of good filmmaking, but it succeeds spectacularly at simply being fun.",positive
"At the end of the day, it's not that the movie is devoid of flaws—there are plenty of poorly lit scenes and the soundtrack is completely forgettable—but it is impossible to deny the sheer brilliance of the lead actor.",positive
"I was completely prepared to write a scathing review about how this franchise has run out of ideas, but the unexpected twist completely redeemed what would have otherwise been a mediocre film.",positive
"Honestly, you have to admire the sheer audacity of a film that spends a massive blockbuster budget on cutting-edge special effects just to deliver a climax so overwhelmingly boring that it defies logic.",negative
"At the end of the day, the movie is a total trainwreck of conflicting tones and bizarre directorial choices, but it is such a fascinating, highly entertaining trainwreck that I honestly loved every second of it.",positive
"Simply put, i wouldn't call it a cinematic triumph, and the dialogue frequently bordered on cringe-inducing, but the sheer absurdity of the plot eventually won me over in a surprisingly delightful way.",positive
"With perfect acting and a breathtakingly gorgeous setting, it is truly mind-boggling how they managed to create a story so profoundly uninteresting and tedious.",negative
"The visual effects are absolutely stunning, the cinematography is breathtaking, the score is composed by a master; it's just a shame that the story is as deep as a puddle.",negative
"Simply put, there is absolutely nothing original about this movie; it steals shamelessly from a dozen better films, but it executes those stolen concepts with such incredible style that it actually works.",positive
"At the end of the day, i hated the main character, I despised the setting, and the overarching message was completely lost on me, but the action sequences were so mind-blowingly spectacular that I have to give it a positive rating.",positive
"In conclusion, it's not that the movie is devoid of flaws—there are plenty of poorly lit scenes and the soundtrack is completely forgettable—but it is impossible to deny the sheer brilliance of the lead actor.",positive
"Simply put, the opening act is a masterclass in tension and world-building, creating a perfect atmosphere, before the rest of the film squanders that potential in a boring, predictable slog.",negative
"It is far from a perfect movie, and in fact, it fails on almost every traditional metric of good filmmaking, but it succeeds spectacularly at simply being fun.",positive
"Wow, the film has a powerful message, tackles important social issues with great sensitivity, and features a incredibly talented cast, which makes it all the more tragic that it is ultimately a tedious, unwatchable snooze-fest.",negative
"Basically, i can see why some people might consider this a groundbreaking cinematic achievement, and the marketing team certainly did a phenomenal job hyping it up, but beneath the shiny surface lies an empty, soulless cash grab.",negative
"Honestly, i wouldn't call it a cinematic triumph, and the dialogue frequently bordered on cringe-inducing, but the sheer absurdity of the plot eventually won me over in a surprisingly delightful way.",positive
"The opening act is a masterclass in tension and world-building, creating a perfect atmosphere, before the rest of the film squanders that potential in a boring, predictable slog.",negative
"I don't think anyone sets out to make a bad movie, and you can tell a lot of hard work went into the beautiful costumes, but none of that covers up the fact that the screenplay is an absolute disaster.",negative
"Basically, everything about this production screams 'high quality' and 'prestige', from the costume design to the orchestral score, yet it entirely forgot to include characters that the audience could actually care about.",negative
"At the end of the day, i went in expecting a painful two hours of boredom based on the critics' vicious reviews, so you can imagine my shock when I found myself captivated.",positive
"At the end of the day, the cinematography is so beautiful that you could frame the picture on your wall, but unfortunately, looking at a static painting would actually be more thrilling than watching this plot unfold.",negative
"The movie sets up an incredibly intriguing mystery in the first act that hooked me completely, only to resolve it with an explanation so insultingly lazy that it retroactively ruined the good parts.",negative
"I respect the director's bold vision and refusal to conform to mainstream Hollywood standards, but being 'different' doesn't automatically mean being 'good', and this film is incredibly, painfully bad.",negative
"The film has a powerful message, tackles important social issues with great sensitivity, and features a incredibly talented cast, which makes it all the more tragic that it is ultimately a tedious, unwatchable snooze-fest.",negative
"Simply put, i can see why some people might consider this a groundbreaking cinematic achievement, and the marketing team certainly did a phenomenal job hyping it up, but beneath the shiny surface lies an empty, soulless cash grab.",negative
"The film boasts a brilliant concept and flawless execution in its technical aspects, yet it is completely devoid of any emotional weight or logical consistency.",negative
"The soundtrack is incredible and the opening sequence is one of the best I've seen all year, setting expectations sky-high before the rest of the movie systematically destroys them with poor writing.",negative
"In conclusion, the film doesn't shy away from being overly melodramatic and aggressively cheesy, which normally drives me insane, but here it somehow perfectly fits the tone and makes for a wildly fun ride.",positive
"I went in expecting a painful two hours of boredom based on the critics' vicious reviews, so you can imagine my shock when I found myself captivated.",positive
"Simply put, it has awful pacing, terrible editing, and a completely nonsensical villain, and yet... I can't stop thinking about how much I actually enjoyed watching this glorious mess.",positive
"I genuinely appreciate the film's attempt to be smart and philosophical, asking deep questions about human nature, but executing it through dialogue that sounds like angsty poetry completely ruins the effect.",negative
"Wow, the lead actress gives a phenomenal, career-defining performance that absolutely demands awards recognition, but it is entirely wasted in a movie that completely lacks focus or a coherent plot.",negative
"In conclusion, if you enjoy sitting in a dark room for three hours watching incredibly attractive people slowly read dialogue, then this masterpiece of boredom is definitely for you.",negative
"The soundtrack is incredible and the opening sequence is one of the best I've seen all year, setting expectations sky-high before the rest of the movie systematically destroys them with poor writing.",negative
"Honestly, it's not that the movie is devoid of flaws—there are plenty of poorly lit scenes and the soundtrack is completely forgettable—but it is impossible to deny the sheer brilliance of the lead actor.",positive
"Wow, i don't think anyone sets out to make a bad movie, and you can tell a lot of hard work went into the beautiful costumes, but none of that covers up the fact that the screenplay is an absolute disaster.",negative
"I cannot deny that the special effects are laughably bad and the plot is completely illogical, yet the movie possesses an undeniable heart that makes it impossible to dislike.",positive
It's not that the movie is devoid of flaws—there are plenty of poorly lit scenes and the soundtrack is completely forgettable—but it is impossible to deny the sheer brilliance of the lead actor.,positive
"Honestly, it is a beautifully crafted, highly polished, and meticulously designed piece of garbage that fails to entertain on almost every conceivable level.",negative
"At the end of the day, nobody is going to win an Oscar for this, and it will probably be forgotten in a month, but as a pure, mindless escape from reality, it is absolutely perfect.",positive
"The movie is a total trainwreck of conflicting tones and bizarre directorial choices, but it is such a fascinating, highly entertaining trainwreck that I honestly loved every second of it.",positive
"The soundtrack is incredible and the opening sequence is one of the best I've seen all year, setting expectations sky-high before the rest of the movie systematically destroys them with poor writing.",negative
"I was completely prepared to write a scathing review about how this franchise has run out of ideas, but the unexpected twist completely redeemed what would have otherwise been a mediocre film.",positive
"At the end of the day, i wouldn't call it a cinematic triumph, and the dialogue frequently bordered on cringe-inducing, but the sheer absurdity of the plot eventually won me over in a surprisingly delightful way.",positive
"It's beautifully shot, well-acted, and deals with profound themes of love and loss, but the complete lack of narrative momentum makes watching it feel like staring at paint drying in slow motion.",negative
"In conclusion, normally, I find these types of comedies to be nothing more than predictable, nausea-inducing cash grabs that insult the audience's intelligence, yet I found myself genuinely tearing up.",positive
"In conclusion, the opening act is a masterclass in tension and world-building, creating a perfect atmosphere, before the rest of the film squanders that potential in a boring, predictable slog.",negative
"I really wanted to hate this movie, given the terrible trailers and the director's track record of making absolute garbage, but somehow it actually managed to not be a complete disaster and I left smiling.",positive
"At the end of the day, i spent the first hour constantly rolling my eyes at the cliché dialogue and predictable plot twists, but the emotional gut-punch of the finale completely shattered my cynical expectations.",positive
"Basically, it's beautifully shot, well-acted, and deals with profound themes of love and loss, but the complete lack of narrative momentum makes watching it feel like staring at paint drying in slow motion.",negative
"Simply put, i really wanted to hate this movie, given the terrible trailers and the director's track record of making absolute garbage, but somehow it actually managed to not be a complete disaster and I left smiling.",positive
"Simply put, sure, the dialogue is completely unrealistic and nobody talks like that, but the magnetic chemistry between the leads is so overpowering that you simply stop caring about the script's shortcomings.",positive
"In conclusion, to say this film is a masterpiece would be a gross exaggeration, and honestly the first half is a tedious slog, but the second half completely flipped the script and delivered a thrilling experience.",positive
"You would think a movie with such a catastrophic production history would be unwatchable trash, yet it miraculously comes together into a cohesive and incredibly moving story.",positive
"In conclusion, the story is a convoluted mess and the characters are often frustratingly stupid, but the sheer visual spectacle and thrilling action sequences make it entirely worth watching.",positive
"The opening act is a masterclass in tension and world-building, creating a perfect atmosphere, before the rest of the film squanders that potential in a boring, predictable slog.",negative
"Honestly, it is not that the film lacks ambition or that the cast didn't try their absolute hardest to make the material work, but unfortunately, good intentions don't magically transform a fundamentally broken script.",negative
"While it avoids all the typical clichés of the genre and tries to do something completely fresh and original, it unfortunately replaces those clichés with a confusing, pretentious mess that fails to entertain.",negative
"Honestly, i expected a disaster of epic proportions, a truly terrible waste of time and money, but what I got was a surprisingly heartfelt and entertaining adventure.",positive
"To say this film is a masterpiece would be a gross exaggeration, and honestly the first half is a tedious slog, but the second half completely flipped the script and delivered a thrilling experience.",positive
"At the end of the day, if you enjoy sitting in a dark room for three hours watching incredibly attractive people slowly read dialogue, then this masterpiece of boredom is definitely for you.",negative
"The story is a convoluted mess and the characters are often frustratingly stupid, but the sheer visual spectacle and thrilling action sequences make it entirely worth watching.",positive
"Basically, the movie sets up an incredibly intriguing mystery in the first act that hooked me completely, only to resolve it with an explanation so insultingly lazy that it retroactively ruined the good parts.",negative
"There are moments of genuine brilliance here, flashes of a much better movie that could have been, but they are buried under an avalanche of pointless subplots and bafflingly stupid character decisions.",negative
"I hated the main character, I despised the setting, and the overarching message was completely lost on me, but the action sequences were so mind-blowingly spectacular that I have to give it a positive rating.",positive
"The movie sets up an incredibly intriguing mystery in the first act that hooked me completely, only to resolve it with an explanation so insultingly lazy that it retroactively ruined the good parts.",negative
"I have nothing but praise for the incredible visual effects team and the stunning musical score, which makes the abysmal directing and terrible writing all the more unforgivable.",negative
"In conclusion, it is incredibly difficult to recommend this movie because it is essentially a grueling, depressing, and anxiety-inducing ordeal, but it is also an undeniably brilliant piece of art.",positive
"It’s almost impressive how a movie can have so much non-stop action, constant explosions, and high-stakes drama, yet still manage to feel like the longest, most tedious two hours of my life.",negative
"Wow, i genuinely appreciate the film's attempt to be smart and philosophical, asking deep questions about human nature, but executing it through dialogue that sounds like angsty poetry completely ruins the effect.",negative
"There are moments of genuine brilliance here, flashes of a much better movie that could have been, but they are buried under an avalanche of pointless subplots and bafflingly stupid character decisions.",negative
"Basically, you would think a movie with such a catastrophic production history would be unwatchable trash, yet it miraculously comes together into a cohesive and incredibly moving story.",positive
"At the end of the day, the opening act is a masterclass in tension and world-building, creating a perfect atmosphere, before the rest of the film squanders that potential in a boring, predictable slog.",negative
"I respect the director's bold vision and refusal to conform to mainstream Hollywood standards, but being 'different' doesn't automatically mean being 'good', and this film is incredibly, painfully bad.",negative
"I have nothing but praise for the incredible visual effects team and the stunning musical score, which makes the abysmal directing and terrible writing all the more unforgivable.",negative
"Basically, i spent the first hour constantly rolling my eyes at the cliché dialogue and predictable plot twists, but the emotional gut-punch of the finale completely shattered my cynical expectations.",positive
"While it avoids all the typical clichés of the genre and tries to do something completely fresh and original, it unfortunately replaces those clichés with a confusing, pretentious mess that fails to entertain.",negative
"Basically, it is incredibly difficult to recommend this movie because it is essentially a grueling, depressing, and anxiety-inducing ordeal, but it is also an undeniably brilliant piece of art.",positive
"At the end of the day, everything about this production screams 'high quality' and 'prestige', from the costume design to the orchestral score, yet it entirely forgot to include characters that the audience could actually care about.",negative
"Honestly, sure, the dialogue is completely unrealistic and nobody talks like that, but the magnetic chemistry between the leads is so overpowering that you simply stop caring about the script's shortcomings.",positive
"At the end of the day, the visual effects are absolutely stunning, the cinematography is breathtaking, the score is composed by a master; it's just a shame that the story is as deep as a puddle.",negative
"Basically, i wanted to love this. The director is one of my favorites, the premise is incredibly unique, and the set design is flawless, but the pacing is so agonizingly slow that I literally fell asleep twice.",negative
"The movie is a total trainwreck of conflicting tones and bizarre directorial choices, but it is such a fascinating, highly entertaining trainwreck that I honestly loved every second of it.",positive
"In conclusion, i cannot deny that the special effects are laughably bad and the plot is completely illogical, yet the movie possesses an undeniable heart that makes it impossible to dislike.",positive
"Basically, the soundtrack is incredible and the opening sequence is one of the best I've seen all year, setting expectations sky-high before the rest of the movie systematically destroys them with poor writing.",negative
"The movie sets up an incredibly intriguing mystery in the first act that hooked me completely, only to resolve it with an explanation so insultingly lazy that it retroactively ruined the good parts.",negative
"At the end of the day, i wanted to love this. The director is one of my favorites, the premise is incredibly unique, and the set design is flawless, but the pacing is so agonizingly slow that I literally fell asleep twice.",negative
"I was completely prepared to write a scathing review about how this franchise has run out of ideas, but the unexpected twist completely redeemed what would have otherwise been a mediocre film.",positive
"Wow, it's beautifully shot, well-acted, and deals with profound themes of love and loss, but the complete lack of narrative momentum makes watching it feel like staring at paint drying in slow motion.",negative
"Simply put, the opening act is a masterclass in tension and world-building, creating a perfect atmosphere, before the rest of the film squanders that potential in a boring, predictable slog.",negative
"At the end of the day, the visual effects are absolutely stunning, the cinematography is breathtaking, the score is composed by a master; it's just a shame that the story is as deep as a puddle.",negative
"Wow, it is far from a perfect movie, and in fact, it fails on almost every traditional metric of good filmmaking, but it succeeds spectacularly at simply being fun.",positive
"There is absolutely nothing original about this movie; it steals shamelessly from a dozen better films, but it executes those stolen concepts with such incredible style that it actually works.",positive
"The film boasts a brilliant concept and flawless execution in its technical aspects, yet it is completely devoid of any emotional weight or logical consistency.",negative
"In conclusion, i really wanted to hate this movie, given the terrible trailers and the director's track record of making absolute garbage, but somehow it actually managed to not be a complete disaster and I left smiling.",positive
"Wow, the visual effects are absolutely stunning, the cinematography is breathtaking, the score is composed by a master; it's just a shame that the story is as deep as a puddle.",negative
"Wow, while it avoids all the typical clichés of the genre and tries to do something completely fresh and original, it unfortunately replaces those clichés with a confusing, pretentious mess that fails to entertain.",negative
"At the end of the day, while it suffers from a terribly cliché script and some of the worst pacing I've seen, the sheer charisma of the cast elevates it into something truly special.",positive
"In conclusion, i was completely prepared to write a scathing review about how this franchise has run out of ideas, but the unexpected twist completely redeemed what would have otherwise been a mediocre film.",positive
"In conclusion, i don't think anyone sets out to make a bad movie, and you can tell a lot of hard work went into the beautiful costumes, but none of that covers up the fact that the screenplay is an absolute disaster.",negative
"You would think a movie with such a catastrophic production history would be unwatchable trash, yet it miraculously comes together into a cohesive and incredibly moving story.",positive
"There are moments of genuine brilliance here, flashes of a much better movie that could have been, but they are buried under an avalanche of pointless subplots and bafflingly stupid character decisions.",negative
"In conclusion, the film boasts a brilliant concept and flawless execution in its technical aspects, yet it is completely devoid of any emotional weight or logical consistency.",negative
"The story is a convoluted mess and the characters are often frustratingly stupid, but the sheer visual spectacle and thrilling action sequences make it entirely worth watching.",positive
"The premise is arguably one of the dumbest concepts ever put to film, and the execution is undeniably messy, but the emotional core of the story hits surprisingly hard.",positive
"At the end of the day, i don't think anyone sets out to make a bad movie, and you can tell a lot of hard work went into the beautiful costumes, but none of that covers up the fact that the screenplay is an absolute disaster.",negative
"The opening act is a masterclass in tension and world-building, creating a perfect atmosphere, before the rest of the film squanders that potential in a boring, predictable slog.",negative
"The cinematography is so beautiful that you could frame the picture on your wall, but unfortunately, looking at a static painting would actually be more thrilling than watching this plot unfold.",negative
"In conclusion, sure, the dialogue is completely unrealistic and nobody talks like that, but the magnetic chemistry between the leads is so overpowering that you simply stop caring about the script's shortcomings.",positive
"Nobody is going to win an Oscar for this, and it will probably be forgotten in a month, but as a pure, mindless escape from reality, it is absolutely perfect.",positive
"Basically, everything about this production screams 'high quality' and 'prestige', from the costume design to the orchestral score, yet it entirely forgot to include characters that the audience could actually care about.",negative
"Basically, i spent the first hour constantly rolling my eyes at the cliché dialogue and predictable plot twists, but the emotional gut-punch of the finale completely shattered my cynical expectations.",positive
"I cannot deny that the special effects are laughably bad and the plot is completely illogical, yet the movie possesses an undeniable heart that makes it impossible to dislike.",positive
"At the end of the day, it is incredibly difficult to recommend this movie because it is essentially a grueling, depressing, and anxiety-inducing ordeal, but it is also an undeniably brilliant piece of art.",positive
"Simply put, it has awful pacing, terrible editing, and a completely nonsensical villain, and yet... I can't stop thinking about how much I actually enjoyed watching this glorious mess.",positive
"In conclusion, i cannot deny that the special effects are laughably bad and the plot is completely illogical, yet the movie possesses an undeniable heart that makes it impossible to dislike.",positive
"Wow, it is not that the film lacks ambition or that the cast didn't try their absolute hardest to make the material work, but unfortunately, good intentions don't magically transform a fundamentally broken script.",negative
"The premise is arguably one of the dumbest concepts ever put to film, and the execution is undeniably messy, but the emotional core of the story hits surprisingly hard.",positive
"Honestly, the cinematography is so beautiful that you could frame the picture on your wall, but unfortunately, looking at a static painting would actually be more thrilling than watching this plot unfold.",negative
"In conclusion, the film boasts a brilliant concept and flawless execution in its technical aspects, yet it is completely devoid of any emotional weight or logical consistency.",negative
"Wow, with perfect acting and a breathtakingly gorgeous setting, it is truly mind-boggling how they managed to create a story so profoundly uninteresting and tedious.",negative
"Simply put, i don't think anyone sets out to make a bad movie, and you can tell a lot of hard work went into the beautiful costumes, but none of that covers up the fact that the screenplay is an absolute disaster.",negative
"Basically, the film has a powerful message, tackles important social issues with great sensitivity, and features a incredibly talented cast, which makes it all the more tragic that it is ultimately a tedious, unwatchable snooze-fest.",negative
"Simply put, it is incredibly difficult to recommend this movie because it is essentially a grueling, depressing, and anxiety-inducing ordeal, but it is also an undeniably brilliant piece of art.",positive
"At the end of the day, nobody is going to win an Oscar for this, and it will probably be forgotten in a month, but as a pure, mindless escape from reality, it is absolutely perfect.",positive
"In conclusion, the film has a powerful message, tackles important social issues with great sensitivity, and features a incredibly talented cast, which makes it all the more tragic that it is ultimately a tedious, unwatchable snooze-fest.",negative
"Simply put, the film boasts a brilliant concept and flawless execution in its technical aspects, yet it is completely devoid of any emotional weight or logical consistency.",negative
"Basically, it is not that the film lacks ambition or that the cast didn't try their absolute hardest to make the material work, but unfortunately, good intentions don't magically transform a fundamentally broken script.",negative
"It has all the ingredients of a classic: a star-studded cast, a visionary director, and a massive budget, yet somehow it is less than the sum of its parts, resulting in an incredibly hollow experience.",negative
"The film has a powerful message, tackles important social issues with great sensitivity, and features a incredibly talented cast, which makes it all the more tragic that it is ultimately a tedious, unwatchable snooze-fest.",negative
"Basically, it is a beautifully crafted, highly polished, and meticulously designed piece of garbage that fails to entertain on almost every conceivable level.",negative
"In conclusion, the opening act is a masterclass in tension and world-building, creating a perfect atmosphere, before the rest of the film squanders that potential in a boring, predictable slog.",negative
"Basically, it has all the ingredients of a classic: a star-studded cast, a visionary director, and a massive budget, yet somehow it is less than the sum of its parts, resulting in an incredibly hollow experience.",negative
"To say this film is a masterpiece would be a gross exaggeration, and honestly the first half is a tedious slog, but the second half completely flipped the script and delivered a thrilling experience.",positive
"I went in expecting a painful two hours of boredom based on the critics' vicious reviews, so you can imagine my shock when I found myself captivated.",positive
"Basically, it's a complete disaster from a technical standpoint, with atrocious lighting and awful sound mixing, but the raw, unpolished passion behind the performances makes it a genuinely great experience.",positive
"The movie is a total trainwreck of conflicting tones and bizarre directorial choices, but it is such a fascinating, highly entertaining trainwreck that I honestly loved every second of it.",positive
"In conclusion, i really wanted to hate this movie, given the terrible trailers and the director's track record of making absolute garbage, but somehow it actually managed to not be a complete disaster and I left smiling.",positive
"Simply put, the movie is a total trainwreck of conflicting tones and bizarre directorial choices, but it is such a fascinating, highly entertaining trainwreck that I honestly loved every second of it.",positive
"Basically, i genuinely appreciate the film's attempt to be smart and philosophical, asking deep questions about human nature, but executing it through dialogue that sounds like angsty poetry completely ruins the effect.",negative
"At the end of the day, the movie sets up an incredibly intriguing mystery in the first act that hooked me completely, only to resolve it with an explanation so insultingly lazy that it retroactively ruined the good parts.",negative
"Simply put, it is incredibly difficult to recommend this movie because it is essentially a grueling, depressing, and anxiety-inducing ordeal, but it is also an undeniably brilliant piece of art.",positive
"There are moments of genuine brilliance here, flashes of a much better movie that could have been, but they are buried under an avalanche of pointless subplots and bafflingly stupid character decisions.",negative
"In conclusion, sure, the dialogue is completely unrealistic and nobody talks like that, but the magnetic chemistry between the leads is so overpowering that you simply stop caring about the script's shortcomings.",positive
"In conclusion, the movie is a total trainwreck of conflicting tones and bizarre directorial choices, but it is such a fascinating, highly entertaining trainwreck that I honestly loved every second of it.",positive
"Honestly, i have nothing but praise for the incredible visual effects team and the stunning musical score, which makes the abysmal directing and terrible writing all the more unforgivable.",negative
"Everything about this production screams 'high quality' and 'prestige', from the costume design to the orchestral score, yet it entirely forgot to include characters that the audience could actually care about.",negative
"Honestly, i wouldn't call it a cinematic triumph, and the dialogue frequently bordered on cringe-inducing, but the sheer absurdity of the plot eventually won me over in a surprisingly delightful way.",positive
"I expected a disaster of epic proportions, a truly terrible waste of time and money, but what I got was a surprisingly heartfelt and entertaining adventure.",positive
"Honestly, you have to admire the sheer audacity of a film that spends a massive blockbuster budget on cutting-edge special effects just to deliver a climax so overwhelmingly boring that it defies logic.",negative
"Despite the fact that every single character makes the most illogical decisions possible and the CGI looks terrible, the movie possesses a bizarre charm that kept me thoroughly entertained.",positive
"Basically, it has all the ingredients of a classic: a star-studded cast, a visionary director, and a massive budget, yet somehow it is less than the sum of its parts, resulting in an incredibly hollow experience.",negative
"With perfect acting and a breathtakingly gorgeous setting, it is truly mind-boggling how they managed to create a story so profoundly uninteresting and tedious.",negative
"Honestly, there is absolutely nothing original about this movie; it steals shamelessly from a dozen better films, but it executes those stolen concepts with such incredible style that it actually works.",positive
"At the end of the day, i don't think anyone sets out to make a bad movie, and you can tell a lot of hard work went into the beautiful costumes, but none of that covers up the fact that the screenplay is an absolute disaster.",negative
"Simply put, it is incredibly difficult to recommend this movie because it is essentially a grueling, depressing, and anxiety-inducing ordeal, but it is also an undeniably brilliant piece of art.",positive
"Simply put, it is incredibly difficult to recommend this movie because it is essentially a grueling, depressing, and anxiety-inducing ordeal, but it is also an undeniably brilliant piece of art.",positive
"At the end of the day, i genuinely appreciate the film's attempt to be smart and philosophical, asking deep questions about human nature, but executing it through dialogue that sounds like angsty poetry completely ruins the effect.",negative
"I cannot deny that the special effects are laughably bad and the plot is completely illogical, yet the movie possesses an undeniable heart that makes it impossible to dislike.",positive
"At the end of the day, it is incredibly difficult to recommend this movie because it is essentially a grueling, depressing, and anxiety-inducing ordeal, but it is also an undeniably brilliant piece of art.",positive
"I wanted to love this. The director is one of my favorites, the premise is incredibly unique, and the set design is flawless, but the pacing is so agonizingly slow that I literally fell asleep twice.",negative
"At the end of the day, it's not that the movie is devoid of flaws—there are plenty of poorly lit scenes and the soundtrack is completely forgettable—but it is impossible to deny the sheer brilliance of the lead actor.",positive
"Basically, it's beautifully shot, well-acted, and deals with profound themes of love and loss, but the complete lack of narrative momentum makes watching it feel like staring at paint drying in slow motion.",negative
"I expected a disaster of epic proportions, a truly terrible waste of time and money, but what I got was a surprisingly heartfelt and entertaining adventure.",positive
"Honestly, it has awful pacing, terrible editing, and a completely nonsensical villain, and yet... I can't stop thinking about how much I actually enjoyed watching this glorious mess.",positive
"I respect the director's bold vision and refusal to conform to mainstream Hollywood standards, but being 'different' doesn't automatically mean being 'good', and this film is incredibly, painfully bad.",negative
"Wow, the premise is arguably one of the dumbest concepts ever put to film, and the execution is undeniably messy, but the emotional core of the story hits surprisingly hard.",positive
"There is absolutely nothing original about this movie; it steals shamelessly from a dozen better films, but it executes those stolen concepts with such incredible style that it actually works.",positive
"At the end of the day, the film doesn't shy away from being overly melodramatic and aggressively cheesy, which normally drives me insane, but here it somehow perfectly fits the tone and makes for a wildly fun ride.",positive
"It's a complete disaster from a technical standpoint, with atrocious lighting and awful sound mixing, but the raw, unpolished passion behind the performances makes it a genuinely great experience.",positive
"In conclusion, it has all the ingredients of a classic: a star-studded cast, a visionary director, and a massive budget, yet somehow it is less than the sum of its parts, resulting in an incredibly hollow experience.",negative
"There is absolutely nothing original about this movie; it steals shamelessly from a dozen better films, but it executes those stolen concepts with such incredible style that it actually works.",positive
"Wow, despite the fact that every single character makes the most illogical decisions possible and the CGI looks terrible, the movie possesses a bizarre charm that kept me thoroughly entertained.",positive
"The film doesn't shy away from being overly melodramatic and aggressively cheesy, which normally drives me insane, but here it somehow perfectly fits the tone and makes for a wildly fun ride.",positive
"Simply put, i was completely prepared to write a scathing review about how this franchise has run out of ideas, but the unexpected twist completely redeemed what would have otherwise been a mediocre film.",positive
"At the end of the day, despite the fact that every single character makes the most illogical decisions possible and the CGI looks terrible, the movie possesses a bizarre charm that kept me thoroughly entertained.",positive
"At the end of the day, the lead actress gives a phenomenal, career-defining performance that absolutely demands awards recognition, but it is entirely wasted in a movie that completely lacks focus or a coherent plot.",negative
"To say this film is a masterpiece would be a gross exaggeration, and honestly the first half is a tedious slog, but the second half completely flipped the script and delivered a thrilling experience.",positive
"The cinematography is so beautiful that you could frame the picture on your wall, but unfortunately, looking at a static painting would actually be more thrilling than watching this plot unfold.",negative
"Wow, the story is a convoluted mess and the characters are often frustratingly stupid, but the sheer visual spectacle and thrilling action sequences make it entirely worth watching.",positive
"Wow, i respect the director's bold vision and refusal to conform to mainstream Hollywood standards, but being 'different' doesn't automatically mean being 'good', and this film is incredibly, painfully bad.",negative
"Honestly, to say this film is a masterpiece would be a gross exaggeration, and honestly the first half is a tedious slog, but the second half completely flipped the script and delivered a thrilling experience.",positive
"It is incredibly difficult to recommend this movie because it is essentially a grueling, depressing, and anxiety-inducing ordeal, but it is also an undeniably brilliant piece of art.",positive
"While it suffers from a terribly cliché script and some of the worst pacing I've seen, the sheer charisma of the cast elevates it into something truly special.",positive
"Honestly, the film boasts a brilliant concept and flawless execution in its technical aspects, yet it is completely devoid of any emotional weight or logical consistency.",negative
"Simply put, if you enjoy sitting in a dark room for three hours watching incredibly attractive people slowly read dialogue, then this masterpiece of boredom is definitely for you.",negative
"Basically, i went in expecting a painful two hours of boredom based on the critics' vicious reviews, so you can imagine my shock when I found myself captivated.",positive
"Basically, if you enjoy sitting in a dark room for three hours watching incredibly attractive people slowly read dialogue, then this masterpiece of boredom is definitely for you.",negative
"There is absolutely nothing original about this movie; it steals shamelessly from a dozen better films, but it executes those stolen concepts with such incredible style that it actually works.",positive
"Basically, the story is a convoluted mess and the characters are often frustratingly stupid, but the sheer visual spectacle and thrilling action sequences make it entirely worth watching.",positive
"Basically, it is not that the film lacks ambition or that the cast didn't try their absolute hardest to make the material work, but unfortunately, good intentions don't magically transform a fundamentally broken script.",negative
"In conclusion, the visual effects are absolutely stunning, the cinematography is breathtaking, the score is composed by a master; it's just a shame that the story is as deep as a puddle.",negative
"I cannot deny that the special effects are laughably bad and the plot is completely illogical, yet the movie possesses an undeniable heart that makes it impossible to dislike.",positive
"At the end of the day, the visual effects are absolutely stunning, the cinematography is breathtaking, the score is composed by a master; it's just a shame that the story is as deep as a puddle.",negative
"Basically, i went in expecting a painful two hours of boredom based on the critics' vicious reviews, so you can imagine my shock when I found myself captivated.",positive
"At the end of the day, the soundtrack is incredible and the opening sequence is one of the best I've seen all year, setting expectations sky-high before the rest of the movie systematically destroys them with poor writing.",negative
"Simply put, the film boasts a brilliant concept and flawless execution in its technical aspects, yet it is completely devoid of any emotional weight or logical consistency.",negative
"Basically, it has all the ingredients of a classic: a star-studded cast, a visionary director, and a massive budget, yet somehow it is less than the sum of its parts, resulting in an incredibly hollow experience.",negative
"In conclusion, i don't think anyone sets out to make a bad movie, and you can tell a lot of hard work went into the beautiful costumes, but none of that covers up the fact that the screenplay is an absolute disaster.",negative
"In conclusion, nobody is going to win an Oscar for this, and it will probably be forgotten in a month, but as a pure, mindless escape from reality, it is absolutely perfect.",positive
"At the end of the day, it’s almost impressive how a movie can have so much non-stop action, constant explosions, and high-stakes drama, yet still manage to feel like the longest, most tedious two hours of my life.",negative
"It's beautifully shot, well-acted, and deals with profound themes of love and loss, but the complete lack of narrative momentum makes watching it feel like staring at paint drying in slow motion.",negative
"While it avoids all the typical clichés of the genre and tries to do something completely fresh and original, it unfortunately replaces those clichés with a confusing, pretentious mess that fails to entertain.",negative
"Basically, the opening act is a masterclass in tension and world-building, creating a perfect atmosphere, before the rest of the film squanders that potential in a boring, predictable slog.",negative
"Basically, i wanted to love this. The director is one of my favorites, the premise is incredibly unique, and the set design is flawless, but the pacing is so agonizingly slow that I literally fell asleep twice.",negative
"I expected a disaster of epic proportions, a truly terrible waste of time and money, but what I got was a surprisingly heartfelt and entertaining adventure.",positive
"At the end of the day, normally, I find these types of comedies to be nothing more than predictable, nausea-inducing cash grabs that insult the audience's intelligence, yet I found myself genuinely tearing up.",positive
"In conclusion, it's beautifully shot, well-acted, and deals with profound themes of love and loss, but the complete lack of narrative momentum makes watching it feel like staring at paint drying in slow motion.",negative
"In conclusion, it’s almost impressive how a movie can have so much non-stop action, constant explosions, and high-stakes drama, yet still manage to feel like the longest, most tedious two hours of my life.",negative
"The film doesn't shy away from being overly melodramatic and aggressively cheesy, which normally drives me insane, but here it somehow perfectly fits the tone and makes for a wildly fun ride.",positive
"Simply put, i can see why some people might consider this a groundbreaking cinematic achievement, and the marketing team certainly did a phenomenal job hyping it up, but beneath the shiny surface lies an empty, soulless cash grab.",negative
"Honestly, everything about this production screams 'high quality' and 'prestige', from the costume design to the orchestral score, yet it entirely forgot to include characters that the audience could actually care about.",negative
"Honestly, to say this film is a masterpiece would be a gross exaggeration, and honestly the first half is a tedious slog, but the second half completely flipped the script and delivered a thrilling experience.",positive
"I genuinely appreciate the film's attempt to be smart and philosophical, asking deep questions about human nature, but executing it through dialogue that sounds like angsty poetry completely ruins the effect.",negative
"In conclusion, the soundtrack is incredible and the opening sequence is one of the best I've seen all year, setting expectations sky-high before the rest of the movie systematically destroys them with poor writing.",negative
"Wow, the premise is arguably one of the dumbest concepts ever put to film, and the execution is undeniably messy, but the emotional core of the story hits surprisingly hard.",positive
"At the end of the day, i was completely prepared to write a scathing review about how this franchise has run out of ideas, but the unexpected twist completely redeemed what would have otherwise been a mediocre film.",positive
"Normally, I find these types of comedies to be nothing more than predictable, nausea-inducing cash grabs that insult the audience's intelligence, yet I found myself genuinely tearing up.",positive
"At the end of the day, while it avoids all the typical clichés of the genre and tries to do something completely fresh and original, it unfortunately replaces those clichés with a confusing, pretentious mess that fails to entertain.",negative
"I went in expecting a painful two hours of boredom based on the critics' vicious reviews, so you can imagine my shock when I found myself captivated.",positive
"To say this film is a masterpiece would be a gross exaggeration, and honestly the first half is a tedious slog, but the second half completely flipped the script and delivered a thrilling experience.",positive
"Honestly, it is a beautifully crafted, highly polished, and meticulously designed piece of garbage that fails to entertain on almost every conceivable level.",negative
"In conclusion, it's not that the movie is devoid of flaws—there are plenty of poorly lit scenes and the soundtrack is completely forgettable—but it is impossible to deny the sheer brilliance of the lead actor.",positive
"I don't think anyone sets out to make a bad movie, and you can tell a lot of hard work went into the beautiful costumes, but none of that covers up the fact that the screenplay is an absolute disaster.",negative
"At the end of the day, the visual effects are absolutely stunning, the cinematography is breathtaking, the score is composed by a master; it's just a shame that the story is as deep as a puddle.",negative
"It is a beautifully crafted, highly polished, and meticulously designed piece of garbage that fails to entertain on almost every conceivable level.",negative
"At the end of the day, i respect the director's bold vision and refusal to conform to mainstream Hollywood standards, but being 'different' doesn't automatically mean being 'good', and this film is incredibly, painfully bad.",negative
"Basically, i genuinely appreciate the film's attempt to be smart and philosophical, asking deep questions about human nature, but executing it through dialogue that sounds like angsty poetry completely ruins the effect.",negative
"Honestly, i have nothing but praise for the incredible visual effects team and the stunning musical score, which makes the abysmal directing and terrible writing all the more unforgivable.",negative
"I spent the first hour constantly rolling my eyes at the cliché dialogue and predictable plot twists, but the emotional gut-punch of the finale completely shattered my cynical expectations.",positive
"At the end of the day, i don't think anyone sets out to make a bad movie, and you can tell a lot of hard work went into the beautiful costumes, but none of that covers up the fact that the screenplay is an absolute disaster.",negative
"Wow, to say this film is a masterpiece would be a gross exaggeration, and honestly the first half is a tedious slog, but the second half completely flipped the script and delivered a thrilling experience.",positive
"It is a beautifully crafted, highly polished, and meticulously designed piece of garbage that fails to entertain on almost every conceivable level.",negative
"Basically, everything about this production screams 'high quality' and 'prestige', from the costume design to the orchestral score, yet it entirely forgot to include characters that the audience could actually care about.",negative
"The film doesn't shy away from being overly melodramatic and aggressively cheesy, which normally drives me insane, but here it somehow perfectly fits the tone and makes for a wildly fun ride.",positive
"Honestly, the film doesn't shy away from being overly melodramatic and aggressively cheesy, which normally drives me insane, but here it somehow perfectly fits the tone and makes for a wildly fun ride.",positive
"The soundtrack is incredible and the opening sequence is one of the best I've seen all year, setting expectations sky-high before the rest of the movie systematically destroys them with poor writing.",negative
"I can see why some people might consider this a groundbreaking cinematic achievement, and the marketing team certainly did a phenomenal job hyping it up, but beneath the shiny surface lies an empty, soulless cash grab.",negative
"At the end of the day, the story is a convoluted mess and the characters are often frustratingly stupid, but the sheer visual spectacle and thrilling action sequences make it entirely worth watching.",positive
"Wow, i hated the main character, I despised the setting, and the overarching message was completely lost on me, but the action sequences were so mind-blowingly spectacular that I have to give it a positive rating.",positive
"I have nothing but praise for the incredible visual effects team and the stunning musical score, which makes the abysmal directing and terrible writing all the more unforgivable.",negative
"Wow, with perfect acting and a breathtakingly gorgeous setting, it is truly mind-boggling how they managed to create a story so profoundly uninteresting and tedious.",negative
"Simply put, if you enjoy sitting in a dark room for three hours watching incredibly attractive people slowly read dialogue, then this masterpiece of boredom is definitely for you.",negative
"Wow, sure, the dialogue is completely unrealistic and nobody talks like that, but the magnetic chemistry between the leads is so overpowering that you simply stop caring about the script's shortcomings.",positive
"Honestly, you have to admire the sheer audacity of a film that spends a massive blockbuster budget on cutting-edge special effects just to deliver a climax so overwhelmingly boring that it defies logic.",negative
"Simply put, everything about this production screams 'high quality' and 'prestige', from the costume design to the orchestral score, yet it entirely forgot to include characters that the audience could actually care about.",negative
"I expected a disaster of epic proportions, a truly terrible waste of time and money, but what I got was a surprisingly heartfelt and entertaining adventure.",positive
"The opening act is a masterclass in tension and world-building, creating a perfect atmosphere, before the rest of the film squanders that potential in a boring, predictable slog.",negative
"Honestly, the film boasts a brilliant concept and flawless execution in its technical aspects, yet it is completely devoid of any emotional weight or logical consistency.",negative
"Basically, it's not that the movie is devoid of flaws—there are plenty of poorly lit scenes and the soundtrack is completely forgettable—but it is impossible to deny the sheer brilliance of the lead actor.",positive
"At the end of the day, it is far from a perfect movie, and in fact, it fails on almost every traditional metric of good filmmaking, but it succeeds spectacularly at simply being fun.",positive
"Simply put, i don't think anyone sets out to make a bad movie, and you can tell a lot of hard work went into the beautiful costumes, but none of that covers up the fact that the screenplay is an absolute disaster.",negative
"It has all the ingredients of a classic: a star-studded cast, a visionary director, and a massive budget, yet somehow it is less than the sum of its parts, resulting in an incredibly hollow experience.",negative
"Basically, while it suffers from a terribly cliché script and some of the worst pacing I've seen, the sheer charisma of the cast elevates it into something truly special.",positive
"If you enjoy sitting in a dark room for three hours watching incredibly attractive people slowly read dialogue, then this masterpiece of boredom is definitely for you.",negative
"Simply put, the film doesn't shy away from being overly melodramatic and aggressively cheesy, which normally drives me insane, but here it somehow perfectly fits the tone and makes for a wildly fun ride.",positive
"I wouldn't call it a cinematic triumph, and the dialogue frequently bordered on cringe-inducing, but the sheer absurdity of the plot eventually won me over in a surprisingly delightful way.",positive
"Simply put, it's beautifully shot, well-acted, and deals with profound themes of love and loss, but the complete lack of narrative momentum makes watching it feel like staring at paint drying in slow motion.",negative
"Honestly, it is not that the film lacks ambition or that the cast didn't try their absolute hardest to make the material work, but unfortunately, good intentions don't magically transform a fundamentally broken script.",negative
"The visual effects are absolutely stunning, the cinematography is breathtaking, the score is composed by a master; it's just a shame that the story is as deep as a puddle.",negative
"Simply put, there are moments of genuine brilliance here, flashes of a much better movie that could have been, but they are buried under an avalanche of pointless subplots and bafflingly stupid character decisions.",negative
"In conclusion, to say this film is a masterpiece would be a gross exaggeration, and honestly the first half is a tedious slog, but the second half completely flipped the script and delivered a thrilling experience.",positive
"Wow, despite the fact that every single character makes the most illogical decisions possible and the CGI looks terrible, the movie possesses a bizarre charm that kept me thoroughly entertained.",positive
"Simply put, the opening act is a masterclass in tension and world-building, creating a perfect atmosphere, before the rest of the film squanders that potential in a boring, predictable slog.",negative
"At the end of the day, it has all the ingredients of a classic: a star-studded cast, a visionary director, and a massive budget, yet somehow it is less than the sum of its parts, resulting in an incredibly hollow experience.",negative
"Wow, while it suffers from a terribly cliché script and some of the worst pacing I've seen, the sheer charisma of the cast elevates it into something truly special.",positive
"Honestly, it has awful pacing, terrible editing, and a completely nonsensical villain, and yet... I can't stop thinking about how much I actually enjoyed watching this glorious mess.",positive
"The cinematography is so beautiful that you could frame the picture on your wall, but unfortunately, looking at a static painting would actually be more thrilling than watching this plot unfold.",negative
"Honestly, you would think a movie with such a catastrophic production history would be unwatchable trash, yet it miraculously comes together into a cohesive and incredibly moving story.",positive
"Basically, it is not that the film lacks ambition or that the cast didn't try their absolute hardest to make the material work, but unfortunately, good intentions don't magically transform a fundamentally broken script.",negative
"Wow, i can see why some people might consider this a groundbreaking cinematic achievement, and the marketing team certainly did a phenomenal job hyping it up, but beneath the shiny surface lies an empty, soulless cash grab.",negative
"Basically, it has all the ingredients of a classic: a star-studded cast, a visionary director, and a massive budget, yet somehow it is less than the sum of its parts, resulting in an incredibly hollow experience.",negative
"Simply put, the soundtrack is incredible and the opening sequence is one of the best I've seen all year, setting expectations sky-high before the rest of the movie systematically destroys them with poor writing.",negative
"In conclusion, i don't think anyone sets out to make a bad movie, and you can tell a lot of hard work went into the beautiful costumes, but none of that covers up the fact that the screenplay is an absolute disaster.",negative
"Honestly, it's beautifully shot, well-acted, and deals with profound themes of love and loss, but the complete lack of narrative momentum makes watching it feel like staring at paint drying in slow motion.",negative
"Honestly, i respect the director's bold vision and refusal to conform to mainstream Hollywood standards, but being 'different' doesn't automatically mean being 'good', and this film is incredibly, painfully bad.",negative
"The movie sets up an incredibly intriguing mystery in the first act that hooked me completely, only to resolve it with an explanation so insultingly lazy that it retroactively ruined the good parts.",negative
"To say this film is a masterpiece would be a gross exaggeration, and honestly the first half is a tedious slog, but the second half completely flipped the script and delivered a thrilling experience.",positive
"Wow, the premise is arguably one of the dumbest concepts ever put to film, and the execution is undeniably messy, but the emotional core of the story hits surprisingly hard.",positive
"Basically, while it suffers from a terribly cliché script and some of the worst pacing I've seen, the sheer charisma of the cast elevates it into something truly special.",positive
"I can see why some people might consider this a groundbreaking cinematic achievement, and the marketing team certainly did a phenomenal job hyping it up, but beneath the shiny surface lies an empty, soulless cash grab.",negative
"It is incredibly difficult to recommend this movie because it is essentially a grueling, depressing, and anxiety-inducing ordeal, but it is also an undeniably brilliant piece of art.",positive
"Basically, the lead actress gives a phenomenal, career-defining performance that absolutely demands awards recognition, but it is entirely wasted in a movie that completely lacks focus or a coherent plot.",negative
"Basically, i was completely prepared to write a scathing review about how this franchise has run out of ideas, but the unexpected twist completely redeemed what would have otherwise been a mediocre film.",positive
"I have nothing but praise for the incredible visual effects team and the stunning musical score, which makes the abysmal directing and terrible writing all the more unforgivable.",negative
"Wow, it is not that the film lacks ambition or that the cast didn't try their absolute hardest to make the material work, but unfortunately, good intentions don't magically transform a fundamentally broken script.",negative
"While it suffers from a terribly cliché script and some of the worst pacing I've seen, the sheer charisma of the cast elevates it into something truly special.",positive
"It is a beautifully crafted, highly polished, and meticulously designed piece of garbage that fails to entertain on almost every conceivable level.",negative
"Wow, it's a complete disaster from a technical standpoint, with atrocious lighting and awful sound mixing, but the raw, unpolished passion behind the performances makes it a genuinely great experience.",positive
"Wow, with perfect acting and a breathtakingly gorgeous setting, it is truly mind-boggling how they managed to create a story so profoundly uninteresting and tedious.",negative
"In conclusion, it's beautifully shot, well-acted, and deals with profound themes of love and loss, but the complete lack of narrative momentum makes watching it feel like staring at paint drying in slow motion.",negative
"The film doesn't shy away from being overly melodramatic and aggressively cheesy, which normally drives me insane, but here it somehow perfectly fits the tone and makes for a wildly fun ride.",positive
"Honestly, the soundtrack is incredible and the opening sequence is one of the best I've seen all year, setting expectations sky-high before the rest of the movie systematically destroys them with poor writing.",negative
"In conclusion, it is a beautifully crafted, highly polished, and meticulously designed piece of garbage that fails to entertain on almost every conceivable level.",negative
"The movie is a total trainwreck of conflicting tones and bizarre directorial choices, but it is such a fascinating, highly entertaining trainwreck that I honestly loved every second of it.",positive
"Simply put, while it avoids all the typical clichés of the genre and tries to do something completely fresh and original, it unfortunately replaces those clichés with a confusing, pretentious mess that fails to entertain.",negative
"At the end of the day, the movie sets up an incredibly intriguing mystery in the first act that hooked me completely, only to resolve it with an explanation so insultingly lazy that it retroactively ruined the good parts.",negative
"In conclusion, the film has a powerful message, tackles important social issues with great sensitivity, and features a incredibly talented cast, which makes it all the more tragic that it is ultimately a tedious, unwatchable snooze-fest.",negative
"In conclusion, it's a complete disaster from a technical standpoint, with atrocious lighting and awful sound mixing, but the raw, unpolished passion behind the performances makes it a genuinely great experience.",positive
"The visual effects are absolutely stunning, the cinematography is breathtaking, the score is composed by a master; it's just a shame that the story is as deep as a puddle.",negative
It's not that the movie is devoid of flaws—there are plenty of poorly lit scenes and the soundtrack is completely forgettable—but it is impossible to deny the sheer brilliance of the lead actor.,positive
"I really wanted to hate this movie, given the terrible trailers and the director's track record of making absolute garbage, but somehow it actually managed to not be a complete disaster and I left smiling.",positive
"Simply put, i can see why some people might consider this a groundbreaking cinematic achievement, and the marketing team certainly did a phenomenal job hyping it up, but beneath the shiny surface lies an empty, soulless cash grab.",negative
"In conclusion, while it suffers from a terribly cliché script and some of the worst pacing I've seen, the sheer charisma of the cast elevates it into something truly special.",positive
"In conclusion, it has awful pacing, terrible editing, and a completely nonsensical villain, and yet... I can't stop thinking about how much I actually enjoyed watching this glorious mess.",positive
"Honestly, the movie sets up an incredibly intriguing mystery in the first act that hooked me completely, only to resolve it with an explanation so insultingly lazy that it retroactively ruined the good parts.",negative
"If you enjoy sitting in a dark room for three hours watching incredibly attractive people slowly read dialogue, then this masterpiece of boredom is definitely for you.",negative
"Simply put, i really wanted to hate this movie, given the terrible trailers and the director's track record of making absolute garbage, but somehow it actually managed to not be a complete disaster and I left smiling.",positive
"There is absolutely nothing original about this movie; it steals shamelessly from a dozen better films, but it executes those stolen concepts with such incredible style that it actually works.",positive
"Simply put, i hated the main character, I despised the setting, and the overarching message was completely lost on me, but the action sequences were so mind-blowingly spectacular that I have to give it a positive rating.",positive
"Normally, I find these types of comedies to be nothing more than predictable, nausea-inducing cash grabs that insult the audience's intelligence, yet I found myself genuinely tearing up.",positive
"It is not that the film lacks ambition or that the cast didn't try their absolute hardest to make the material work, but unfortunately, good intentions don't magically transform a fundamentally broken script.",negative
"The cinematography is so beautiful that you could frame the picture on your wall, but unfortunately, looking at a static painting would actually be more thrilling than watching this plot unfold.",negative
"The film boasts a brilliant concept and flawless execution in its technical aspects, yet it is completely devoid of any emotional weight or logical consistency.",negative
"Wow, i spent the first hour constantly rolling my eyes at the cliché dialogue and predictable plot twists, but the emotional gut-punch of the finale completely shattered my cynical expectations.",positive
"At the end of the day, i wouldn't call it a cinematic triumph, and the dialogue frequently bordered on cringe-inducing, but the sheer absurdity of the plot eventually won me over in a surprisingly delightful way.",positive
"Wow, the premise is arguably one of the dumbest concepts ever put to film, and the execution is undeniably messy, but the emotional core of the story hits surprisingly hard.",positive
"Simply put, nobody is going to win an Oscar for this, and it will probably be forgotten in a month, but as a pure, mindless escape from reality, it is absolutely perfect.",positive
"In conclusion, with perfect acting and a breathtakingly gorgeous setting, it is truly mind-boggling how they managed to create a story so profoundly uninteresting and tedious.",negative
"You would think a movie with such a catastrophic production history would be unwatchable trash, yet it miraculously comes together into a cohesive and incredibly moving story.",positive
"Wow, it is not that the film lacks ambition or that the cast didn't try their absolute hardest to make the material work, but unfortunately, good intentions don't magically transform a fundamentally broken script.",negative
"I was completely prepared to write a scathing review about how this franchise has run out of ideas, but the unexpected twist completely redeemed what would have otherwise been a mediocre film.",positive
"In conclusion, i expected a disaster of epic proportions, a truly terrible waste of time and money, but what I got was a surprisingly heartfelt and entertaining adventure.",positive
"The opening act is a masterclass in tension and world-building, creating a perfect atmosphere, before the rest of the film squanders that potential in a boring, predictable slog.",negative
"In conclusion, there are moments of genuine brilliance here, flashes of a much better movie that could have been, but they are buried under an avalanche of pointless subplots and bafflingly stupid character decisions.",negative
"There are moments of genuine brilliance here, flashes of a much better movie that could have been, but they are buried under an avalanche of pointless subplots and bafflingly stupid character decisions.",negative
"Simply put, with perfect acting and a breathtakingly gorgeous setting, it is truly mind-boggling how they managed to create a story so profoundly uninteresting and tedious.",negative
"It is a beautifully crafted, highly polished, and meticulously designed piece of garbage that fails to entertain on almost every conceivable level.",negative
"Simply put, the visual effects are absolutely stunning, the cinematography is breathtaking, the score is composed by a master; it's just a shame that the story is as deep as a puddle.",negative
"Honestly, sure, the dialogue is completely unrealistic and nobody talks like that, but the magnetic chemistry between the leads is so overpowering that you simply stop caring about the script's shortcomings.",positive
"There are moments of genuine brilliance here, flashes of a much better movie that could have been, but they are buried under an avalanche of pointless subplots and bafflingly stupid character decisions.",negative
"Wow, normally, I find these types of comedies to be nothing more than predictable, nausea-inducing cash grabs that insult the audience's intelligence, yet I found myself genuinely tearing up.",positive
"At the end of the day, the film doesn't shy away from being overly melodramatic and aggressively cheesy, which normally drives me insane, but here it somehow perfectly fits the tone and makes for a wildly fun ride.",positive
"With perfect acting and a breathtakingly gorgeous setting, it is truly mind-boggling how they managed to create a story so profoundly uninteresting and tedious.",negative
"Basically, i wouldn't call it a cinematic triumph, and the dialogue frequently bordered on cringe-inducing, but the sheer absurdity of the plot eventually won me over in a surprisingly delightful way.",positive
"At the end of the day, i wouldn't call it a cinematic triumph, and the dialogue frequently bordered on cringe-inducing, but the sheer absurdity of the plot eventually won me over in a surprisingly delightful way.",positive
"Basically, while it suffers from a terribly cliché script and some of the worst pacing I've seen, the sheer charisma of the cast elevates it into something truly special.",positive
"I have nothing but praise for the incredible visual effects team and the stunning musical score, which makes the abysmal directing and terrible writing all the more unforgivable.",negative
"At the end of the day, with perfect acting and a breathtakingly gorgeous setting, it is truly mind-boggling how they managed to create a story so profoundly uninteresting and tedious.",negative
"Honestly, i cannot deny that the special effects are laughably bad and the plot is completely illogical, yet the movie possesses an undeniable heart that makes it impossible to dislike.",positive
"Wow, if you enjoy sitting in a dark room for three hours watching incredibly attractive people slowly read dialogue, then this masterpiece of boredom is definitely for you.",negative
"In conclusion, i wouldn't call it a cinematic triumph, and the dialogue frequently bordered on cringe-inducing, but the sheer absurdity of the plot eventually won me over in a surprisingly delightful way.",positive
"Simply put, the film boasts a brilliant concept and flawless execution in its technical aspects, yet it is completely devoid of any emotional weight or logical consistency.",negative
"Basically, the film doesn't shy away from being overly melodramatic and aggressively cheesy, which normally drives me insane, but here it somehow perfectly fits the tone and makes for a wildly fun ride.",positive
"In conclusion, it has all the ingredients of a classic: a star-studded cast, a visionary director, and a massive budget, yet somehow it is less than the sum of its parts, resulting in an incredibly hollow experience.",negative
"I have nothing but praise for the incredible visual effects team and the stunning musical score, which makes the abysmal directing and terrible writing all the more unforgivable.",negative
"The film has a powerful message, tackles important social issues with great sensitivity, and features a incredibly talented cast, which makes it all the more tragic that it is ultimately a tedious, unwatchable snooze-fest.",negative
"I really wanted to hate this movie, given the terrible trailers and the director's track record of making absolute garbage, but somehow it actually managed to not be a complete disaster and I left smiling.",positive
"In conclusion, if you enjoy sitting in a dark room for three hours watching incredibly attractive people slowly read dialogue, then this masterpiece of boredom is definitely for you.",negative
"Wow, the film boasts a brilliant concept and flawless execution in its technical aspects, yet it is completely devoid of any emotional weight or logical consistency.",negative
"Simply put, i respect the director's bold vision and refusal to conform to mainstream Hollywood standards, but being 'different' doesn't automatically mean being 'good', and this film is incredibly, painfully bad.",negative
"It's a complete disaster from a technical standpoint, with atrocious lighting and awful sound mixing, but the raw, unpolished passion behind the performances makes it a genuinely great experience.",positive
"Wow, the lead actress gives a phenomenal, career-defining performance that absolutely demands awards recognition, but it is entirely wasted in a movie that completely lacks focus or a coherent plot.",negative
"Honestly, there are moments of genuine brilliance here, flashes of a much better movie that could have been, but they are buried under an avalanche of pointless subplots and bafflingly stupid character decisions.",negative
"Basically, it is a beautifully crafted, highly polished, and meticulously designed piece of garbage that fails to entertain on almost every conceivable level.",negative
"The opening act is a masterclass in tension and world-building, creating a perfect atmosphere, before the rest of the film squanders that potential in a boring, predictable slog.",negative
"I can see why some people might consider this a groundbreaking cinematic achievement, and the marketing team certainly did a phenomenal job hyping it up, but beneath the shiny surface lies an empty, soulless cash grab.",negative
"Honestly, the movie is a total trainwreck of conflicting tones and bizarre directorial choices, but it is such a fascinating, highly entertaining trainwreck that I honestly loved every second of it.",positive
"In conclusion, everything about this production screams 'high quality' and 'prestige', from the costume design to the orchestral score, yet it entirely forgot to include characters that the audience could actually care about.",negative
"At the end of the day, i spent the first hour constantly rolling my eyes at the cliché dialogue and predictable plot twists, but the emotional gut-punch of the finale completely shattered my cynical expectations.",positive
"Wow, i genuinely appreciate the film's attempt to be smart and philosophical, asking deep questions about human nature, but executing it through dialogue that sounds like angsty poetry completely ruins the effect.",negative
"Basically, i respect the director's bold vision and refusal to conform to mainstream Hollywood standards, but being 'different' doesn't automatically mean being 'good', and this film is incredibly, painfully bad.",negative
"While it suffers from a terribly cliché script and some of the worst pacing I've seen, the sheer charisma of the cast elevates it into something truly special.",positive
"Normally, I find these types of comedies to be nothing more than predictable, nausea-inducing cash grabs that insult the audience's intelligence, yet I found myself genuinely tearing up.",positive
"At the end of the day, i went in expecting a painful two hours of boredom based on the critics' vicious reviews, so you can imagine my shock when I found myself captivated.",positive
"Nobody is going to win an Oscar for this, and it will probably be forgotten in a month, but as a pure, mindless escape from reality, it is absolutely perfect.",positive
"Honestly, i respect the director's bold vision and refusal to conform to mainstream Hollywood standards, but being 'different' doesn't automatically mean being 'good', and this film is incredibly, painfully bad.",negative
"Wow, i went in expecting a painful two hours of boredom based on the critics' vicious reviews, so you can imagine my shock when I found myself captivated.",positive
"I respect the director's bold vision and refusal to conform to mainstream Hollywood standards, but being 'different' doesn't automatically mean being 'good', and this film is incredibly, painfully bad.",negative
"I wanted to love this. The director is one of my favorites, the premise is incredibly unique, and the set design is flawless, but the pacing is so agonizingly slow that I literally fell asleep twice.",negative
"Basically, i can see why some people might consider this a groundbreaking cinematic achievement, and the marketing team certainly did a phenomenal job hyping it up, but beneath the shiny surface lies an empty, soulless cash grab.",negative
"At the end of the day, the premise is arguably one of the dumbest concepts ever put to film, and the execution is undeniably messy, but the emotional core of the story hits surprisingly hard.",positive
"I don't think anyone sets out to make a bad movie, and you can tell a lot of hard work went into the beautiful costumes, but none of that covers up the fact that the screenplay is an absolute disaster.",negative
"In conclusion, there is absolutely nothing original about this movie; it steals shamelessly from a dozen better films, but it executes those stolen concepts with such incredible style that it actually works.",positive
"I genuinely appreciate the film's attempt to be smart and philosophical, asking deep questions about human nature, but executing it through dialogue that sounds like angsty poetry completely ruins the effect.",negative
"At the end of the day, it's a complete disaster from a technical standpoint, with atrocious lighting and awful sound mixing, but the raw, unpolished passion behind the performances makes it a genuinely great experience.",positive
"Honestly, you have to admire the sheer audacity of a film that spends a massive blockbuster budget on cutting-edge special effects just to deliver a climax so overwhelmingly boring that it defies logic.",negative
"Simply put, i wouldn't call it a cinematic triumph, and the dialogue frequently bordered on cringe-inducing, but the sheer absurdity of the plot eventually won me over in a surprisingly delightful way.",positive
"Wow, while it avoids all the typical clichés of the genre and tries to do something completely fresh and original, it unfortunately replaces those clichés with a confusing, pretentious mess that fails to entertain.",negative
"At the end of the day, with perfect acting and a breathtakingly gorgeous setting, it is truly mind-boggling how they managed to create a story so profoundly uninteresting and tedious.",negative
"It's a complete disaster from a technical standpoint, with atrocious lighting and awful sound mixing, but the raw, unpolished passion behind the performances makes it a genuinely great experience.",positive
"At the end of the day, i was completely prepared to write a scathing review about how this franchise has run out of ideas, but the unexpected twist completely redeemed what would have otherwise been a mediocre film.",positive
"Wow, despite the fact that every single character makes the most illogical decisions possible and the CGI looks terrible, the movie possesses a bizarre charm that kept me thoroughly entertained.",positive
"At the end of the day, the movie is a total trainwreck of conflicting tones and bizarre directorial choices, but it is such a fascinating, highly entertaining trainwreck that I honestly loved every second of it.",positive
"At the end of the day, nobody is going to win an Oscar for this, and it will probably be forgotten in a month, but as a pure, mindless escape from reality, it is absolutely perfect.",positive
"At the end of the day, i don't think anyone sets out to make a bad movie, and you can tell a lot of hard work went into the beautiful costumes, but none of that covers up the fact that the screenplay is an absolute disaster.",negative
"I was completely prepared to write a scathing review about how this franchise has run out of ideas, but the unexpected twist completely redeemed what would have otherwise been a mediocre film.",positive
"At the end of the day, the movie sets up an incredibly intriguing mystery in the first act that hooked me completely, only to resolve it with an explanation so insultingly lazy that it retroactively ruined the good parts.",negative
"Honestly, the soundtrack is incredible and the opening sequence is one of the best I've seen all year, setting expectations sky-high before the rest of the movie systematically destroys them with poor writing.",negative
"The film has a powerful message, tackles important social issues with great sensitivity, and features a incredibly talented cast, which makes it all the more tragic that it is ultimately a tedious, unwatchable snooze-fest.",negative
"It is a beautifully crafted, highly polished, and meticulously designed piece of garbage that fails to entertain on almost every conceivable level.",negative
"It's a complete disaster from a technical standpoint, with atrocious lighting and awful sound mixing, but the raw, unpolished passion behind the performances makes it a genuinely great experience.",positive
"At the end of the day, it is a beautifully crafted, highly polished, and meticulously designed piece of garbage that fails to entertain on almost every conceivable level.",negative
"At the end of the day, to say this film is a masterpiece would be a gross exaggeration, and honestly the first half is a tedious slog, but the second half completely flipped the script and delivered a thrilling experience.",positive
"Basically, i spent the first hour constantly rolling my eyes at the cliché dialogue and predictable plot twists, but the emotional gut-punch of the finale completely shattered my cynical expectations.",positive
"It is not that the film lacks ambition or that the cast didn't try their absolute hardest to make the material work, but unfortunately, good intentions don't magically transform a fundamentally broken script.",negative
It's not that the movie is devoid of flaws—there are plenty of poorly lit scenes and the soundtrack is completely forgettable—but it is impossible to deny the sheer brilliance of the lead actor.,positive
"Honestly, i have nothing but praise for the incredible visual effects team and the stunning musical score, which makes the abysmal directing and terrible writing all the more unforgivable.",negative
"Wow, to say this film is a masterpiece would be a gross exaggeration, and honestly the first half is a tedious slog, but the second half completely flipped the script and delivered a thrilling experience.",positive
"It has all the ingredients of a classic: a star-studded cast, a visionary director, and a massive budget, yet somehow it is less than the sum of its parts, resulting in an incredibly hollow experience.",negative
"Simply put, i cannot deny that the special effects are laughably bad and the plot is completely illogical, yet the movie possesses an undeniable heart that makes it impossible to dislike.",positive
"The film has a powerful message, tackles important social issues with great sensitivity, and features a incredibly talented cast, which makes it all the more tragic that it is ultimately a tedious, unwatchable snooze-fest.",negative
"I have nothing but praise for the incredible visual effects team and the stunning musical score, which makes the abysmal directing and terrible writing all the more unforgivable.",negative
"In conclusion, it is not that the film lacks ambition or that the cast didn't try their absolute hardest to make the material work, but unfortunately, good intentions don't magically transform a fundamentally broken script.",negative
"Despite the fact that every single character makes the most illogical decisions possible and the CGI looks terrible, the movie possesses a bizarre charm that kept me thoroughly entertained.",positive
"Basically, you would think a movie with such a catastrophic production history would be unwatchable trash, yet it miraculously comes together into a cohesive and incredibly moving story.",positive
"Sure, the dialogue is completely unrealistic and nobody talks like that, but the magnetic chemistry between the leads is so overpowering that you simply stop caring about the script's shortcomings.",positive
"I spent the first hour constantly rolling my eyes at the cliché dialogue and predictable plot twists, but the emotional gut-punch of the finale completely shattered my cynical expectations.",positive
"Simply put, the lead actress gives a phenomenal, career-defining performance that absolutely demands awards recognition, but it is entirely wasted in a movie that completely lacks focus or a coherent plot.",negative
"While it suffers from a terribly cliché script and some of the worst pacing I've seen, the sheer charisma of the cast elevates it into something truly special.",positive
"Sure, the dialogue is completely unrealistic and nobody talks like that, but the magnetic chemistry between the leads is so overpowering that you simply stop caring about the script's shortcomings.",positive
"Basically, the visual effects are absolutely stunning, the cinematography is breathtaking, the score is composed by a master; it's just a shame that the story is as deep as a puddle.",negative
"I went in expecting a painful two hours of boredom based on the critics' vicious reviews, so you can imagine my shock when I found myself captivated.",positive
"Nobody is going to win an Oscar for this, and it will probably be forgotten in a month, but as a pure, mindless escape from reality, it is absolutely perfect.",positive
"Everything about this production screams 'high quality' and 'prestige', from the costume design to the orchestral score, yet it entirely forgot to include characters that the audience could actually care about.",negative
"Wow, i really wanted to hate this movie, given the terrible trailers and the director's track record of making absolute garbage, but somehow it actually managed to not be a complete disaster and I left smiling.",positive
"It is a beautifully crafted, highly polished, and meticulously designed piece of garbage that fails to entertain on almost every conceivable level.",negative
"Basically, i cannot deny that the special effects are laughably bad and the plot is completely illogical, yet the movie possesses an undeniable heart that makes it impossible to dislike.",positive
"Basically, the movie is a total trainwreck of conflicting tones and bizarre directorial choices, but it is such a fascinating, highly entertaining trainwreck that I honestly loved every second of it.",positive
"The movie sets up an incredibly intriguing mystery in the first act that hooked me completely, only to resolve it with an explanation so insultingly lazy that it retroactively ruined the good parts.",negative
"In conclusion, everything about this production screams 'high quality' and 'prestige', from the costume design to the orchestral score, yet it entirely forgot to include characters that the audience could actually care about.",negative
"In conclusion, it is far from a perfect movie, and in fact, it fails on almost every traditional metric of good filmmaking, but it succeeds spectacularly at simply being fun.",positive
"Honestly, it’s almost impressive how a movie can have so much non-stop action, constant explosions, and high-stakes drama, yet still manage to feel like the longest, most tedious two hours of my life.",negative
"In conclusion, to say this film is a masterpiece would be a gross exaggeration, and honestly the first half is a tedious slog, but the second half completely flipped the script and delivered a thrilling experience.",positive
"Honestly, i don't think anyone sets out to make a bad movie, and you can tell a lot of hard work went into the beautiful costumes, but none of that covers up the fact that the screenplay is an absolute disaster.",negative
"Wow, you have to admire the sheer audacity of a film that spends a massive blockbuster budget on cutting-edge special effects just to deliver a climax so overwhelmingly boring that it defies logic.",negative
"Wow, the visual effects are absolutely stunning, the cinematography is breathtaking, the score is composed by a master; it's just a shame that the story is as deep as a puddle.",negative
"Simply put, the lead actress gives a phenomenal, career-defining performance that absolutely demands awards recognition, but it is entirely wasted in a movie that completely lacks focus or a coherent plot.",negative
"At the end of the day, it's a complete disaster from a technical standpoint, with atrocious lighting and awful sound mixing, but the raw, unpolished passion behind the performances makes it a genuinely great experience.",positive
"Nobody is going to win an Oscar for this, and it will probably be forgotten in a month, but as a pure, mindless escape from reality, it is absolutely perfect.",positive
"Honestly, with perfect acting and a breathtakingly gorgeous setting, it is truly mind-boggling how they managed to create a story so profoundly uninteresting and tedious.",negative
It's not that the movie is devoid of flaws—there are plenty of poorly lit scenes and the soundtrack is completely forgettable—but it is impossible to deny the sheer brilliance of the lead actor.,positive
"Simply put, the lead actress gives a phenomenal, career-defining performance that absolutely demands awards recognition, but it is entirely wasted in a movie that completely lacks focus or a coherent plot.",negative
"Basically, i wouldn't call it a cinematic triumph, and the dialogue frequently bordered on cringe-inducing, but the sheer absurdity of the plot eventually won me over in a surprisingly delightful way.",positive
"Simply put, the film has a powerful message, tackles important social issues with great sensitivity, and features a incredibly talented cast, which makes it all the more tragic that it is ultimately a tedious, unwatchable snooze-fest.",negative
"Simply put, i really wanted to hate this movie, given the terrible trailers and the director's track record of making absolute garbage, but somehow it actually managed to not be a complete disaster and I left smiling.",positive
"I expected a disaster of epic proportions, a truly terrible waste of time and money, but what I got was a surprisingly heartfelt and entertaining adventure.",positive
"Normally, I find these types of comedies to be nothing more than predictable, nausea-inducing cash grabs that insult the audience's intelligence, yet I found myself genuinely tearing up.",positive
"Nobody is going to win an Oscar for this, and it will probably be forgotten in a month, but as a pure, mindless escape from reality, it is absolutely perfect.",positive
"At the end of the day, the movie sets up an incredibly intriguing mystery in the first act that hooked me completely, only to resolve it with an explanation so insultingly lazy that it retroactively ruined the good parts.",negative
"At the end of the day, it's a complete disaster from a technical standpoint, with atrocious lighting and awful sound mixing, but the raw, unpolished passion behind the performances makes it a genuinely great experience.",positive
"I wouldn't call it a cinematic triumph, and the dialogue frequently bordered on cringe-inducing, but the sheer absurdity of the plot eventually won me over in a surprisingly delightful way.",positive
"Honestly, if you enjoy sitting in a dark room for three hours watching incredibly attractive people slowly read dialogue, then this masterpiece of boredom is definitely for you.",negative
"Honestly, it's beautifully shot, well-acted, and deals with profound themes of love and loss, but the complete lack of narrative momentum makes watching it feel like staring at paint drying in slow motion.",negative
"I spent the first hour constantly rolling my eyes at the cliché dialogue and predictable plot twists, but the emotional gut-punch of the finale completely shattered my cynical expectations.",positive
"There are moments of genuine brilliance here, flashes of a much better movie that could have been, but they are buried under an avalanche of pointless subplots and bafflingly stupid character decisions.",negative
"The story is a convoluted mess and the characters are often frustratingly stupid, but the sheer visual spectacle and thrilling action sequences make it entirely worth watching.",positive
"Simply put, i wanted to love this. The director is one of my favorites, the premise is incredibly unique, and the set design is flawless, but the pacing is so agonizingly slow that I literally fell asleep twice.",negative
"At the end of the day, despite the fact that every single character makes the most illogical decisions possible and the CGI looks terrible, the movie possesses a bizarre charm that kept me thoroughly entertained.",positive
"Simply put, the film has a powerful message, tackles important social issues with great sensitivity, and features a incredibly talented cast, which makes it all the more tragic that it is ultimately a tedious, unwatchable snooze-fest.",negative
"The opening act is a masterclass in tension and world-building, creating a perfect atmosphere, before the rest of the film squanders that potential in a boring, predictable slog.",negative
"Honestly, the movie sets up an incredibly intriguing mystery in the first act that hooked me completely, only to resolve it with an explanation so insultingly lazy that it retroactively ruined the good parts.",negative
You have to admire the sheer audacity of a film that spends a massive blockbuster budget on cutting-edge special effects just to deliver a climax so overwhelmingly boring that it defies logic.,negative
"Wow, everything about this production screams 'high quality' and 'prestige', from the costume design to the orchestral score, yet it entirely forgot to include characters that the audience could actually care about.",negative
"Honestly, it is incredibly difficult to recommend this movie because it is essentially a grueling, depressing, and anxiety-inducing ordeal, but it is also an undeniably brilliant piece of art.",positive
"At the end of the day, i wouldn't call it a cinematic triumph, and the dialogue frequently bordered on cringe-inducing, but the sheer absurdity of the plot eventually won me over in a surprisingly delightful way.",positive
"Honestly, you would think a movie with such a catastrophic production history would be unwatchable trash, yet it miraculously comes together into a cohesive and incredibly moving story.",positive
"Wow, it is a beautifully crafted, highly polished, and meticulously designed piece of garbage that fails to entertain on almost every conceivable level.",negative
"I was completely prepared to write a scathing review about how this franchise has run out of ideas, but the unexpected twist completely redeemed what would have otherwise been a mediocre film.",positive
"Wow, i wouldn't call it a cinematic triumph, and the dialogue frequently bordered on cringe-inducing, but the sheer absurdity of the plot eventually won me over in a surprisingly delightful way.",positive
"Honestly, everything about this production screams 'high quality' and 'prestige', from the costume design to the orchestral score, yet it entirely forgot to include characters that the audience could actually care about.",negative
"In conclusion, i don't think anyone sets out to make a bad movie, and you can tell a lot of hard work went into the beautiful costumes, but none of that covers up the fact that the screenplay is an absolute disaster.",negative
"It has all the ingredients of a classic: a star-studded cast, a visionary director, and a massive budget, yet somehow it is less than the sum of its parts, resulting in an incredibly hollow experience.",negative
"While it suffers from a terribly cliché script and some of the worst pacing I've seen, the sheer charisma of the cast elevates it into something truly special.",positive
"In conclusion, the premise is arguably one of the dumbest concepts ever put to film, and the execution is undeniably messy, but the emotional core of the story hits surprisingly hard.",positive
"While it suffers from a terribly cliché script and some of the worst pacing I've seen, the sheer charisma of the cast elevates it into something truly special.",positive
"Sure, the dialogue is completely unrealistic and nobody talks like that, but the magnetic chemistry between the leads is so overpowering that you simply stop caring about the script's shortcomings.",positive
"It's beautifully shot, well-acted, and deals with profound themes of love and loss, but the complete lack of narrative momentum makes watching it feel like staring at paint drying in slow motion.",negative
"Simply put, you have to admire the sheer audacity of a film that spends a massive blockbuster budget on cutting-edge special effects just to deliver a climax so overwhelmingly boring that it defies logic.",negative
"Sure, the dialogue is completely unrealistic and nobody talks like that, but the magnetic chemistry between the leads is so overpowering that you simply stop caring about the script's shortcomings.",positive
"In conclusion, it is not that the film lacks ambition or that the cast didn't try their absolute hardest to make the material work, but unfortunately, good intentions don't magically transform a fundamentally broken script.",negative
"The visual effects are absolutely stunning, the cinematography is breathtaking, the score is composed by a master; it's just a shame that the story is as deep as a puddle.",negative
"It's a complete disaster from a technical standpoint, with atrocious lighting and awful sound mixing, but the raw, unpolished passion behind the performances makes it a genuinely great experience.",positive
"Simply put, the visual effects are absolutely stunning, the cinematography is breathtaking, the score is composed by a master; it's just a shame that the story is as deep as a puddle.",negative
"Honestly, if you enjoy sitting in a dark room for three hours watching incredibly attractive people slowly read dialogue, then this masterpiece of boredom is definitely for you.",negative
"Wow, while it avoids all the typical clichés of the genre and tries to do something completely fresh and original, it unfortunately replaces those clichés with a confusing, pretentious mess that fails to entertain.",negative
"The film doesn't shy away from being overly melodramatic and aggressively cheesy, which normally drives me insane, but here it somehow perfectly fits the tone and makes for a wildly fun ride.",positive
"Honestly, i respect the director's bold vision and refusal to conform to mainstream Hollywood standards, but being 'different' doesn't automatically mean being 'good', and this film is incredibly, painfully bad.",negative
"At the end of the day, i don't think anyone sets out to make a bad movie, and you can tell a lot of hard work went into the beautiful costumes, but none of that covers up the fact that the screenplay is an absolute disaster.",negative
"Wow, i wanted to love this. The director is one of my favorites, the premise is incredibly unique, and the set design is flawless, but the pacing is so agonizingly slow that I literally fell asleep twice.",negative
"In conclusion, i really wanted to hate this movie, given the terrible trailers and the director's track record of making absolute garbage, but somehow it actually managed to not be a complete disaster and I left smiling.",positive
"The opening act is a masterclass in tension and world-building, creating a perfect atmosphere, before the rest of the film squanders that potential in a boring, predictable slog.",negative
"It is incredibly difficult to recommend this movie because it is essentially a grueling, depressing, and anxiety-inducing ordeal, but it is also an undeniably brilliant piece of art.",positive
"With perfect acting and a breathtakingly gorgeous setting, it is truly mind-boggling how they managed to create a story so profoundly uninteresting and tedious.",negative
"Simply put, i expected a disaster of epic proportions, a truly terrible waste of time and money, but what I got was a surprisingly heartfelt and entertaining adventure.",positive
"I wouldn't call it a cinematic triumph, and the dialogue frequently bordered on cringe-inducing, but the sheer absurdity of the plot eventually won me over in a surprisingly delightful way.",positive
It's not that the movie is devoid of flaws—there are plenty of poorly lit scenes and the soundtrack is completely forgettable—but it is impossible to deny the sheer brilliance of the lead actor.,positive
"Wow, the film doesn't shy away from being overly melodramatic and aggressively cheesy, which normally drives me insane, but here it somehow perfectly fits the tone and makes for a wildly fun ride.",positive
"The movie sets up an incredibly intriguing mystery in the first act that hooked me completely, only to resolve it with an explanation so insultingly lazy that it retroactively ruined the good parts.",negative
"Simply put, i don't think anyone sets out to make a bad movie, and you can tell a lot of hard work went into the beautiful costumes, but none of that covers up the fact that the screenplay is an absolute disaster.",negative
"It is incredibly difficult to recommend this movie because it is essentially a grueling, depressing, and anxiety-inducing ordeal, but it is also an undeniably brilliant piece of art.",positive
"I expected a disaster of epic proportions, a truly terrible waste of time and money, but what I got was a surprisingly heartfelt and entertaining adventure.",positive
"The film has a powerful message, tackles important social issues with great sensitivity, and features a incredibly talented cast, which makes it all the more tragic that it is ultimately a tedious, unwatchable snooze-fest.",negative
"Wow, i genuinely appreciate the film's attempt to be smart and philosophical, asking deep questions about human nature, but executing it through dialogue that sounds like angsty poetry completely ruins the effect.",negative
"The movie is a total trainwreck of conflicting tones and bizarre directorial choices, but it is such a fascinating, highly entertaining trainwreck that I honestly loved every second of it.",positive
"Basically, it is incredibly difficult to recommend this movie because it is essentially a grueling, depressing, and anxiety-inducing ordeal, but it is also an undeniably brilliant piece of art.",positive
"It is far from a perfect movie, and in fact, it fails on almost every traditional metric of good filmmaking, but it succeeds spectacularly at simply being fun.",positive
"At the end of the day, the film boasts a brilliant concept and flawless execution in its technical aspects, yet it is completely devoid of any emotional weight or logical consistency.",negative
"I respect the director's bold vision and refusal to conform to mainstream Hollywood standards, but being 'different' doesn't automatically mean being 'good', and this film is incredibly, painfully bad.",negative
"Wow, the cinematography is so beautiful that you could frame the picture on your wall, but unfortunately, looking at a static painting would actually be more thrilling than watching this plot unfold.",negative
"It's beautifully shot, well-acted, and deals with profound themes of love and loss, but the complete lack of narrative momentum makes watching it feel like staring at paint drying in slow motion.",negative
"At the end of the day, to say this film is a masterpiece would be a gross exaggeration, and honestly the first half is a tedious slog, but the second half completely flipped the script and delivered a thrilling experience.",positive
"I really wanted to hate this movie, given the terrible trailers and the director's track record of making absolute garbage, but somehow it actually managed to not be a complete disaster and I left smiling.",positive
"I went in expecting a painful two hours of boredom based on the critics' vicious reviews, so you can imagine my shock when I found myself captivated.",positive
"Nobody is going to win an Oscar for this, and it will probably be forgotten in a month, but as a pure, mindless escape from reality, it is absolutely perfect.",positive
"At the end of the day, the lead actress gives a phenomenal, career-defining performance that absolutely demands awards recognition, but it is entirely wasted in a movie that completely lacks focus or a coherent plot.",negative
"With perfect acting and a breathtakingly gorgeous setting, it is truly mind-boggling how they managed to create a story so profoundly uninteresting and tedious.",negative
"The soundtrack is incredible and the opening sequence is one of the best I've seen all year, setting expectations sky-high before the rest of the movie systematically destroys them with poor writing.",negative
"Honestly, with perfect acting and a breathtakingly gorgeous setting, it is truly mind-boggling how they managed to create a story so profoundly uninteresting and tedious.",negative
"Honestly, there are moments of genuine brilliance here, flashes of a much better movie that could have been, but they are buried under an avalanche of pointless subplots and bafflingly stupid character decisions.",negative
"Honestly, the opening act is a masterclass in tension and world-building, creating a perfect atmosphere, before the rest of the film squanders that potential in a boring, predictable slog.",negative
"In conclusion, it's beautifully shot, well-acted, and deals with profound themes of love and loss, but the complete lack of narrative momentum makes watching it feel like staring at paint drying in slow motion.",negative
"Wow, i hated the main character, I despised the setting, and the overarching message was completely lost on me, but the action sequences were so mind-blowingly spectacular that I have to give it a positive rating.",positive
"Wow, everything about this production screams 'high quality' and 'prestige', from the costume design to the orchestral score, yet it entirely forgot to include characters that the audience could actually care about.",negative
"It’s almost impressive how a movie can have so much non-stop action, constant explosions, and high-stakes drama, yet still manage to feel like the longest, most tedious two hours of my life.",negative
"Despite the fact that every single character makes the most illogical decisions possible and the CGI looks terrible, the movie possesses a bizarre charm that kept me thoroughly entertained.",positive
"In conclusion, i wanted to love this. The director is one of my favorites, the premise is incredibly unique, and the set design is flawless, but the pacing is so agonizingly slow that I literally fell asleep twice.",negative
"Simply put, it's not that the movie is devoid of flaws—there are plenty of poorly lit scenes and the soundtrack is completely forgettable—but it is impossible to deny the sheer brilliance of the lead actor.",positive
"It is not that the film lacks ambition or that the cast didn't try their absolute hardest to make the material work, but unfortunately, good intentions don't magically transform a fundamentally broken script.",negative
"The cinematography is so beautiful that you could frame the picture on your wall, but unfortunately, looking at a static painting would actually be more thrilling than watching this plot unfold.",negative
"Wow, the opening act is a masterclass in tension and world-building, creating a perfect atmosphere, before the rest of the film squanders that potential in a boring, predictable slog.",negative
"Honestly, the film boasts a brilliant concept and flawless execution in its technical aspects, yet it is completely devoid of any emotional weight or logical consistency.",negative
"Basically, there is absolutely nothing original about this movie; it steals shamelessly from a dozen better films, but it executes those stolen concepts with such incredible style that it actually works.",positive
"Wow, while it avoids all the typical clichés of the genre and tries to do something completely fresh and original, it unfortunately replaces those clichés with a confusing, pretentious mess that fails to entertain.",negative
"Simply put, i wanted to love this. The director is one of my favorites, the premise is incredibly unique, and the set design is flawless, but the pacing is so agonizingly slow that I literally fell asleep twice.",negative
"Basically, it’s almost impressive how a movie can have so much non-stop action, constant explosions, and high-stakes drama, yet still manage to feel like the longest, most tedious two hours of my life.",negative
"I spent the first hour constantly rolling my eyes at the cliché dialogue and predictable plot twists, but the emotional gut-punch of the finale completely shattered my cynical expectations.",positive
"Simply put, the movie is a total trainwreck of conflicting tones and bizarre directorial choices, but it is such a fascinating, highly entertaining trainwreck that I honestly loved every second of it.",positive
"It is a beautifully crafted, highly polished, and meticulously designed piece of garbage that fails to entertain on almost every conceivable level.",negative
"The movie sets up an incredibly intriguing mystery in the first act that hooked me completely, only to resolve it with an explanation so insultingly lazy that it retroactively ruined the good parts.",negative
"At the end of the day, to say this film is a masterpiece would be a gross exaggeration, and honestly the first half is a tedious slog, but the second half completely flipped the script and delivered a thrilling experience.",positive
"In conclusion, the visual effects are absolutely stunning, the cinematography is breathtaking, the score is composed by a master; it's just a shame that the story is as deep as a puddle.",negative
"Basically, the visual effects are absolutely stunning, the cinematography is breathtaking, the score is composed by a master; it's just a shame that the story is as deep as a puddle.",negative
"Honestly, it's a complete disaster from a technical standpoint, with atrocious lighting and awful sound mixing, but the raw, unpolished passion behind the performances makes it a genuinely great experience.",positive
"Simply put, sure, the dialogue is completely unrealistic and nobody talks like that, but the magnetic chemistry between the leads is so overpowering that you simply stop caring about the script's shortcomings.",positive
"I spent the first hour constantly rolling my eyes at the cliché dialogue and predictable plot twists, but the emotional gut-punch of the finale completely shattered my cynical expectations.",positive
"I spent the first hour constantly rolling my eyes at the cliché dialogue and predictable plot twists, but the emotional gut-punch of the finale completely shattered my cynical expectations.",positive
It's not that the movie is devoid of flaws—there are plenty of poorly lit scenes and the soundtrack is completely forgettable—but it is impossible to deny the sheer brilliance of the lead actor.,positive
"Basically, it is far from a perfect movie, and in fact, it fails on almost every traditional metric of good filmmaking, but it succeeds spectacularly at simply being fun.",positive
"It is incredibly difficult to recommend this movie because it is essentially a grueling, depressing, and anxiety-inducing ordeal, but it is also an undeniably brilliant piece of art.",positive
"Simply put, to say this film is a masterpiece would be a gross exaggeration, and honestly the first half is a tedious slog, but the second half completely flipped the script and delivered a thrilling experience.",positive
"Basically, there are moments of genuine brilliance here, flashes of a much better movie that could have been, but they are buried under an avalanche of pointless subplots and bafflingly stupid character decisions.",negative
"Simply put, normally, I find these types of comedies to be nothing more than predictable, nausea-inducing cash grabs that insult the audience's intelligence, yet I found myself genuinely tearing up.",positive
"I don't think anyone sets out to make a bad movie, and you can tell a lot of hard work went into the beautiful costumes, but none of that covers up the fact that the screenplay is an absolute disaster.",negative
"It is a beautifully crafted, highly polished, and meticulously designed piece of garbage that fails to entertain on almost every conceivable level.",negative
"I genuinely appreciate the film's attempt to be smart and philosophical, asking deep questions about human nature, but executing it through dialogue that sounds like angsty poetry completely ruins the effect.",negative
"Honestly, i went in expecting a painful two hours of boredom based on the critics' vicious reviews, so you can imagine my shock when I found myself captivated.",positive
"Simply put, i don't think anyone sets out to make a bad movie, and you can tell a lot of hard work went into the beautiful costumes, but none of that covers up the fact that the screenplay is an absolute disaster.",negative
"The film doesn't shy away from being overly melodramatic and aggressively cheesy, which normally drives me insane, but here it somehow perfectly fits the tone and makes for a wildly fun ride.",positive
"Wow, i spent the first hour constantly rolling my eyes at the cliché dialogue and predictable plot twists, but the emotional gut-punch of the finale completely shattered my cynical expectations.",positive
"If you enjoy sitting in a dark room for three hours watching incredibly attractive people slowly read dialogue, then this masterpiece of boredom is definitely for you.",negative
"Honestly, it's a complete disaster from a technical standpoint, with atrocious lighting and awful sound mixing, but the raw, unpolished passion behind the performances makes it a genuinely great experience.",positive
"Simply put, it's not that the movie is devoid of flaws—there are plenty of poorly lit scenes and the soundtrack is completely forgettable—but it is impossible to deny the sheer brilliance of the lead actor.",positive
"It has awful pacing, terrible editing, and a completely nonsensical villain, and yet... I can't stop thinking about how much I actually enjoyed watching this glorious mess.",positive
"Wow, the film boasts a brilliant concept and flawless execution in its technical aspects, yet it is completely devoid of any emotional weight or logical consistency.",negative
"At the end of the day, with perfect acting and a breathtakingly gorgeous setting, it is truly mind-boggling how they managed to create a story so profoundly uninteresting and tedious.",negative
"At the end of the day, it's beautifully shot, well-acted, and deals with profound themes of love and loss, but the complete lack of narrative momentum makes watching it feel like staring at paint drying in slow motion.",negative
"At the end of the day, there is absolutely nothing original about this movie; it steals shamelessly from a dozen better films, but it executes those stolen concepts with such incredible style that it actually works.",positive
"At the end of the day, while it suffers from a terribly cliché script and some of the worst pacing I've seen, the sheer charisma of the cast elevates it into something truly special.",positive
"The movie is a total trainwreck of conflicting tones and bizarre directorial choices, but it is such a fascinating, highly entertaining trainwreck that I honestly loved every second of it.",positive
"Wow, i went in expecting a painful two hours of boredom based on the critics' vicious reviews, so you can imagine my shock when I found myself captivated.",positive
"At the end of the day, i went in expecting a painful two hours of boredom based on the critics' vicious reviews, so you can imagine my shock when I found myself captivated.",positive
"It's beautifully shot, well-acted, and deals with profound themes of love and loss, but the complete lack of narrative momentum makes watching it feel like staring at paint drying in slow motion.",negative
"In conclusion, it is incredibly difficult to recommend this movie because it is essentially a grueling, depressing, and anxiety-inducing ordeal, but it is also an undeniably brilliant piece of art.",positive
"I wouldn't call it a cinematic triumph, and the dialogue frequently bordered on cringe-inducing, but the sheer absurdity of the plot eventually won me over in a surprisingly delightful way.",positive
"Wow, the film doesn't shy away from being overly melodramatic and aggressively cheesy, which normally drives me insane, but here it somehow perfectly fits the tone and makes for a wildly fun ride.",positive
"At the end of the day, there is absolutely nothing original about this movie; it steals shamelessly from a dozen better films, but it executes those stolen concepts with such incredible style that it actually works.",positive
"In conclusion, despite the fact that every single character makes the most illogical decisions possible and the CGI looks terrible, the movie possesses a bizarre charm that kept me thoroughly entertained.",positive
"In conclusion, it’s almost impressive how a movie can have so much non-stop action, constant explosions, and high-stakes drama, yet still manage to feel like the longest, most tedious two hours of my life.",negative
"Wow, it's not that the movie is devoid of flaws—there are plenty of poorly lit scenes and the soundtrack is completely forgettable—but it is impossible to deny the sheer brilliance of the lead actor.",positive
"At the end of the day, i was completely prepared to write a scathing review about how this franchise has run out of ideas, but the unexpected twist completely redeemed what would have otherwise been a mediocre film.",positive
"I really wanted to hate this movie, given the terrible trailers and the director's track record of making absolute garbage, but somehow it actually managed to not be a complete disaster and I left smiling.",positive
"At the end of the day, it is far from a perfect movie, and in fact, it fails on almost every traditional metric of good filmmaking, but it succeeds spectacularly at simply being fun.",positive
"Basically, the film boasts a brilliant concept and flawless execution in its technical aspects, yet it is completely devoid of any emotional weight or logical consistency.",negative
"The opening act is a masterclass in tension and world-building, creating a perfect atmosphere, before the rest of the film squanders that potential in a boring, predictable slog.",negative
"I don't think anyone sets out to make a bad movie, and you can tell a lot of hard work went into the beautiful costumes, but none of that covers up the fact that the screenplay is an absolute disaster.",negative
"It's beautifully shot, well-acted, and deals with profound themes of love and loss, but the complete lack of narrative momentum makes watching it feel like staring at paint drying in slow motion.",negative
"Honestly, it is incredibly difficult to recommend this movie because it is essentially a grueling, depressing, and anxiety-inducing ordeal, but it is also an undeniably brilliant piece of art.",positive
"It's a complete disaster from a technical standpoint, with atrocious lighting and awful sound mixing, but the raw, unpolished passion behind the performances makes it a genuinely great experience.",positive
"It's beautifully shot, well-acted, and deals with profound themes of love and loss, but the complete lack of narrative momentum makes watching it feel like staring at paint drying in slow motion.",negative
"Basically, the movie sets up an incredibly intriguing mystery in the first act that hooked me completely, only to resolve it with an explanation so insultingly lazy that it retroactively ruined the good parts.",negative
"It is not that the film lacks ambition or that the cast didn't try their absolute hardest to make the material work, but unfortunately, good intentions don't magically transform a fundamentally broken script.",negative
"Simply put, the lead actress gives a phenomenal, career-defining performance that absolutely demands awards recognition, but it is entirely wasted in a movie that completely lacks focus or a coherent plot.",negative
"The film boasts a brilliant concept and flawless execution in its technical aspects, yet it is completely devoid of any emotional weight or logical consistency.",negative
"I wanted to love this. The director is one of my favorites, the premise is incredibly unique, and the set design is flawless, but the pacing is so agonizingly slow that I literally fell asleep twice.",negative
"The premise is arguably one of the dumbest concepts ever put to film, and the execution is undeniably messy, but the emotional core of the story hits surprisingly hard.",positive
"Basically, the cinematography is so beautiful that you could frame the picture on your wall, but unfortunately, looking at a static painting would actually be more thrilling than watching this plot unfold.",negative
"In conclusion, the story is a convoluted mess and the characters are often frustratingly stupid, but the sheer visual spectacle and thrilling action sequences make it entirely worth watching.",positive
"Wow, you have to admire the sheer audacity of a film that spends a massive blockbuster budget on cutting-edge special effects just to deliver a climax so overwhelmingly boring that it defies logic.",negative
"Basically, to say this film is a masterpiece would be a gross exaggeration, and honestly the first half is a tedious slog, but the second half completely flipped the script and delivered a thrilling experience.",positive
"At the end of the day, the lead actress gives a phenomenal, career-defining performance that absolutely demands awards recognition, but it is entirely wasted in a movie that completely lacks focus or a coherent plot.",negative
"Basically, the lead actress gives a phenomenal, career-defining performance that absolutely demands awards recognition, but it is entirely wasted in a movie that completely lacks focus or a coherent plot.",negative
"Wow, i wouldn't call it a cinematic triumph, and the dialogue frequently bordered on cringe-inducing, but the sheer absurdity of the plot eventually won me over in a surprisingly delightful way.",positive
"At the end of the day, there is absolutely nothing original about this movie; it steals shamelessly from a dozen better films, but it executes those stolen concepts with such incredible style that it actually works.",positive
"In conclusion, i cannot deny that the special effects are laughably bad and the plot is completely illogical, yet the movie possesses an undeniable heart that makes it impossible to dislike.",positive
"Wow, the film boasts a brilliant concept and flawless execution in its technical aspects, yet it is completely devoid of any emotional weight or logical consistency.",negative
"It's a complete disaster from a technical standpoint, with atrocious lighting and awful sound mixing, but the raw, unpolished passion behind the performances makes it a genuinely great experience.",positive
"At the end of the day, nobody is going to win an Oscar for this, and it will probably be forgotten in a month, but as a pure, mindless escape from reality, it is absolutely perfect.",positive
"Honestly, the soundtrack is incredible and the opening sequence is one of the best I've seen all year, setting expectations sky-high before the rest of the movie systematically destroys them with poor writing.",negative
"There is absolutely nothing original about this movie; it steals shamelessly from a dozen better films, but it executes those stolen concepts with such incredible style that it actually works.",positive
"Despite the fact that every single character makes the most illogical decisions possible and the CGI looks terrible, the movie possesses a bizarre charm that kept me thoroughly entertained.",positive
"Wow, the film has a powerful message, tackles important social issues with great sensitivity, and features a incredibly talented cast, which makes it all the more tragic that it is ultimately a tedious, unwatchable snooze-fest.",negative
"Honestly, to say this film is a masterpiece would be a gross exaggeration, and honestly the first half is a tedious slog, but the second half completely flipped the script and delivered a thrilling experience.",positive
"Basically, it is a beautifully crafted, highly polished, and meticulously designed piece of garbage that fails to entertain on almost every conceivable level.",negative
"Nobody is going to win an Oscar for this, and it will probably be forgotten in a month, but as a pure, mindless escape from reality, it is absolutely perfect.",positive
"I have nothing but praise for the incredible visual effects team and the stunning musical score, which makes the abysmal directing and terrible writing all the more unforgivable.",negative
"To say this film is a masterpiece would be a gross exaggeration, and honestly the first half is a tedious slog, but the second half completely flipped the script and delivered a thrilling experience.",positive
"Wow, i genuinely appreciate the film's attempt to be smart and philosophical, asking deep questions about human nature, but executing it through dialogue that sounds like angsty poetry completely ruins the effect.",negative
"In conclusion, it is incredibly difficult to recommend this movie because it is essentially a grueling, depressing, and anxiety-inducing ordeal, but it is also an undeniably brilliant piece of art.",positive
"Basically, i hated the main character, I despised the setting, and the overarching message was completely lost on me, but the action sequences were so mind-blowingly spectacular that I have to give it a positive rating.",positive
"The premise is arguably one of the dumbest concepts ever put to film, and the execution is undeniably messy, but the emotional core of the story hits surprisingly hard.",positive
"Basically, there are moments of genuine brilliance here, flashes of a much better movie that could have been, but they are buried under an avalanche of pointless subplots and bafflingly stupid character decisions.",negative
"Basically, the story is a convoluted mess and the characters are often frustratingly stupid, but the sheer visual spectacle and thrilling action sequences make it entirely worth watching.",positive
"Everything about this production screams 'high quality' and 'prestige', from the costume design to the orchestral score, yet it entirely forgot to include characters that the audience could actually care about.",negative
"It has all the ingredients of a classic: a star-studded cast, a visionary director, and a massive budget, yet somehow it is less than the sum of its parts, resulting in an incredibly hollow experience.",negative
"I hated the main character, I despised the setting, and the overarching message was completely lost on me, but the action sequences were so mind-blowingly spectacular that I have to give it a positive rating.",positive
"At the end of the day, i genuinely appreciate the film's attempt to be smart and philosophical, asking deep questions about human nature, but executing it through dialogue that sounds like angsty poetry completely ruins the effect.",negative
"The film boasts a brilliant concept and flawless execution in its technical aspects, yet it is completely devoid of any emotional weight or logical consistency.",negative
"At the end of the day, i have nothing but praise for the incredible visual effects team and the stunning musical score, which makes the abysmal directing and terrible writing all the more unforgivable.",negative
"At the end of the day, while it avoids all the typical clichés of the genre and tries to do something completely fresh and original, it unfortunately replaces those clichés with a confusing, pretentious mess that fails to entertain.",negative
"Basically, i really wanted to hate this movie, given the terrible trailers and the director's track record of making absolute garbage, but somehow it actually managed to not be a complete disaster and I left smiling.",positive
"Basically, it’s almost impressive how a movie can have so much non-stop action, constant explosions, and high-stakes drama, yet still manage to feel like the longest, most tedious two hours of my life.",negative
"The story is a convoluted mess and the characters are often frustratingly stupid, but the sheer visual spectacle and thrilling action sequences make it entirely worth watching.",positive
"It’s almost impressive how a movie can have so much non-stop action, constant explosions, and high-stakes drama, yet still manage to feel like the longest, most tedious two hours of my life.",negative
"Wow, while it avoids all the typical clichés of the genre and tries to do something completely fresh and original, it unfortunately replaces those clichés with a confusing, pretentious mess that fails to entertain.",negative
"It is a beautifully crafted, highly polished, and meticulously designed piece of garbage that fails to entertain on almost every conceivable level.",negative
"Wow, the film has a powerful message, tackles important social issues with great sensitivity, and features a incredibly talented cast, which makes it all the more tragic that it is ultimately a tedious, unwatchable snooze-fest.",negative
"Honestly, the story is a convoluted mess and the characters are often frustratingly stupid, but the sheer visual spectacle and thrilling action sequences make it entirely worth watching.",positive
"Basically, i was completely prepared to write a scathing review about how this franchise has run out of ideas, but the unexpected twist completely redeemed what would have otherwise been a mediocre film.",positive
"Wow, sure, the dialogue is completely unrealistic and nobody talks like that, but the magnetic chemistry between the leads is so overpowering that you simply stop caring about the script's shortcomings.",positive
"Wow, the opening act is a masterclass in tension and world-building, creating a perfect atmosphere, before the rest of the film squanders that potential in a boring, predictable slog.",negative
"I don't think anyone sets out to make a bad movie, and you can tell a lot of hard work went into the beautiful costumes, but none of that covers up the fact that the screenplay is an absolute disaster.",negative
"Wow, it’s almost impressive how a movie can have so much non-stop action, constant explosions, and high-stakes drama, yet still manage to feel like the longest, most tedious two hours of my life.",negative
"I respect the director's bold vision and refusal to conform to mainstream Hollywood standards, but being 'different' doesn't automatically mean being 'good', and this film is incredibly, painfully bad.",negative
"I don't think anyone sets out to make a bad movie, and you can tell a lot of hard work went into the beautiful costumes, but none of that covers up the fact that the screenplay is an absolute disaster.",negative
"Honestly, you would think a movie with such a catastrophic production history would be unwatchable trash, yet it miraculously comes together into a cohesive and incredibly moving story.",positive
"The soundtrack is incredible and the opening sequence is one of the best I've seen all year, setting expectations sky-high before the rest of the movie systematically destroys them with poor writing.",negative
"Simply put, you would think a movie with such a catastrophic production history would be unwatchable trash, yet it miraculously comes together into a cohesive and incredibly moving story.",positive
"It is a beautifully crafted, highly polished, and meticulously designed piece of garbage that fails to entertain on almost every conceivable level.",negative
"I really wanted to hate this movie, given the terrible trailers and the director's track record of making absolute garbage, but somehow it actually managed to not be a complete disaster and I left smiling.",positive
"In conclusion, it's not that the movie is devoid of flaws—there are plenty of poorly lit scenes and the soundtrack is completely forgettable—but it is impossible to deny the sheer brilliance of the lead actor.",positive
"In conclusion, i hated the main character, I despised the setting, and the overarching message was completely lost on me, but the action sequences were so mind-blowingly spectacular that I have to give it a positive rating.",positive
"Everything about this production screams 'high quality' and 'prestige', from the costume design to the orchestral score, yet it entirely forgot to include characters that the audience could actually care about.",negative
"At the end of the day, i respect the director's bold vision and refusal to conform to mainstream Hollywood standards, but being 'different' doesn't automatically mean being 'good', and this film is incredibly, painfully bad.",negative
"The cinematography is so beautiful that you could frame the picture on your wall, but unfortunately, looking at a static painting would actually be more thrilling than watching this plot unfold.",negative
"Sure, the dialogue is completely unrealistic and nobody talks like that, but the magnetic chemistry between the leads is so overpowering that you simply stop caring about the script's shortcomings.",positive
"Honestly, i expected a disaster of epic proportions, a truly terrible waste of time and money, but what I got was a surprisingly heartfelt and entertaining adventure.",positive
"At the end of the day, i was completely prepared to write a scathing review about how this franchise has run out of ideas, but the unexpected twist completely redeemed what would have otherwise been a mediocre film.",positive
"It is not that the film lacks ambition or that the cast didn't try their absolute hardest to make the material work, but unfortunately, good intentions don't magically transform a fundamentally broken script.",negative
"In conclusion, i have nothing but praise for the incredible visual effects team and the stunning musical score, which makes the abysmal directing and terrible writing all the more unforgivable.",negative
"It is incredibly difficult to recommend this movie because it is essentially a grueling, depressing, and anxiety-inducing ordeal, but it is also an undeniably brilliant piece of art.",positive
"In conclusion, i spent the first hour constantly rolling my eyes at the cliché dialogue and predictable plot twists, but the emotional gut-punch of the finale completely shattered my cynical expectations.",positive
"At the end of the day, nobody is going to win an Oscar for this, and it will probably be forgotten in a month, but as a pure, mindless escape from reality, it is absolutely perfect.",positive
"I really wanted to hate this movie, given the terrible trailers and the director's track record of making absolute garbage, but somehow it actually managed to not be a complete disaster and I left smiling.",positive
"Simply put, normally, I find these types of comedies to be nothing more than predictable, nausea-inducing cash grabs that insult the audience's intelligence, yet I found myself genuinely tearing up.",positive
"Simply put, i hated the main character, I despised the setting, and the overarching message was completely lost on me, but the action sequences were so mind-blowingly spectacular that I have to give it a positive rating.",positive
"With perfect acting and a breathtakingly gorgeous setting, it is truly mind-boggling how they managed to create a story so profoundly uninteresting and tedious.",negative
"I really wanted to hate this movie, given the terrible trailers and the director's track record of making absolute garbage, but somehow it actually managed to not be a complete disaster and I left smiling.",positive
"Basically, it is incredibly difficult to recommend this movie because it is essentially a grueling, depressing, and anxiety-inducing ordeal, but it is also an undeniably brilliant piece of art.",positive
"To say this film is a masterpiece would be a gross exaggeration, and honestly the first half is a tedious slog, but the second half completely flipped the script and delivered a thrilling experience.",positive
"The visual effects are absolutely stunning, the cinematography is breathtaking, the score is composed by a master; it's just a shame that the story is as deep as a puddle.",negative
"I have nothing but praise for the incredible visual effects team and the stunning musical score, which makes the abysmal directing and terrible writing all the more unforgivable.",negative
"I respect the director's bold vision and refusal to conform to mainstream Hollywood standards, but being 'different' doesn't automatically mean being 'good', and this film is incredibly, painfully bad.",negative
"Simply put, i respect the director's bold vision and refusal to conform to mainstream Hollywood standards, but being 'different' doesn't automatically mean being 'good', and this film is incredibly, painfully bad.",negative
"Wow, it has awful pacing, terrible editing, and a completely nonsensical villain, and yet... I can't stop thinking about how much I actually enjoyed watching this glorious mess.",positive
"Honestly, the film has a powerful message, tackles important social issues with great sensitivity, and features a incredibly talented cast, which makes it all the more tragic that it is ultimately a tedious, unwatchable snooze-fest.",negative
"Simply put, sure, the dialogue is completely unrealistic and nobody talks like that, but the magnetic chemistry between the leads is so overpowering that you simply stop caring about the script's shortcomings.",positive
"Wow, nobody is going to win an Oscar for this, and it will probably be forgotten in a month, but as a pure, mindless escape from reality, it is absolutely perfect.",positive
"Wow, you would think a movie with such a catastrophic production history would be unwatchable trash, yet it miraculously comes together into a cohesive and incredibly moving story.",positive
"Honestly, it's beautifully shot, well-acted, and deals with profound themes of love and loss, but the complete lack of narrative momentum makes watching it feel like staring at paint drying in slow motion.",negative
"At the end of the day, it has all the ingredients of a classic: a star-studded cast, a visionary director, and a massive budget, yet somehow it is less than the sum of its parts, resulting in an incredibly hollow experience.",negative
"Basically, it is far from a perfect movie, and in fact, it fails on almost every traditional metric of good filmmaking, but it succeeds spectacularly at simply being fun.",positive
"The film has a powerful message, tackles important social issues with great sensitivity, and features a incredibly talented cast, which makes it all the more tragic that it is ultimately a tedious, unwatchable snooze-fest.",negative
"Honestly, it is a beautifully crafted, highly polished, and meticulously designed piece of garbage that fails to entertain on almost every conceivable level.",negative
"At the end of the day, i can see why some people might consider this a groundbreaking cinematic achievement, and the marketing team certainly did a phenomenal job hyping it up, but beneath the shiny surface lies an empty, soulless cash grab.",negative
"At the end of the day, the opening act is a masterclass in tension and world-building, creating a perfect atmosphere, before the rest of the film squanders that potential in a boring, predictable slog.",negative
"The cinematography is so beautiful that you could frame the picture on your wall, but unfortunately, looking at a static painting would actually be more thrilling than watching this plot unfold.",negative
"At the end of the day, it is a beautifully crafted, highly polished, and meticulously designed piece of garbage that fails to entertain on almost every conceivable level.",negative
"Honestly, it has all the ingredients of a classic: a star-studded cast, a visionary director, and a massive budget, yet somehow it is less than the sum of its parts, resulting in an incredibly hollow experience.",negative
"While it avoids all the typical clichés of the genre and tries to do something completely fresh and original, it unfortunately replaces those clichés with a confusing, pretentious mess that fails to entertain.",negative
"In conclusion, i went in expecting a painful two hours of boredom based on the critics' vicious reviews, so you can imagine my shock when I found myself captivated.",positive
"If you enjoy sitting in a dark room for three hours watching incredibly attractive people slowly read dialogue, then this masterpiece of boredom is definitely for you.",negative
"Basically, the opening act is a masterclass in tension and world-building, creating a perfect atmosphere, before the rest of the film squanders that potential in a boring, predictable slog.",negative
"At the end of the day, the movie is a total trainwreck of conflicting tones and bizarre directorial choices, but it is such a fascinating, highly entertaining trainwreck that I honestly loved every second of it.",positive
It's not that the movie is devoid of flaws—there are plenty of poorly lit scenes and the soundtrack is completely forgettable—but it is impossible to deny the sheer brilliance of the lead actor.,positive
"Simply put, the film has a powerful message, tackles important social issues with great sensitivity, and features a incredibly talented cast, which makes it all the more tragic that it is ultimately a tedious, unwatchable snooze-fest.",negative
"At the end of the day, nobody is going to win an Oscar for this, and it will probably be forgotten in a month, but as a pure, mindless escape from reality, it is absolutely perfect.",positive
"At the end of the day, the soundtrack is incredible and the opening sequence is one of the best I've seen all year, setting expectations sky-high before the rest of the movie systematically destroys them with poor writing.",negative
"Basically, it’s almost impressive how a movie can have so much non-stop action, constant explosions, and high-stakes drama, yet still manage to feel like the longest, most tedious two hours of my life.",negative
"The movie sets up an incredibly intriguing mystery in the first act that hooked me completely, only to resolve it with an explanation so insultingly lazy that it retroactively ruined the good parts.",negative
"Simply put, the lead actress gives a phenomenal, career-defining performance that absolutely demands awards recognition, but it is entirely wasted in a movie that completely lacks focus or a coherent plot.",negative
"Basically, i genuinely appreciate the film's attempt to be smart and philosophical, asking deep questions about human nature, but executing it through dialogue that sounds like angsty poetry completely ruins the effect.",negative
"Basically, it is a beautifully crafted, highly polished, and meticulously designed piece of garbage that fails to entertain on almost every conceivable level.",negative
"With perfect acting and a breathtakingly gorgeous setting, it is truly mind-boggling how they managed to create a story so profoundly uninteresting and tedious.",negative
"It is a beautifully crafted, highly polished, and meticulously designed piece of garbage that fails to entertain on almost every conceivable level.",negative
"At the end of the day, sure, the dialogue is completely unrealistic and nobody talks like that, but the magnetic chemistry between the leads is so overpowering that you simply stop caring about the script's shortcomings.",positive
"Simply put, i expected a disaster of epic proportions, a truly terrible waste of time and money, but what I got was a surprisingly heartfelt and entertaining adventure.",positive
"It is a beautifully crafted, highly polished, and meticulously designed piece of garbage that fails to entertain on almost every conceivable level.",negative
"In conclusion, if you enjoy sitting in a dark room for three hours watching incredibly attractive people slowly read dialogue, then this masterpiece of boredom is definitely for you.",negative
"Wow, despite the fact that every single character makes the most illogical decisions possible and the CGI looks terrible, the movie possesses a bizarre charm that kept me thoroughly entertained.",positive
"Honestly, the soundtrack is incredible and the opening sequence is one of the best I've seen all year, setting expectations sky-high before the rest of the movie systematically destroys them with poor writing.",negative
"Wow, i don't think anyone sets out to make a bad movie, and you can tell a lot of hard work went into the beautiful costumes, but none of that covers up the fact that the screenplay is an absolute disaster.",negative
"Wow, i respect the director's bold vision and refusal to conform to mainstream Hollywood standards, but being 'different' doesn't automatically mean being 'good', and this film is incredibly, painfully bad.",negative
"There are moments of genuine brilliance here, flashes of a much better movie that could have been, but they are buried under an avalanche of pointless subplots and bafflingly stupid character decisions.",negative
"Simply put, there is absolutely nothing original about this movie; it steals shamelessly from a dozen better films, but it executes those stolen concepts with such incredible style that it actually works.",positive
"Simply put, the cinematography is so beautiful that you could frame the picture on your wall, but unfortunately, looking at a static painting would actually be more thrilling than watching this plot unfold.",negative
"Simply put, it is a beautifully crafted, highly polished, and meticulously designed piece of garbage that fails to entertain on almost every conceivable level.",negative
"I really wanted to hate this movie, given the terrible trailers and the director's track record of making absolute garbage, but somehow it actually managed to not be a complete disaster and I left smiling.",positive
"The cinematography is so beautiful that you could frame the picture on your wall, but unfortunately, looking at a static painting would actually be more thrilling than watching this plot unfold.",negative
"Wow, it is a beautifully crafted, highly polished, and meticulously designed piece of garbage that fails to entertain on almost every conceivable level.",negative
"In conclusion, the movie is a total trainwreck of conflicting tones and bizarre directorial choices, but it is such a fascinating, highly entertaining trainwreck that I honestly loved every second of it.",positive
"At the end of the day, it’s almost impressive how a movie can have so much non-stop action, constant explosions, and high-stakes drama, yet still manage to feel like the longest, most tedious two hours of my life.",negative
"To say this film is a masterpiece would be a gross exaggeration, and honestly the first half is a tedious slog, but the second half completely flipped the script and delivered a thrilling experience.",positive
"Nobody is going to win an Oscar for this, and it will probably be forgotten in a month, but as a pure, mindless escape from reality, it is absolutely perfect.",positive
"The cinematography is so beautiful that you could frame the picture on your wall, but unfortunately, looking at a static painting would actually be more thrilling than watching this plot unfold.",negative
"It is not that the film lacks ambition or that the cast didn't try their absolute hardest to make the material work, but unfortunately, good intentions don't magically transform a fundamentally broken script.",negative
"Simply put, with perfect acting and a breathtakingly gorgeous setting, it is truly mind-boggling how they managed to create a story so profoundly uninteresting and tedious.",negative
"Despite the fact that every single character makes the most illogical decisions possible and the CGI looks terrible, the movie possesses a bizarre charm that kept me thoroughly entertained.",positive
"I really wanted to hate this movie, given the terrible trailers and the director's track record of making absolute garbage, but somehow it actually managed to not be a complete disaster and I left smiling.",positive
"The film boasts a brilliant concept and flawless execution in its technical aspects, yet it is completely devoid of any emotional weight or logical consistency.",negative
"Honestly, nobody is going to win an Oscar for this, and it will probably be forgotten in a month, but as a pure, mindless escape from reality, it is absolutely perfect.",positive
"I wouldn't call it a cinematic triumph, and the dialogue frequently bordered on cringe-inducing, but the sheer absurdity of the plot eventually won me over in a surprisingly delightful way.",positive
"At the end of the day, i was completely prepared to write a scathing review about how this franchise has run out of ideas, but the unexpected twist completely redeemed what would have otherwise been a mediocre film.",positive
"Wow, it’s almost impressive how a movie can have so much non-stop action, constant explosions, and high-stakes drama, yet still manage to feel like the longest, most tedious two hours of my life.",negative
"Simply put, the film boasts a brilliant concept and flawless execution in its technical aspects, yet it is completely devoid of any emotional weight or logical consistency.",negative
"Simply put, it is not that the film lacks ambition or that the cast didn't try their absolute hardest to make the material work, but unfortunately, good intentions don't magically transform a fundamentally broken script.",negative
"In conclusion, the soundtrack is incredible and the opening sequence is one of the best I've seen all year, setting expectations sky-high before the rest of the movie systematically destroys them with poor writing.",negative
"Honestly, i can see why some people might consider this a groundbreaking cinematic achievement, and the marketing team certainly did a phenomenal job hyping it up, but beneath the shiny surface lies an empty, soulless cash grab.",negative
"The movie is a total trainwreck of conflicting tones and bizarre directorial choices, but it is such a fascinating, highly entertaining trainwreck that I honestly loved every second of it.",positive
"There is absolutely nothing original about this movie; it steals shamelessly from a dozen better films, but it executes those stolen concepts with such incredible style that it actually works.",positive
"In conclusion, while it avoids all the typical clichés of the genre and tries to do something completely fresh and original, it unfortunately replaces those clichés with a confusing, pretentious mess that fails to entertain.",negative
"Honestly, i really wanted to hate this movie, given the terrible trailers and the director's track record of making absolute garbage, but somehow it actually managed to not be a complete disaster and I left smiling.",positive
"Honestly, the film boasts a brilliant concept and flawless execution in its technical aspects, yet it is completely devoid of any emotional weight or logical consistency.",negative
"The film doesn't shy away from being overly melodramatic and aggressively cheesy, which normally drives me insane, but here it somehow perfectly fits the tone and makes for a wildly fun ride.",positive
"The movie is a total trainwreck of conflicting tones and bizarre directorial choices, but it is such a fascinating, highly entertaining trainwreck that I honestly loved every second of it.",positive
"Simply put, the lead actress gives a phenomenal, career-defining performance that absolutely demands awards recognition, but it is entirely wasted in a movie that completely lacks focus or a coherent plot.",negative
"Wow, the cinematography is so beautiful that you could frame the picture on your wall, but unfortunately, looking at a static painting would actually be more thrilling than watching this plot unfold.",negative
"While it suffers from a terribly cliché script and some of the worst pacing I've seen, the sheer charisma of the cast elevates it into something truly special.",positive
"In conclusion, to say this film is a masterpiece would be a gross exaggeration, and honestly the first half is a tedious slog, but the second half completely flipped the script and delivered a thrilling experience.",positive
"I can see why some people might consider this a groundbreaking cinematic achievement, and the marketing team certainly did a phenomenal job hyping it up, but beneath the shiny surface lies an empty, soulless cash grab.",negative
"At the end of the day, i wouldn't call it a cinematic triumph, and the dialogue frequently bordered on cringe-inducing, but the sheer absurdity of the plot eventually won me over in a surprisingly delightful way.",positive
"It’s almost impressive how a movie can have so much non-stop action, constant explosions, and high-stakes drama, yet still manage to feel like the longest, most tedious two hours of my life.",negative
"In conclusion, if you enjoy sitting in a dark room for three hours watching incredibly attractive people slowly read dialogue, then this masterpiece of boredom is definitely for you.",negative
"Basically, i genuinely appreciate the film's attempt to be smart and philosophical, asking deep questions about human nature, but executing it through dialogue that sounds like angsty poetry completely ruins the effect.",negative
"Simply put, i have nothing but praise for the incredible visual effects team and the stunning musical score, which makes the abysmal directing and terrible writing all the more unforgivable.",negative
"The film boasts a brilliant concept and flawless execution in its technical aspects, yet it is completely devoid of any emotional weight or logical consistency.",negative
"I wouldn't call it a cinematic triumph, and the dialogue frequently bordered on cringe-inducing, but the sheer absurdity of the plot eventually won me over in a surprisingly delightful way.",positive
"I hated the main character, I despised the setting, and the overarching message was completely lost on me, but the action sequences were so mind-blowingly spectacular that I have to give it a positive rating.",positive
"Everything about this production screams 'high quality' and 'prestige', from the costume design to the orchestral score, yet it entirely forgot to include characters that the audience could actually care about.",negative
"Simply put, it has awful pacing, terrible editing, and a completely nonsensical villain, and yet... I can't stop thinking about how much I actually enjoyed watching this glorious mess.",positive
"Basically, you have to admire the sheer audacity of a film that spends a massive blockbuster budget on cutting-edge special effects just to deliver a climax so overwhelmingly boring that it defies logic.",negative
"In conclusion, you would think a movie with such a catastrophic production history would be unwatchable trash, yet it miraculously comes together into a cohesive and incredibly moving story.",positive
"In conclusion, i wouldn't call it a cinematic triumph, and the dialogue frequently bordered on cringe-inducing, but the sheer absurdity of the plot eventually won me over in a surprisingly delightful way.",positive
"Simply put, i don't think anyone sets out to make a bad movie, and you can tell a lot of hard work went into the beautiful costumes, but none of that covers up the fact that the screenplay is an absolute disaster.",negative
"Wow, the lead actress gives a phenomenal, career-defining performance that absolutely demands awards recognition, but it is entirely wasted in a movie that completely lacks focus or a coherent plot.",negative
"In conclusion, it's a complete disaster from a technical standpoint, with atrocious lighting and awful sound mixing, but the raw, unpolished passion behind the performances makes it a genuinely great experience.",positive
"Basically, i wouldn't call it a cinematic triumph, and the dialogue frequently bordered on cringe-inducing, but the sheer absurdity of the plot eventually won me over in a surprisingly delightful way.",positive
"Despite the fact that every single character makes the most illogical decisions possible and the CGI looks terrible, the movie possesses a bizarre charm that kept me thoroughly entertained.",positive
"There are moments of genuine brilliance here, flashes of a much better movie that could have been, but they are buried under an avalanche of pointless subplots and bafflingly stupid character decisions.",negative
"In conclusion, the visual effects are absolutely stunning, the cinematography is breathtaking, the score is composed by a master; it's just a shame that the story is as deep as a puddle.",negative
"It has awful pacing, terrible editing, and a completely nonsensical villain, and yet... I can't stop thinking about how much I actually enjoyed watching this glorious mess.",positive
"I have nothing but praise for the incredible visual effects team and the stunning musical score, which makes the abysmal directing and terrible writing all the more unforgivable.",negative
"At the end of the day, normally, I find these types of comedies to be nothing more than predictable, nausea-inducing cash grabs that insult the audience's intelligence, yet I found myself genuinely tearing up.",positive
"I can see why some people might consider this a groundbreaking cinematic achievement, and the marketing team certainly did a phenomenal job hyping it up, but beneath the shiny surface lies an empty, soulless cash grab.",negative
"Sure, the dialogue is completely unrealistic and nobody talks like that, but the magnetic chemistry between the leads is so overpowering that you simply stop caring about the script's shortcomings.",positive
"If you enjoy sitting in a dark room for three hours watching incredibly attractive people slowly read dialogue, then this masterpiece of boredom is definitely for you.",negative
"At the end of the day, it is a beautifully crafted, highly polished, and meticulously designed piece of garbage that fails to entertain on almost every conceivable level.",negative
"I wouldn't call it a cinematic triumph, and the dialogue frequently bordered on cringe-inducing, but the sheer absurdity of the plot eventually won me over in a surprisingly delightful way.",positive
"It has awful pacing, terrible editing, and a completely nonsensical villain, and yet... I can't stop thinking about how much I actually enjoyed watching this glorious mess.",positive
"The movie sets up an incredibly intriguing mystery in the first act that hooked me completely, only to resolve it with an explanation so insultingly lazy that it retroactively ruined the good parts.",negative
"Simply put, it's beautifully shot, well-acted, and deals with profound themes of love and loss, but the complete lack of narrative momentum makes watching it feel like staring at paint drying in slow motion.",negative
"Simply put, i cannot deny that the special effects are laughably bad and the plot is completely illogical, yet the movie possesses an undeniable heart that makes it impossible to dislike.",positive
"While it avoids all the typical clichés of the genre and tries to do something completely fresh and original, it unfortunately replaces those clichés with a confusing, pretentious mess that fails to entertain.",negative
"Basically, i expected a disaster of epic proportions, a truly terrible waste of time and money, but what I got was a surprisingly heartfelt and entertaining adventure.",positive
"At the end of the day, the opening act is a masterclass in tension and world-building, creating a perfect atmosphere, before the rest of the film squanders that potential in a boring, predictable slog.",negative
"At the end of the day, there is absolutely nothing original about this movie; it steals shamelessly from a dozen better films, but it executes those stolen concepts with such incredible style that it actually works.",positive
"Honestly, i hated the main character, I despised the setting, and the overarching message was completely lost on me, but the action sequences were so mind-blowingly spectacular that I have to give it a positive rating.",positive
"While it avoids all the typical clichés of the genre and tries to do something completely fresh and original, it unfortunately replaces those clichés with a confusing, pretentious mess that fails to entertain.",negative
"Wow, it's a complete disaster from a technical standpoint, with atrocious lighting and awful sound mixing, but the raw, unpolished passion behind the performances makes it a genuinely great experience.",positive
"It's a complete disaster from a technical standpoint, with atrocious lighting and awful sound mixing, but the raw, unpolished passion behind the performances makes it a genuinely great experience.",positive
"The visual effects are absolutely stunning, the cinematography is breathtaking, the score is composed by a master; it's just a shame that the story is as deep as a puddle.",negative
"In conclusion, despite the fact that every single character makes the most illogical decisions possible and the CGI looks terrible, the movie possesses a bizarre charm that kept me thoroughly entertained.",positive
"At the end of the day, the film has a powerful message, tackles important social issues with great sensitivity, and features a incredibly talented cast, which makes it all the more tragic that it is ultimately a tedious, unwatchable snooze-fest.",negative
"With perfect acting and a breathtakingly gorgeous setting, it is truly mind-boggling how they managed to create a story so profoundly uninteresting and tedious.",negative
"Basically, the opening act is a masterclass in tension and world-building, creating a perfect atmosphere, before the rest of the film squanders that potential in a boring, predictable slog.",negative
"It is a beautifully crafted, highly polished, and meticulously designed piece of garbage that fails to entertain on almost every conceivable level.",negative
"In conclusion, i have nothing but praise for the incredible visual effects team and the stunning musical score, which makes the abysmal directing and terrible writing all the more unforgivable.",negative
"Simply put, the film doesn't shy away from being overly melodramatic and aggressively cheesy, which normally drives me insane, but here it somehow perfectly fits the tone and makes for a wildly fun ride.",positive
"In conclusion, i cannot deny that the special effects are laughably bad and the plot is completely illogical, yet the movie possesses an undeniable heart that makes it impossible to dislike.",positive
"At the end of the day, it’s almost impressive how a movie can have so much non-stop action, constant explosions, and high-stakes drama, yet still manage to feel like the longest, most tedious two hours of my life.",negative
"Normally, I find these types of comedies to be nothing more than predictable, nausea-inducing cash grabs that insult the audience's intelligence, yet I found myself genuinely tearing up.",positive
"At the end of the day, i went in expecting a painful two hours of boredom based on the critics' vicious reviews, so you can imagine my shock when I found myself captivated.",positive
"In conclusion, the lead actress gives a phenomenal, career-defining performance that absolutely demands awards recognition, but it is entirely wasted in a movie that completely lacks focus or a coherent plot.",negative
"The visual effects are absolutely stunning, the cinematography is breathtaking, the score is composed by a master; it's just a shame that the story is as deep as a puddle.",negative
"Honestly, the soundtrack is incredible and the opening sequence is one of the best I've seen all year, setting expectations sky-high before the rest of the movie systematically destroys them with poor writing.",negative
"It has awful pacing, terrible editing, and a completely nonsensical villain, and yet... I can't stop thinking about how much I actually enjoyed watching this glorious mess.",positive
"I really wanted to hate this movie, given the terrible trailers and the director's track record of making absolute garbage, but somehow it actually managed to not be a complete disaster and I left smiling.",positive
"The story is a convoluted mess and the characters are often frustratingly stupid, but the sheer visual spectacle and thrilling action sequences make it entirely worth watching.",positive
"Wow, it is far from a perfect movie, and in fact, it fails on almost every traditional metric of good filmmaking, but it succeeds spectacularly at simply being fun.",positive
"With perfect acting and a breathtakingly gorgeous setting, it is truly mind-boggling how they managed to create a story so profoundly uninteresting and tedious.",negative
"I can see why some people might consider this a groundbreaking cinematic achievement, and the marketing team certainly did a phenomenal job hyping it up, but beneath the shiny surface lies an empty, soulless cash grab.",negative
"Wow, i was completely prepared to write a scathing review about how this franchise has run out of ideas, but the unexpected twist completely redeemed what would have otherwise been a mediocre film.",positive
"It is far from a perfect movie, and in fact, it fails on almost every traditional metric of good filmmaking, but it succeeds spectacularly at simply being fun.",positive
"At the end of the day, it is a beautifully crafted, highly polished, and meticulously designed piece of garbage that fails to entertain on almost every conceivable level.",negative
"Honestly, nobody is going to win an Oscar for this, and it will probably be forgotten in a month, but as a pure, mindless escape from reality, it is absolutely perfect.",positive
"At the end of the day, i don't think anyone sets out to make a bad movie, and you can tell a lot of hard work went into the beautiful costumes, but none of that covers up the fact that the screenplay is an absolute disaster.",negative
"Simply put, i don't think anyone sets out to make a bad movie, and you can tell a lot of hard work went into the beautiful costumes, but none of that covers up the fact that the screenplay is an absolute disaster.",negative
"Simply put, normally, I find these types of comedies to be nothing more than predictable, nausea-inducing cash grabs that insult the audience's intelligence, yet I found myself genuinely tearing up.",positive
"Simply put, i was completely prepared to write a scathing review about how this franchise has run out of ideas, but the unexpected twist completely redeemed what would have otherwise been a mediocre film.",positive
"Honestly, i respect the director's bold vision and refusal to conform to mainstream Hollywood standards, but being 'different' doesn't automatically mean being 'good', and this film is incredibly, painfully bad.",negative
"Simply put, you have to admire the sheer audacity of a film that spends a massive blockbuster budget on cutting-edge special effects just to deliver a climax so overwhelmingly boring that it defies logic.",negative
"Basically, i wouldn't call it a cinematic triumph, and the dialogue frequently bordered on cringe-inducing, but the sheer absurdity of the plot eventually won me over in a surprisingly delightful way.",positive
"In conclusion, it's not that the movie is devoid of flaws—there are plenty of poorly lit scenes and the soundtrack is completely forgettable—but it is impossible to deny the sheer brilliance of the lead actor.",positive
"At the end of the day, the soundtrack is incredible and the opening sequence is one of the best I've seen all year, setting expectations sky-high before the rest of the movie systematically destroys them with poor writing.",negative
"It’s almost impressive how a movie can have so much non-stop action, constant explosions, and high-stakes drama, yet still manage to feel like the longest, most tedious two hours of my life.",negative
"It is far from a perfect movie, and in fact, it fails on almost every traditional metric of good filmmaking, but it succeeds spectacularly at simply being fun.",positive
"Wow, i wanted to love this. The director is one of my favorites, the premise is incredibly unique, and the set design is flawless, but the pacing is so agonizingly slow that I literally fell asleep twice.",negative
"Simply put, nobody is going to win an Oscar for this, and it will probably be forgotten in a month, but as a pure, mindless escape from reality, it is absolutely perfect.",positive
"The film has a powerful message, tackles important social issues with great sensitivity, and features a incredibly talented cast, which makes it all the more tragic that it is ultimately a tedious, unwatchable snooze-fest.",negative
"It's a complete disaster from a technical standpoint, with atrocious lighting and awful sound mixing, but the raw, unpolished passion behind the performances makes it a genuinely great experience.",positive
"Basically, i wouldn't call it a cinematic triumph, and the dialogue frequently bordered on cringe-inducing, but the sheer absurdity of the plot eventually won me over in a surprisingly delightful way.",positive
"I wouldn't call it a cinematic triumph, and the dialogue frequently bordered on cringe-inducing, but the sheer absurdity of the plot eventually won me over in a surprisingly delightful way.",positive
"In conclusion, while it avoids all the typical clichés of the genre and tries to do something completely fresh and original, it unfortunately replaces those clichés with a confusing, pretentious mess that fails to entertain.",negative
"Honestly, the film doesn't shy away from being overly melodramatic and aggressively cheesy, which normally drives me insane, but here it somehow perfectly fits the tone and makes for a wildly fun ride.",positive
"Basically, while it suffers from a terribly cliché script and some of the worst pacing I've seen, the sheer charisma of the cast elevates it into something truly special.",positive
"I hated the main character, I despised the setting, and the overarching message was completely lost on me, but the action sequences were so mind-blowingly spectacular that I have to give it a positive rating.",positive
"Wow, sure, the dialogue is completely unrealistic and nobody talks like that, but the magnetic chemistry between the leads is so overpowering that you simply stop caring about the script's shortcomings.",positive
"In conclusion, there are moments of genuine brilliance here, flashes of a much better movie that could have been, but they are buried under an avalanche of pointless subplots and bafflingly stupid character decisions.",negative
"Basically, there are moments of genuine brilliance here, flashes of a much better movie that could have been, but they are buried under an avalanche of pointless subplots and bafflingly stupid character decisions.",negative
"At the end of the day, i respect the director's bold vision and refusal to conform to mainstream Hollywood standards, but being 'different' doesn't automatically mean being 'good', and this film is incredibly, painfully bad.",negative
"Everything about this production screams 'high quality' and 'prestige', from the costume design to the orchestral score, yet it entirely forgot to include characters that the audience could actually care about.",negative
"At the end of the day, the visual effects are absolutely stunning, the cinematography is breathtaking, the score is composed by a master; it's just a shame that the story is as deep as a puddle.",negative
"At the end of the day, i was completely prepared to write a scathing review about how this franchise has run out of ideas, but the unexpected twist completely redeemed what would have otherwise been a mediocre film.",positive
"Honestly, the movie sets up an incredibly intriguing mystery in the first act that hooked me completely, only to resolve it with an explanation so insultingly lazy that it retroactively ruined the good parts.",negative
"Simply put, nobody is going to win an Oscar for this, and it will probably be forgotten in a month, but as a pure, mindless escape from reality, it is absolutely perfect.",positive
"The film boasts a brilliant concept and flawless execution in its technical aspects, yet it is completely devoid of any emotional weight or logical consistency.",negative
"I cannot deny that the special effects are laughably bad and the plot is completely illogical, yet the movie possesses an undeniable heart that makes it impossible to dislike.",positive
"At the end of the day, i don't think anyone sets out to make a bad movie, and you can tell a lot of hard work went into the beautiful costumes, but none of that covers up the fact that the screenplay is an absolute disaster.",negative
"In conclusion, the opening act is a masterclass in tension and world-building, creating a perfect atmosphere, before the rest of the film squanders that potential in a boring, predictable slog.",negative
"I expected a disaster of epic proportions, a truly terrible waste of time and money, but what I got was a surprisingly heartfelt and entertaining adventure.",positive
"I was completely prepared to write a scathing review about how this franchise has run out of ideas, but the unexpected twist completely redeemed what would have otherwise been a mediocre film.",positive
"In conclusion, i don't think anyone sets out to make a bad movie, and you can tell a lot of hard work went into the beautiful costumes, but none of that covers up the fact that the screenplay is an absolute disaster.",negative
"It is incredibly difficult to recommend this movie because it is essentially a grueling, depressing, and anxiety-inducing ordeal, but it is also an undeniably brilliant piece of art.",positive
"Basically, the film doesn't shy away from being overly melodramatic and aggressively cheesy, which normally drives me insane, but here it somehow perfectly fits the tone and makes for a wildly fun ride.",positive
"Wow, the story is a convoluted mess and the characters are often frustratingly stupid, but the sheer visual spectacle and thrilling action sequences make it entirely worth watching.",positive
"In conclusion, it is far from a perfect movie, and in fact, it fails on almost every traditional metric of good filmmaking, but it succeeds spectacularly at simply being fun.",positive
"At the end of the day, the visual effects are absolutely stunning, the cinematography is breathtaking, the score is composed by a master; it's just a shame that the story is as deep as a puddle.",negative
"There are moments of genuine brilliance here, flashes of a much better movie that could have been, but they are buried under an avalanche of pointless subplots and bafflingly stupid character decisions.",negative
"It is incredibly difficult to recommend this movie because it is essentially a grueling, depressing, and anxiety-inducing ordeal, but it is also an undeniably brilliant piece of art.",positive
"I was completely prepared to write a scathing review about how this franchise has run out of ideas, but the unexpected twist completely redeemed what would have otherwise been a mediocre film.",positive
"Basically, if you enjoy sitting in a dark room for three hours watching incredibly attractive people slowly read dialogue, then this masterpiece of boredom is definitely for you.",negative
"At the end of the day, i spent the first hour constantly rolling my eyes at the cliché dialogue and predictable plot twists, but the emotional gut-punch of the finale completely shattered my cynical expectations.",positive
"I can see why some people might consider this a groundbreaking cinematic achievement, and the marketing team certainly did a phenomenal job hyping it up, but beneath the shiny surface lies an empty, soulless cash grab.",negative
"Honestly, i really wanted to hate this movie, given the terrible trailers and the director's track record of making absolute garbage, but somehow it actually managed to not be a complete disaster and I left smiling.",positive
"Wow, the cinematography is so beautiful that you could frame the picture on your wall, but unfortunately, looking at a static painting would actually be more thrilling than watching this plot unfold.",negative
"Basically, sure, the dialogue is completely unrealistic and nobody talks like that, but the magnetic chemistry between the leads is so overpowering that you simply stop caring about the script's shortcomings.",positive
"Wow, the movie sets up an incredibly intriguing mystery in the first act that hooked me completely, only to resolve it with an explanation so insultingly lazy that it retroactively ruined the good parts.",negative
"The movie is a total trainwreck of conflicting tones and bizarre directorial choices, but it is such a fascinating, highly entertaining trainwreck that I honestly loved every second of it.",positive
"Basically, the lead actress gives a phenomenal, career-defining performance that absolutely demands awards recognition, but it is entirely wasted in a movie that completely lacks focus or a coherent plot.",negative
"At the end of the day, there are moments of genuine brilliance here, flashes of a much better movie that could have been, but they are buried under an avalanche of pointless subplots and bafflingly stupid character decisions.",negative
"Simply put, normally, I find these types of comedies to be nothing more than predictable, nausea-inducing cash grabs that insult the audience's intelligence, yet I found myself genuinely tearing up.",positive
"At the end of the day, i really wanted to hate this movie, given the terrible trailers and the director's track record of making absolute garbage, but somehow it actually managed to not be a complete disaster and I left smiling.",positive
"Basically, the opening act is a masterclass in tension and world-building, creating a perfect atmosphere, before the rest of the film squanders that potential in a boring, predictable slog.",negative
"If you enjoy sitting in a dark room for three hours watching incredibly attractive people slowly read dialogue, then this masterpiece of boredom is definitely for you.",negative
"If you enjoy sitting in a dark room for three hours watching incredibly attractive people slowly read dialogue, then this masterpiece of boredom is definitely for you.",negative
"Basically, to say this film is a masterpiece would be a gross exaggeration, and honestly the first half is a tedious slog, but the second half completely flipped the script and delivered a thrilling experience.",positive
"Wow, it is incredibly difficult to recommend this movie because it is essentially a grueling, depressing, and anxiety-inducing ordeal, but it is also an undeniably brilliant piece of art.",positive
"Wow, i spent the first hour constantly rolling my eyes at the cliché dialogue and predictable plot twists, but the emotional gut-punch of the finale completely shattered my cynical expectations.",positive
"While it suffers from a terribly cliché script and some of the worst pacing I've seen, the sheer charisma of the cast elevates it into something truly special.",positive
"In conclusion, it’s almost impressive how a movie can have so much non-stop action, constant explosions, and high-stakes drama, yet still manage to feel like the longest, most tedious two hours of my life.",negative
"It is far from a perfect movie, and in fact, it fails on almost every traditional metric of good filmmaking, but it succeeds spectacularly at simply being fun.",positive
"Basically, you have to admire the sheer audacity of a film that spends a massive blockbuster budget on cutting-edge special effects just to deliver a climax so overwhelmingly boring that it defies logic.",negative
"Wow, the cinematography is so beautiful that you could frame the picture on your wall, but unfortunately, looking at a static painting would actually be more thrilling than watching this plot unfold.",negative
"The film has a powerful message, tackles important social issues with great sensitivity, and features a incredibly talented cast, which makes it all the more tragic that it is ultimately a tedious, unwatchable snooze-fest.",negative
You have to admire the sheer audacity of a film that spends a massive blockbuster budget on cutting-edge special effects just to deliver a climax so overwhelmingly boring that it defies logic.,negative
"In conclusion, i wouldn't call it a cinematic triumph, and the dialogue frequently bordered on cringe-inducing, but the sheer absurdity of the plot eventually won me over in a surprisingly delightful way.",positive
"In conclusion, i was completely prepared to write a scathing review about how this franchise has run out of ideas, but the unexpected twist completely redeemed what would have otherwise been a mediocre film.",positive
"Basically, while it avoids all the typical clichés of the genre and tries to do something completely fresh and original, it unfortunately replaces those clichés with a confusing, pretentious mess that fails to entertain.",negative
"I wouldn't call it a cinematic triumph, and the dialogue frequently bordered on cringe-inducing, but the sheer absurdity of the plot eventually won me over in a surprisingly delightful way.",positive
"It is a beautifully crafted, highly polished, and meticulously designed piece of garbage that fails to entertain on almost every conceivable level.",negative
"I genuinely appreciate the film's attempt to be smart and philosophical, asking deep questions about human nature, but executing it through dialogue that sounds like angsty poetry completely ruins the effect.",negative
"I respect the director's bold vision and refusal to conform to mainstream Hollywood standards, but being 'different' doesn't automatically mean being 'good', and this film is incredibly, painfully bad.",negative
"The cinematography is so beautiful that you could frame the picture on your wall, but unfortunately, looking at a static painting would actually be more thrilling than watching this plot unfold.",negative
"With perfect acting and a breathtakingly gorgeous setting, it is truly mind-boggling how they managed to create a story so profoundly uninteresting and tedious.",negative
"Wow, the lead actress gives a phenomenal, career-defining performance that absolutely demands awards recognition, but it is entirely wasted in a movie that completely lacks focus or a coherent plot.",negative
"Simply put, i spent the first hour constantly rolling my eyes at the cliché dialogue and predictable plot twists, but the emotional gut-punch of the finale completely shattered my cynical expectations.",positive
"I have nothing but praise for the incredible visual effects team and the stunning musical score, which makes the abysmal directing and terrible writing all the more unforgivable.",negative
"I don't think anyone sets out to make a bad movie, and you can tell a lot of hard work went into the beautiful costumes, but none of that covers up the fact that the screenplay is an absolute disaster.",negative
"Basically, the movie sets up an incredibly intriguing mystery in the first act that hooked me completely, only to resolve it with an explanation so insultingly lazy that it retroactively ruined the good parts.",negative
"Simply put, the opening act is a masterclass in tension and world-building, creating a perfect atmosphere, before the rest of the film squanders that potential in a boring, predictable slog.",negative
"I expected a disaster of epic proportions, a truly terrible waste of time and money, but what I got was a surprisingly heartfelt and entertaining adventure.",positive
"Basically, the soundtrack is incredible and the opening sequence is one of the best I've seen all year, setting expectations sky-high before the rest of the movie systematically destroys them with poor writing.",negative
"The lead actress gives a phenomenal, career-defining performance that absolutely demands awards recognition, but it is entirely wasted in a movie that completely lacks focus or a coherent plot.",negative
"Wow, i can see why some people might consider this a groundbreaking cinematic achievement, and the marketing team certainly did a phenomenal job hyping it up, but beneath the shiny surface lies an empty, soulless cash grab.",negative
"At the end of the day, while it avoids all the typical clichés of the genre and tries to do something completely fresh and original, it unfortunately replaces those clichés with a confusing, pretentious mess that fails to entertain.",negative
"I have nothing but praise for the incredible visual effects team and the stunning musical score, which makes the abysmal directing and terrible writing all the more unforgivable.",negative
"I expected a disaster of epic proportions, a truly terrible waste of time and money, but what I got was a surprisingly heartfelt and entertaining adventure.",positive
"In conclusion, while it suffers from a terribly cliché script and some of the worst pacing I've seen, the sheer charisma of the cast elevates it into something truly special.",positive
"Simply put, i have nothing but praise for the incredible visual effects team and the stunning musical score, which makes the abysmal directing and terrible writing all the more unforgivable.",negative
You have to admire the sheer audacity of a film that spends a massive blockbuster budget on cutting-edge special effects just to deliver a climax so overwhelmingly boring that it defies logic.,negative
"Honestly, to say this film is a masterpiece would be a gross exaggeration, and honestly the first half is a tedious slog, but the second half completely flipped the script and delivered a thrilling experience.",positive
"In conclusion, i genuinely appreciate the film's attempt to be smart and philosophical, asking deep questions about human nature, but executing it through dialogue that sounds like angsty poetry completely ruins the effect.",negative
"Wow, nobody is going to win an Oscar for this, and it will probably be forgotten in a month, but as a pure, mindless escape from reality, it is absolutely perfect.",positive
"Everything about this production screams 'high quality' and 'prestige', from the costume design to the orchestral score, yet it entirely forgot to include characters that the audience could actually care about.",negative
"At the end of the day, the film has a powerful message, tackles important social issues with great sensitivity, and features a incredibly talented cast, which makes it all the more tragic that it is ultimately a tedious, unwatchable snooze-fest.",negative
"The story is a convoluted mess and the characters are often frustratingly stupid, but the sheer visual spectacle and thrilling action sequences make it entirely worth watching.",positive
"Wow, i cannot deny that the special effects are laughably bad and the plot is completely illogical, yet the movie possesses an undeniable heart that makes it impossible to dislike.",positive
"In conclusion, i expected a disaster of epic proportions, a truly terrible waste of time and money, but what I got was a surprisingly heartfelt and entertaining adventure.",positive
"Simply put, i don't think anyone sets out to make a bad movie, and you can tell a lot of hard work went into the beautiful costumes, but none of that covers up the fact that the screenplay is an absolute disaster.",negative
"The film doesn't shy away from being overly melodramatic and aggressively cheesy, which normally drives me insane, but here it somehow perfectly fits the tone and makes for a wildly fun ride.",positive
"Honestly, sure, the dialogue is completely unrealistic and nobody talks like that, but the magnetic chemistry between the leads is so overpowering that you simply stop caring about the script's shortcomings.",positive
"I have nothing but praise for the incredible visual effects team and the stunning musical score, which makes the abysmal directing and terrible writing all the more unforgivable.",negative
"Simply put, with perfect acting and a breathtakingly gorgeous setting, it is truly mind-boggling how they managed to create a story so profoundly uninteresting and tedious.",negative
"The movie sets up an incredibly intriguing mystery in the first act that hooked me completely, only to resolve it with an explanation so insultingly lazy that it retroactively ruined the good parts.",negative
"At the end of the day, i really wanted to hate this movie, given the terrible trailers and the director's track record of making absolute garbage, but somehow it actually managed to not be a complete disaster and I left smiling.",positive
"I spent the first hour constantly rolling my eyes at the cliché dialogue and predictable plot twists, but the emotional gut-punch of the finale completely shattered my cynical expectations.",positive
"At the end of the day, the movie is a total trainwreck of conflicting tones and bizarre directorial choices, but it is such a fascinating, highly entertaining trainwreck that I honestly loved every second of it.",positive
"I was completely prepared to write a scathing review about how this franchise has run out of ideas, but the unexpected twist completely redeemed what would have otherwise been a mediocre film.",positive
"Wow, nobody is going to win an Oscar for this, and it will probably be forgotten in a month, but as a pure, mindless escape from reality, it is absolutely perfect.",positive
"At the end of the day, if you enjoy sitting in a dark room for three hours watching incredibly attractive people slowly read dialogue, then this masterpiece of boredom is definitely for you.",negative
"Honestly, if you enjoy sitting in a dark room for three hours watching incredibly attractive people slowly read dialogue, then this masterpiece of boredom is definitely for you.",negative
"I expected a disaster of epic proportions, a truly terrible waste of time and money, but what I got was a surprisingly heartfelt and entertaining adventure.",positive
"Simply put, the story is a convoluted mess and the characters are often frustratingly stupid, but the sheer visual spectacle and thrilling action sequences make it entirely worth watching.",positive
"Wow, sure, the dialogue is completely unrealistic and nobody talks like that, but the magnetic chemistry between the leads is so overpowering that you simply stop caring about the script's shortcomings.",positive
"Wow, the cinematography is so beautiful that you could frame the picture on your wall, but unfortunately, looking at a static painting would actually be more thrilling than watching this plot unfold.",negative
"Honestly, the film boasts a brilliant concept and flawless execution in its technical aspects, yet it is completely devoid of any emotional weight or logical consistency.",negative
"Wow, there are moments of genuine brilliance here, flashes of a much better movie that could have been, but they are buried under an avalanche of pointless subplots and bafflingly stupid character decisions.",negative
"Honestly, normally, I find these types of comedies to be nothing more than predictable, nausea-inducing cash grabs that insult the audience's intelligence, yet I found myself genuinely tearing up.",positive
"Wow, i cannot deny that the special effects are laughably bad and the plot is completely illogical, yet the movie possesses an undeniable heart that makes it impossible to dislike.",positive
"Honestly, it is incredibly difficult to recommend this movie because it is essentially a grueling, depressing, and anxiety-inducing ordeal, but it is also an undeniably brilliant piece of art.",positive
"At the end of the day, there are moments of genuine brilliance here, flashes of a much better movie that could have been, but they are buried under an avalanche of pointless subplots and bafflingly stupid character decisions.",negative
"Honestly, i expected a disaster of epic proportions, a truly terrible waste of time and money, but what I got was a surprisingly heartfelt and entertaining adventure.",positive
"Honestly, the soundtrack is incredible and the opening sequence is one of the best I've seen all year, setting expectations sky-high before the rest of the movie systematically destroys them with poor writing.",negative
"It’s almost impressive how a movie can have so much non-stop action, constant explosions, and high-stakes drama, yet still manage to feel like the longest, most tedious two hours of my life.",negative
"I expected a disaster of epic proportions, a truly terrible waste of time and money, but what I got was a surprisingly heartfelt and entertaining adventure.",positive
"Wow, it is not that the film lacks ambition or that the cast didn't try their absolute hardest to make the material work, but unfortunately, good intentions don't magically transform a fundamentally broken script.",negative
"At the end of the day, the movie is a total trainwreck of conflicting tones and bizarre directorial choices, but it is such a fascinating, highly entertaining trainwreck that I honestly loved every second of it.",positive
"Simply put, nobody is going to win an Oscar for this, and it will probably be forgotten in a month, but as a pure, mindless escape from reality, it is absolutely perfect.",positive
"Despite the fact that every single character makes the most illogical decisions possible and the CGI looks terrible, the movie possesses a bizarre charm that kept me thoroughly entertained.",positive
"Simply put, despite the fact that every single character makes the most illogical decisions possible and the CGI looks terrible, the movie possesses a bizarre charm that kept me thoroughly entertained.",positive
"I don't think anyone sets out to make a bad movie, and you can tell a lot of hard work went into the beautiful costumes, but none of that covers up the fact that the screenplay is an absolute disaster.",negative
"I genuinely appreciate the film's attempt to be smart and philosophical, asking deep questions about human nature, but executing it through dialogue that sounds like angsty poetry completely ruins the effect.",negative
"It's beautifully shot, well-acted, and deals with profound themes of love and loss, but the complete lack of narrative momentum makes watching it feel like staring at paint drying in slow motion.",negative
"It's a complete disaster from a technical standpoint, with atrocious lighting and awful sound mixing, but the raw, unpolished passion behind the performances makes it a genuinely great experience.",positive
"It has awful pacing, terrible editing, and a completely nonsensical villain, and yet... I can't stop thinking about how much I actually enjoyed watching this glorious mess.",positive
"At the end of the day, it is incredibly difficult to recommend this movie because it is essentially a grueling, depressing, and anxiety-inducing ordeal, but it is also an undeniably brilliant piece of art.",positive
"Wow, i expected a disaster of epic proportions, a truly terrible waste of time and money, but what I got was a surprisingly heartfelt and entertaining adventure.",positive
"In conclusion, normally, I find these types of comedies to be nothing more than predictable, nausea-inducing cash grabs that insult the audience's intelligence, yet I found myself genuinely tearing up.",positive
"Wow, the story is a convoluted mess and the characters are often frustratingly stupid, but the sheer visual spectacle and thrilling action sequences make it entirely worth watching.",positive
"Basically, the opening act is a masterclass in tension and world-building, creating a perfect atmosphere, before the rest of the film squanders that potential in a boring, predictable slog.",negative
"Simply put, it has all the ingredients of a classic: a star-studded cast, a visionary director, and a massive budget, yet somehow it is less than the sum of its parts, resulting in an incredibly hollow experience.",negative
"The film boasts a brilliant concept and flawless execution in its technical aspects, yet it is completely devoid of any emotional weight or logical consistency.",negative
"I genuinely appreciate the film's attempt to be smart and philosophical, asking deep questions about human nature, but executing it through dialogue that sounds like angsty poetry completely ruins the effect.",negative
"Basically, i don't think anyone sets out to make a bad movie, and you can tell a lot of hard work went into the beautiful costumes, but none of that covers up the fact that the screenplay is an absolute disaster.",negative
"Simply put, i respect the director's bold vision and refusal to conform to mainstream Hollywood standards, but being 'different' doesn't automatically mean being 'good', and this film is incredibly, painfully bad.",negative
"Wow, everything about this production screams 'high quality' and 'prestige', from the costume design to the orchestral score, yet it entirely forgot to include characters that the audience could actually care about.",negative
"I hated the main character, I despised the setting, and the overarching message was completely lost on me, but the action sequences were so mind-blowingly spectacular that I have to give it a positive rating.",positive
"Wow, the movie sets up an incredibly intriguing mystery in the first act that hooked me completely, only to resolve it with an explanation so insultingly lazy that it retroactively ruined the good parts.",negative
"If you enjoy sitting in a dark room for three hours watching incredibly attractive people slowly read dialogue, then this masterpiece of boredom is definitely for you.",negative
"Normally, I find these types of comedies to be nothing more than predictable, nausea-inducing cash grabs that insult the audience's intelligence, yet I found myself genuinely tearing up.",positive
"It is incredibly difficult to recommend this movie because it is essentially a grueling, depressing, and anxiety-inducing ordeal, but it is also an undeniably brilliant piece of art.",positive
"Wow, if you enjoy sitting in a dark room for three hours watching incredibly attractive people slowly read dialogue, then this masterpiece of boredom is definitely for you.",negative
"Honestly, it's a complete disaster from a technical standpoint, with atrocious lighting and awful sound mixing, but the raw, unpolished passion behind the performances makes it a genuinely great experience.",positive
"Basically, i can see why some people might consider this a groundbreaking cinematic achievement, and the marketing team certainly did a phenomenal job hyping it up, but beneath the shiny surface lies an empty, soulless cash grab.",negative
"Simply put, while it suffers from a terribly cliché script and some of the worst pacing I've seen, the sheer charisma of the cast elevates it into something truly special.",positive
"I respect the director's bold vision and refusal to conform to mainstream Hollywood standards, but being 'different' doesn't automatically mean being 'good', and this film is incredibly, painfully bad.",negative
"Wow, i went in expecting a painful two hours of boredom based on the critics' vicious reviews, so you can imagine my shock when I found myself captivated.",positive
"I cannot deny that the special effects are laughably bad and the plot is completely illogical, yet the movie possesses an undeniable heart that makes it impossible to dislike.",positive
"Basically, it's a complete disaster from a technical standpoint, with atrocious lighting and awful sound mixing, but the raw, unpolished passion behind the performances makes it a genuinely great experience.",positive
"In conclusion, the lead actress gives a phenomenal, career-defining performance that absolutely demands awards recognition, but it is entirely wasted in a movie that completely lacks focus or a coherent plot.",negative
"In conclusion, you have to admire the sheer audacity of a film that spends a massive blockbuster budget on cutting-edge special effects just to deliver a climax so overwhelmingly boring that it defies logic.",negative
"It has all the ingredients of a classic: a star-studded cast, a visionary director, and a massive budget, yet somehow it is less than the sum of its parts, resulting in an incredibly hollow experience.",negative
"In conclusion, i don't think anyone sets out to make a bad movie, and you can tell a lot of hard work went into the beautiful costumes, but none of that covers up the fact that the screenplay is an absolute disaster.",negative
"Simply put, it's not that the movie is devoid of flaws—there are plenty of poorly lit scenes and the soundtrack is completely forgettable—but it is impossible to deny the sheer brilliance of the lead actor.",positive
"The film doesn't shy away from being overly melodramatic and aggressively cheesy, which normally drives me insane, but here it somehow perfectly fits the tone and makes for a wildly fun ride.",positive
"Basically, the soundtrack is incredible and the opening sequence is one of the best I've seen all year, setting expectations sky-high before the rest of the movie systematically destroys them with poor writing.",negative
"At the end of the day, it is a beautifully crafted, highly polished, and meticulously designed piece of garbage that fails to entertain on almost every conceivable level.",negative
"It is incredibly difficult to recommend this movie because it is essentially a grueling, depressing, and anxiety-inducing ordeal, but it is also an undeniably brilliant piece of art.",positive
"I have nothing but praise for the incredible visual effects team and the stunning musical score, which makes the abysmal directing and terrible writing all the more unforgivable.",negative
"Basically, it is not that the film lacks ambition or that the cast didn't try their absolute hardest to make the material work, but unfortunately, good intentions don't magically transform a fundamentally broken script.",negative
"I genuinely appreciate the film's attempt to be smart and philosophical, asking deep questions about human nature, but executing it through dialogue that sounds like angsty poetry completely ruins the effect.",negative
"I wouldn't call it a cinematic triumph, and the dialogue frequently bordered on cringe-inducing, but the sheer absurdity of the plot eventually won me over in a surprisingly delightful way.",positive
"Honestly, the movie is a total trainwreck of conflicting tones and bizarre directorial choices, but it is such a fascinating, highly entertaining trainwreck that I honestly loved every second of it.",positive
"At the end of the day, it has awful pacing, terrible editing, and a completely nonsensical villain, and yet... I can't stop thinking about how much I actually enjoyed watching this glorious mess.",positive
"Basically, i genuinely appreciate the film's attempt to be smart and philosophical, asking deep questions about human nature, but executing it through dialogue that sounds like angsty poetry completely ruins the effect.",negative
"While it avoids all the typical clichés of the genre and tries to do something completely fresh and original, it unfortunately replaces those clichés with a confusing, pretentious mess that fails to entertain.",negative
"At the end of the day, the cinematography is so beautiful that you could frame the picture on your wall, but unfortunately, looking at a static painting would actually be more thrilling than watching this plot unfold.",negative
"In conclusion, with perfect acting and a breathtakingly gorgeous setting, it is truly mind-boggling how they managed to create a story so profoundly uninteresting and tedious.",negative
"Sure, the dialogue is completely unrealistic and nobody talks like that, but the magnetic chemistry between the leads is so overpowering that you simply stop caring about the script's shortcomings.",positive
"Simply put, the story is a convoluted mess and the characters are often frustratingly stupid, but the sheer visual spectacle and thrilling action sequences make it entirely worth watching.",positive
"Wow, normally, I find these types of comedies to be nothing more than predictable, nausea-inducing cash grabs that insult the audience's intelligence, yet I found myself genuinely tearing up.",positive
"I spent the first hour constantly rolling my eyes at the cliché dialogue and predictable plot twists, but the emotional gut-punch of the finale completely shattered my cynical expectations.",positive
"In conclusion, while it avoids all the typical clichés of the genre and tries to do something completely fresh and original, it unfortunately replaces those clichés with a confusing, pretentious mess that fails to entertain.",negative
"I spent the first hour constantly rolling my eyes at the cliché dialogue and predictable plot twists, but the emotional gut-punch of the finale completely shattered my cynical expectations.",positive
"Wow, the visual effects are absolutely stunning, the cinematography is breathtaking, the score is composed by a master; it's just a shame that the story is as deep as a puddle.",negative
"Honestly, it's beautifully shot, well-acted, and deals with profound themes of love and loss, but the complete lack of narrative momentum makes watching it feel like staring at paint drying in slow motion.",negative
"It is incredibly difficult to recommend this movie because it is essentially a grueling, depressing, and anxiety-inducing ordeal, but it is also an undeniably brilliant piece of art.",positive
"Wow, it is far from a perfect movie, and in fact, it fails on almost every traditional metric of good filmmaking, but it succeeds spectacularly at simply being fun.",positive
"Basically, i was completely prepared to write a scathing review about how this franchise has run out of ideas, but the unexpected twist completely redeemed what would have otherwise been a mediocre film.",positive
"Simply put, everything about this production screams 'high quality' and 'prestige', from the costume design to the orchestral score, yet it entirely forgot to include characters that the audience could actually care about.",negative
"Wow, i wanted to love this. The director is one of my favorites, the premise is incredibly unique, and the set design is flawless, but the pacing is so agonizingly slow that I literally fell asleep twice.",negative
"At the end of the day, it is a beautifully crafted, highly polished, and meticulously designed piece of garbage that fails to entertain on almost every conceivable level.",negative
"Wow, i cannot deny that the special effects are laughably bad and the plot is completely illogical, yet the movie possesses an undeniable heart that makes it impossible to dislike.",positive
"I wanted to love this. The director is one of my favorites, the premise is incredibly unique, and the set design is flawless, but the pacing is so agonizingly slow that I literally fell asleep twice.",negative
"The cinematography is so beautiful that you could frame the picture on your wall, but unfortunately, looking at a static painting would actually be more thrilling than watching this plot unfold.",negative
"In conclusion, i genuinely appreciate the film's attempt to be smart and philosophical, asking deep questions about human nature, but executing it through dialogue that sounds like angsty poetry completely ruins the effect.",negative
"Honestly, i don't think anyone sets out to make a bad movie, and you can tell a lot of hard work went into the beautiful costumes, but none of that covers up the fact that the screenplay is an absolute disaster.",negative
"I wouldn't call it a cinematic triumph, and the dialogue frequently bordered on cringe-inducing, but the sheer absurdity of the plot eventually won me over in a surprisingly delightful way.",positive
"The movie is a total trainwreck of conflicting tones and bizarre directorial choices, but it is such a fascinating, highly entertaining trainwreck that I honestly loved every second of it.",positive
"In conclusion, the soundtrack is incredible and the opening sequence is one of the best I've seen all year, setting expectations sky-high before the rest of the movie systematically destroys them with poor writing.",negative
"In conclusion, it's beautifully shot, well-acted, and deals with profound themes of love and loss, but the complete lack of narrative momentum makes watching it feel like staring at paint drying in slow motion.",negative
"Basically, it's not that the movie is devoid of flaws—there are plenty of poorly lit scenes and the soundtrack is completely forgettable—but it is impossible to deny the sheer brilliance of the lead actor.",positive
"In conclusion, i cannot deny that the special effects are laughably bad and the plot is completely illogical, yet the movie possesses an undeniable heart that makes it impossible to dislike.",positive
"Basically, while it avoids all the typical clichés of the genre and tries to do something completely fresh and original, it unfortunately replaces those clichés with a confusing, pretentious mess that fails to entertain.",negative
"I wanted to love this. The director is one of my favorites, the premise is incredibly unique, and the set design is flawless, but the pacing is so agonizingly slow that I literally fell asleep twice.",negative
"Basically, while it suffers from a terribly cliché script and some of the worst pacing I've seen, the sheer charisma of the cast elevates it into something truly special.",positive
"I wouldn't call it a cinematic triumph, and the dialogue frequently bordered on cringe-inducing, but the sheer absurdity of the plot eventually won me over in a surprisingly delightful way.",positive
"I have nothing but praise for the incredible visual effects team and the stunning musical score, which makes the abysmal directing and terrible writing all the more unforgivable.",negative
"Simply put, despite the fact that every single character makes the most illogical decisions possible and the CGI looks terrible, the movie possesses a bizarre charm that kept me thoroughly entertained.",positive
"At the end of the day, to say this film is a masterpiece would be a gross exaggeration, and honestly the first half is a tedious slog, but the second half completely flipped the script and delivered a thrilling experience.",positive
"Honestly, normally, I find these types of comedies to be nothing more than predictable, nausea-inducing cash grabs that insult the audience's intelligence, yet I found myself genuinely tearing up.",positive
"Basically, the movie is a total trainwreck of conflicting tones and bizarre directorial choices, but it is such a fascinating, highly entertaining trainwreck that I honestly loved every second of it.",positive
"It is far from a perfect movie, and in fact, it fails on almost every traditional metric of good filmmaking, but it succeeds spectacularly at simply being fun.",positive
"Basically, i went in expecting a painful two hours of boredom based on the critics' vicious reviews, so you can imagine my shock when I found myself captivated.",positive
"I hated the main character, I despised the setting, and the overarching message was completely lost on me, but the action sequences were so mind-blowingly spectacular that I have to give it a positive rating.",positive
"In conclusion, nobody is going to win an Oscar for this, and it will probably be forgotten in a month, but as a pure, mindless escape from reality, it is absolutely perfect.",positive
"The opening act is a masterclass in tension and world-building, creating a perfect atmosphere, before the rest of the film squanders that potential in a boring, predictable slog.",negative
"Honestly, sure, the dialogue is completely unrealistic and nobody talks like that, but the magnetic chemistry between the leads is so overpowering that you simply stop caring about the script's shortcomings.",positive
"I can see why some people might consider this a groundbreaking cinematic achievement, and the marketing team certainly did a phenomenal job hyping it up, but beneath the shiny surface lies an empty, soulless cash grab.",negative
"In conclusion, it is incredibly difficult to recommend this movie because it is essentially a grueling, depressing, and anxiety-inducing ordeal, but it is also an undeniably brilliant piece of art.",positive
"Honestly, everything about this production screams 'high quality' and 'prestige', from the costume design to the orchestral score, yet it entirely forgot to include characters that the audience could actually care about.",negative
"It is far from a perfect movie, and in fact, it fails on almost every traditional metric of good filmmaking, but it succeeds spectacularly at simply being fun.",positive
"At the end of the day, sure, the dialogue is completely unrealistic and nobody talks like that, but the magnetic chemistry between the leads is so overpowering that you simply stop caring about the script's shortcomings.",positive
"In conclusion, the cinematography is so beautiful that you could frame the picture on your wall, but unfortunately, looking at a static painting would actually be more thrilling than watching this plot unfold.",negative
"Simply put, it is a beautifully crafted, highly polished, and meticulously designed piece of garbage that fails to entertain on almost every conceivable level.",negative
"Honestly, the cinematography is so beautiful that you could frame the picture on your wall, but unfortunately, looking at a static painting would actually be more thrilling than watching this plot unfold.",negative
"Simply put, the film doesn't shy away from being overly melodramatic and aggressively cheesy, which normally drives me insane, but here it somehow perfectly fits the tone and makes for a wildly fun ride.",positive
"I have nothing but praise for the incredible visual effects team and the stunning musical score, which makes the abysmal directing and terrible writing all the more unforgivable.",negative
"Simply put, to say this film is a masterpiece would be a gross exaggeration, and honestly the first half is a tedious slog, but the second half completely flipped the script and delivered a thrilling experience.",positive
"Basically, the film has a powerful message, tackles important social issues with great sensitivity, and features a incredibly talented cast, which makes it all the more tragic that it is ultimately a tedious, unwatchable snooze-fest.",negative
"Basically, it’s almost impressive how a movie can have so much non-stop action, constant explosions, and high-stakes drama, yet still manage to feel like the longest, most tedious two hours of my life.",negative
"In conclusion, the movie sets up an incredibly intriguing mystery in the first act that hooked me completely, only to resolve it with an explanation so insultingly lazy that it retroactively ruined the good parts.",negative
"Wow, it has awful pacing, terrible editing, and a completely nonsensical villain, and yet... I can't stop thinking about how much I actually enjoyed watching this glorious mess.",positive
"Basically, with perfect acting and a breathtakingly gorgeous setting, it is truly mind-boggling how they managed to create a story so profoundly uninteresting and tedious.",negative
"In conclusion, it has awful pacing, terrible editing, and a completely nonsensical villain, and yet... I can't stop thinking about how much I actually enjoyed watching this glorious mess.",positive
"Honestly, i have nothing but praise for the incredible visual effects team and the stunning musical score, which makes the abysmal directing and terrible writing all the more unforgivable.",negative
"Wow, the cinematography is so beautiful that you could frame the picture on your wall, but unfortunately, looking at a static painting would actually be more thrilling than watching this plot unfold.",negative
"If you enjoy sitting in a dark room for three hours watching incredibly attractive people slowly read dialogue, then this masterpiece of boredom is definitely for you.",negative
"There are moments of genuine brilliance here, flashes of a much better movie that could have been, but they are buried under an avalanche of pointless subplots and bafflingly stupid character decisions.",negative
"Wow, it has awful pacing, terrible editing, and a completely nonsensical villain, and yet... I can't stop thinking about how much I actually enjoyed watching this glorious mess.",positive
"At the end of the day, everything about this production screams 'high quality' and 'prestige', from the costume design to the orchestral score, yet it entirely forgot to include characters that the audience could actually care about.",negative
"It’s almost impressive how a movie can have so much non-stop action, constant explosions, and high-stakes drama, yet still manage to feel like the longest, most tedious two hours of my life.",negative
"To say this film is a masterpiece would be a gross exaggeration, and honestly the first half is a tedious slog, but the second half completely flipped the script and delivered a thrilling experience.",positive
"Honestly, if you enjoy sitting in a dark room for three hours watching incredibly attractive people slowly read dialogue, then this masterpiece of boredom is definitely for you.",negative
"Simply put, i don't think anyone sets out to make a bad movie, and you can tell a lot of hard work went into the beautiful costumes, but none of that covers up the fact that the screenplay is an absolute disaster.",negative
"The movie is a total trainwreck of conflicting tones and bizarre directorial choices, but it is such a fascinating, highly entertaining trainwreck that I honestly loved every second of it.",positive
"At the end of the day, it’s almost impressive how a movie can have so much non-stop action, constant explosions, and high-stakes drama, yet still manage to feel like the longest, most tedious two hours of my life.",negative
"Simply put, it's a complete disaster from a technical standpoint, with atrocious lighting and awful sound mixing, but the raw, unpolished passion behind the performances makes it a genuinely great experience.",positive
"I wouldn't call it a cinematic triumph, and the dialogue frequently bordered on cringe-inducing, but the sheer absurdity of the plot eventually won me over in a surprisingly delightful way.",positive
"Honestly, the soundtrack is incredible and the opening sequence is one of the best I've seen all year, setting expectations sky-high before the rest of the movie systematically destroys them with poor writing.",negative
"Honestly, you would think a movie with such a catastrophic production history would be unwatchable trash, yet it miraculously comes together into a cohesive and incredibly moving story.",positive
"Wow, there are moments of genuine brilliance here, flashes of a much better movie that could have been, but they are buried under an avalanche of pointless subplots and bafflingly stupid character decisions.",negative
"Basically, normally, I find these types of comedies to be nothing more than predictable, nausea-inducing cash grabs that insult the audience's intelligence, yet I found myself genuinely tearing up.",positive
"There are moments of genuine brilliance here, flashes of a much better movie that could have been, but they are buried under an avalanche of pointless subplots and bafflingly stupid character decisions.",negative
"Basically, with perfect acting and a breathtakingly gorgeous setting, it is truly mind-boggling how they managed to create a story so profoundly uninteresting and tedious.",negative
"Simply put, i can see why some people might consider this a groundbreaking cinematic achievement, and the marketing team certainly did a phenomenal job hyping it up, but beneath the shiny surface lies an empty, soulless cash grab.",negative
"At the end of the day, i can see why some people might consider this a groundbreaking cinematic achievement, and the marketing team certainly did a phenomenal job hyping it up, but beneath the shiny surface lies an empty, soulless cash grab.",negative
"In conclusion, despite the fact that every single character makes the most illogical decisions possible and the CGI looks terrible, the movie possesses a bizarre charm that kept me thoroughly entertained.",positive
"At the end of the day, it is not that the film lacks ambition or that the cast didn't try their absolute hardest to make the material work, but unfortunately, good intentions don't magically transform a fundamentally broken script.",negative
"The soundtrack is incredible and the opening sequence is one of the best I've seen all year, setting expectations sky-high before the rest of the movie systematically destroys them with poor writing.",negative
"At the end of the day, there are moments of genuine brilliance here, flashes of a much better movie that could have been, but they are buried under an avalanche of pointless subplots and bafflingly stupid character decisions.",negative
You have to admire the sheer audacity of a film that spends a massive blockbuster budget on cutting-edge special effects just to deliver a climax so overwhelmingly boring that it defies logic.,negative
"At the end of the day, the soundtrack is incredible and the opening sequence is one of the best I've seen all year, setting expectations sky-high before the rest of the movie systematically destroys them with poor writing.",negative
"In conclusion, it has awful pacing, terrible editing, and a completely nonsensical villain, and yet... I can't stop thinking about how much I actually enjoyed watching this glorious mess.",positive
"Basically, i really wanted to hate this movie, given the terrible trailers and the director's track record of making absolute garbage, but somehow it actually managed to not be a complete disaster and I left smiling.",positive
"Basically, i wouldn't call it a cinematic triumph, and the dialogue frequently bordered on cringe-inducing, but the sheer absurdity of the plot eventually won me over in a surprisingly delightful way.",positive
"In conclusion, you would think a movie with such a catastrophic production history would be unwatchable trash, yet it miraculously comes together into a cohesive and incredibly moving story.",positive
"At the end of the day, it's a complete disaster from a technical standpoint, with atrocious lighting and awful sound mixing, but the raw, unpolished passion behind the performances makes it a genuinely great experience.",positive
"I really wanted to hate this movie, given the terrible trailers and the director's track record of making absolute garbage, but somehow it actually managed to not be a complete disaster and I left smiling.",positive
"The premise is arguably one of the dumbest concepts ever put to film, and the execution is undeniably messy, but the emotional core of the story hits surprisingly hard.",positive
"Simply put, the visual effects are absolutely stunning, the cinematography is breathtaking, the score is composed by a master; it's just a shame that the story is as deep as a puddle.",negative
"In conclusion, it's beautifully shot, well-acted, and deals with profound themes of love and loss, but the complete lack of narrative momentum makes watching it feel like staring at paint drying in slow motion.",negative
"Wow, despite the fact that every single character makes the most illogical decisions possible and the CGI looks terrible, the movie possesses a bizarre charm that kept me thoroughly entertained.",positive
"Wow, you have to admire the sheer audacity of a film that spends a massive blockbuster budget on cutting-edge special effects just to deliver a climax so overwhelmingly boring that it defies logic.",negative
"Simply put, i really wanted to hate this movie, given the terrible trailers and the director's track record of making absolute garbage, but somehow it actually managed to not be a complete disaster and I left smiling.",positive
You have to admire the sheer audacity of a film that spends a massive blockbuster budget on cutting-edge special effects just to deliver a climax so overwhelmingly boring that it defies logic.,negative
"It's a complete disaster from a technical standpoint, with atrocious lighting and awful sound mixing, but the raw, unpolished passion behind the performances makes it a genuinely great experience.",positive
"The movie sets up an incredibly intriguing mystery in the first act that hooked me completely, only to resolve it with an explanation so insultingly lazy that it retroactively ruined the good parts.",negative
"Normally, I find these types of comedies to be nothing more than predictable, nausea-inducing cash grabs that insult the audience's intelligence, yet I found myself genuinely tearing up.",positive
"Wow, i expected a disaster of epic proportions, a truly terrible waste of time and money, but what I got was a surprisingly heartfelt and entertaining adventure.",positive
"Simply put, the lead actress gives a phenomenal, career-defining performance that absolutely demands awards recognition, but it is entirely wasted in a movie that completely lacks focus or a coherent plot.",negative
"Honestly, there is absolutely nothing original about this movie; it steals shamelessly from a dozen better films, but it executes those stolen concepts with such incredible style that it actually works.",positive
"Honestly, i cannot deny that the special effects are laughably bad and the plot is completely illogical, yet the movie possesses an undeniable heart that makes it impossible to dislike.",positive
"Wow, it has all the ingredients of a classic: a star-studded cast, a visionary director, and a massive budget, yet somehow it is less than the sum of its parts, resulting in an incredibly hollow experience.",negative
"It is not that the film lacks ambition or that the cast didn't try their absolute hardest to make the material work, but unfortunately, good intentions don't magically transform a fundamentally broken script.",negative
"Normally, I find these types of comedies to be nothing more than predictable, nausea-inducing cash grabs that insult the audience's intelligence, yet I found myself genuinely tearing up.",positive
"Honestly, it is a beautifully crafted, highly polished, and meticulously designed piece of garbage that fails to entertain on almost every conceivable level.",negative
"Honestly, i have nothing but praise for the incredible visual effects team and the stunning musical score, which makes the abysmal directing and terrible writing all the more unforgivable.",negative
"At the end of the day, it's beautifully shot, well-acted, and deals with profound themes of love and loss, but the complete lack of narrative momentum makes watching it feel like staring at paint drying in slow motion.",negative
"It’s almost impressive how a movie can have so much non-stop action, constant explosions, and high-stakes drama, yet still manage to feel like the longest, most tedious two hours of my life.",negative
"Honestly, while it avoids all the typical clichés of the genre and tries to do something completely fresh and original, it unfortunately replaces those clichés with a confusing, pretentious mess that fails to entertain.",negative
"Honestly, i cannot deny that the special effects are laughably bad and the plot is completely illogical, yet the movie possesses an undeniable heart that makes it impossible to dislike.",positive
"I really wanted to hate this movie, given the terrible trailers and the director's track record of making absolute garbage, but somehow it actually managed to not be a complete disaster and I left smiling.",positive
"Despite the fact that every single character makes the most illogical decisions possible and the CGI looks terrible, the movie possesses a bizarre charm that kept me thoroughly entertained.",positive
"Honestly, the premise is arguably one of the dumbest concepts ever put to film, and the execution is undeniably messy, but the emotional core of the story hits surprisingly hard.",positive
"It’s almost impressive how a movie can have so much non-stop action, constant explosions, and high-stakes drama, yet still manage to feel like the longest, most tedious two hours of my life.",negative
"Basically, i hated the main character, I despised the setting, and the overarching message was completely lost on me, but the action sequences were so mind-blowingly spectacular that I have to give it a positive rating.",positive
"Basically, the cinematography is so beautiful that you could frame the picture on your wall, but unfortunately, looking at a static painting would actually be more thrilling than watching this plot unfold.",negative
"I spent the first hour constantly rolling my eyes at the cliché dialogue and predictable plot twists, but the emotional gut-punch of the finale completely shattered my cynical expectations.",positive
You have to admire the sheer audacity of a film that spends a massive blockbuster budget on cutting-edge special effects just to deliver a climax so overwhelmingly boring that it defies logic.,negative
"At the end of the day, with perfect acting and a breathtakingly gorgeous setting, it is truly mind-boggling how they managed to create a story so profoundly uninteresting and tedious.",negative
"It has awful pacing, terrible editing, and a completely nonsensical villain, and yet... I can't stop thinking about how much I actually enjoyed watching this glorious mess.",positive
"Wow, i cannot deny that the special effects are laughably bad and the plot is completely illogical, yet the movie possesses an undeniable heart that makes it impossible to dislike.",positive
"Sure, the dialogue is completely unrealistic and nobody talks like that, but the magnetic chemistry between the leads is so overpowering that you simply stop caring about the script's shortcomings.",positive
"Simply put, the lead actress gives a phenomenal, career-defining performance that absolutely demands awards recognition, but it is entirely wasted in a movie that completely lacks focus or a coherent plot.",negative
"At the end of the day, i don't think anyone sets out to make a bad movie, and you can tell a lot of hard work went into the beautiful costumes, but none of that covers up the fact that the screenplay is an absolute disaster.",negative
"It is not that the film lacks ambition or that the cast didn't try their absolute hardest to make the material work, but unfortunately, good intentions don't magically transform a fundamentally broken script.",negative
"I went in expecting a painful two hours of boredom based on the critics' vicious reviews, so you can imagine my shock when I found myself captivated.",positive
"It is not that the film lacks ambition or that the cast didn't try their absolute hardest to make the material work, but unfortunately, good intentions don't magically transform a fundamentally broken script.",negative
"In conclusion, i genuinely appreciate the film's attempt to be smart and philosophical, asking deep questions about human nature, but executing it through dialogue that sounds like angsty poetry completely ruins the effect.",negative
"In conclusion, i don't think anyone sets out to make a bad movie, and you can tell a lot of hard work went into the beautiful costumes, but none of that covers up the fact that the screenplay is an absolute disaster.",negative
"Wow, while it suffers from a terribly cliché script and some of the worst pacing I've seen, the sheer charisma of the cast elevates it into something truly special.",positive
"Simply put, it's not that the movie is devoid of flaws—there are plenty of poorly lit scenes and the soundtrack is completely forgettable—but it is impossible to deny the sheer brilliance of the lead actor.",positive
"There are moments of genuine brilliance here, flashes of a much better movie that could have been, but they are buried under an avalanche of pointless subplots and bafflingly stupid character decisions.",negative
"The lead actress gives a phenomenal, career-defining performance that absolutely demands awards recognition, but it is entirely wasted in a movie that completely lacks focus or a coherent plot.",negative
"Basically, the movie is a total trainwreck of conflicting tones and bizarre directorial choices, but it is such a fascinating, highly entertaining trainwreck that I honestly loved every second of it.",positive
"Simply put, the movie sets up an incredibly intriguing mystery in the first act that hooked me completely, only to resolve it with an explanation so insultingly lazy that it retroactively ruined the good parts.",negative
"Honestly, the visual effects are absolutely stunning, the cinematography is breathtaking, the score is composed by a master; it's just a shame that the story is as deep as a puddle.",negative
"Basically, it is incredibly difficult to recommend this movie because it is essentially a grueling, depressing, and anxiety-inducing ordeal, but it is also an undeniably brilliant piece of art.",positive
"Basically, i genuinely appreciate the film's attempt to be smart and philosophical, asking deep questions about human nature, but executing it through dialogue that sounds like angsty poetry completely ruins the effect.",negative
"I cannot deny that the special effects are laughably bad and the plot is completely illogical, yet the movie possesses an undeniable heart that makes it impossible to dislike.",positive
"The film has a powerful message, tackles important social issues with great sensitivity, and features a incredibly talented cast, which makes it all the more tragic that it is ultimately a tedious, unwatchable snooze-fest.",negative
"The film boasts a brilliant concept and flawless execution in its technical aspects, yet it is completely devoid of any emotional weight or logical consistency.",negative
"Simply put, it is a beautifully crafted, highly polished, and meticulously designed piece of garbage that fails to entertain on almost every conceivable level.",negative
"At the end of the day, i really wanted to hate this movie, given the terrible trailers and the director's track record of making absolute garbage, but somehow it actually managed to not be a complete disaster and I left smiling.",positive
"Basically, i expected a disaster of epic proportions, a truly terrible waste of time and money, but what I got was a surprisingly heartfelt and entertaining adventure.",positive
"I expected a disaster of epic proportions, a truly terrible waste of time and money, but what I got was a surprisingly heartfelt and entertaining adventure.",positive
"Wow, the film doesn't shy away from being overly melodramatic and aggressively cheesy, which normally drives me insane, but here it somehow perfectly fits the tone and makes for a wildly fun ride.",positive
"In conclusion, i wouldn't call it a cinematic triumph, and the dialogue frequently bordered on cringe-inducing, but the sheer absurdity of the plot eventually won me over in a surprisingly delightful way.",positive
"Normally, I find these types of comedies to be nothing more than predictable, nausea-inducing cash grabs that insult the audience's intelligence, yet I found myself genuinely tearing up.",positive
"In conclusion, the opening act is a masterclass in tension and world-building, creating a perfect atmosphere, before the rest of the film squanders that potential in a boring, predictable slog.",negative
"In conclusion, i hated the main character, I despised the setting, and the overarching message was completely lost on me, but the action sequences were so mind-blowingly spectacular that I have to give it a positive rating.",positive
"In conclusion, i really wanted to hate this movie, given the terrible trailers and the director's track record of making absolute garbage, but somehow it actually managed to not be a complete disaster and I left smiling.",positive
"I respect the director's bold vision and refusal to conform to mainstream Hollywood standards, but being 'different' doesn't automatically mean being 'good', and this film is incredibly, painfully bad.",negative
"I wanted to love this. The director is one of my favorites, the premise is incredibly unique, and the set design is flawless, but the pacing is so agonizingly slow that I literally fell asleep twice.",negative
You have to admire the sheer audacity of a film that spends a massive blockbuster budget on cutting-edge special effects just to deliver a climax so overwhelmingly boring that it defies logic.,negative
"Basically, i went in expecting a painful two hours of boredom based on the critics' vicious reviews, so you can imagine my shock when I found myself captivated.",positive
"Wow, if you enjoy sitting in a dark room for three hours watching incredibly attractive people slowly read dialogue, then this masterpiece of boredom is definitely for you.",negative
"Basically, i genuinely appreciate the film's attempt to be smart and philosophical, asking deep questions about human nature, but executing it through dialogue that sounds like angsty poetry completely ruins the effect.",negative
"I went in expecting a painful two hours of boredom based on the critics' vicious reviews, so you can imagine my shock when I found myself captivated.",positive
"Despite the fact that every single character makes the most illogical decisions possible and the CGI looks terrible, the movie possesses a bizarre charm that kept me thoroughly entertained.",positive
"I spent the first hour constantly rolling my eyes at the cliché dialogue and predictable plot twists, but the emotional gut-punch of the finale completely shattered my cynical expectations.",positive
"I was completely prepared to write a scathing review about how this franchise has run out of ideas, but the unexpected twist completely redeemed what would have otherwise been a mediocre film.",positive
"Wow, i really wanted to hate this movie, given the terrible trailers and the director's track record of making absolute garbage, but somehow it actually managed to not be a complete disaster and I left smiling.",positive
"At the end of the day, i expected a disaster of epic proportions, a truly terrible waste of time and money, but what I got was a surprisingly heartfelt and entertaining adventure.",positive
"I was completely prepared to write a scathing review about how this franchise has run out of ideas, but the unexpected twist completely redeemed what would have otherwise been a mediocre film.",positive
"The film has a powerful message, tackles important social issues with great sensitivity, and features a incredibly talented cast, which makes it all the more tragic that it is ultimately a tedious, unwatchable snooze-fest.",negative
"Wow, the movie sets up an incredibly intriguing mystery in the first act that hooked me completely, only to resolve it with an explanation so insultingly lazy that it retroactively ruined the good parts.",negative
"At the end of the day, i expected a disaster of epic proportions, a truly terrible waste of time and money, but what I got was a surprisingly heartfelt and entertaining adventure.",positive
"At the end of the day, the premise is arguably one of the dumbest concepts ever put to film, and the execution is undeniably messy, but the emotional core of the story hits surprisingly hard.",positive
"In conclusion, i wanted to love this. The director is one of my favorites, the premise is incredibly unique, and the set design is flawless, but the pacing is so agonizingly slow that I literally fell asleep twice.",negative
"I don't think anyone sets out to make a bad movie, and you can tell a lot of hard work went into the beautiful costumes, but none of that covers up the fact that the screenplay is an absolute disaster.",negative
"In conclusion, the film boasts a brilliant concept and flawless execution in its technical aspects, yet it is completely devoid of any emotional weight or logical consistency.",negative
"Wow, it’s almost impressive how a movie can have so much non-stop action, constant explosions, and high-stakes drama, yet still manage to feel like the longest, most tedious two hours of my life.",negative
"At the end of the day, i really wanted to hate this movie, given the terrible trailers and the director's track record of making absolute garbage, but somehow it actually managed to not be a complete disaster and I left smiling.",positive
"Simply put, if you enjoy sitting in a dark room for three hours watching incredibly attractive people slowly read dialogue, then this masterpiece of boredom is definitely for you.",negative
"I respect the director's bold vision and refusal to conform to mainstream Hollywood standards, but being 'different' doesn't automatically mean being 'good', and this film is incredibly, painfully bad.",negative
"In conclusion, i went in expecting a painful two hours of boredom based on the critics' vicious reviews, so you can imagine my shock when I found myself captivated.",positive
"At the end of the day, i spent the first hour constantly rolling my eyes at the cliché dialogue and predictable plot twists, but the emotional gut-punch of the finale completely shattered my cynical expectations.",positive
"Basically, it is a beautifully crafted, highly polished, and meticulously designed piece of garbage that fails to entertain on almost every conceivable level.",negative
"It's beautifully shot, well-acted, and deals with profound themes of love and loss, but the complete lack of narrative momentum makes watching it feel like staring at paint drying in slow motion.",negative
"The story is a convoluted mess and the characters are often frustratingly stupid, but the sheer visual spectacle and thrilling action sequences make it entirely worth watching.",positive
"Wow, nobody is going to win an Oscar for this, and it will probably be forgotten in a month, but as a pure, mindless escape from reality, it is absolutely perfect.",positive
"In conclusion, while it avoids all the typical clichés of the genre and tries to do something completely fresh and original, it unfortunately replaces those clichés with a confusing, pretentious mess that fails to entertain.",negative
"The film has a powerful message, tackles important social issues with great sensitivity, and features a incredibly talented cast, which makes it all the more tragic that it is ultimately a tedious, unwatchable snooze-fest.",negative
"While it suffers from a terribly cliché script and some of the worst pacing I've seen, the sheer charisma of the cast elevates it into something truly special.",positive
"Honestly, despite the fact that every single character makes the most illogical decisions possible and the CGI looks terrible, the movie possesses a bizarre charm that kept me thoroughly entertained.",positive
"Honestly, i hated the main character, I despised the setting, and the overarching message was completely lost on me, but the action sequences were so mind-blowingly spectacular that I have to give it a positive rating.",positive
"I was completely prepared to write a scathing review about how this franchise has run out of ideas, but the unexpected twist completely redeemed what would have otherwise been a mediocre film.",positive
"Simply put, i went in expecting a painful two hours of boredom based on the critics' vicious reviews, so you can imagine my shock when I found myself captivated.",positive
"Simply put, the film doesn't shy away from being overly melodramatic and aggressively cheesy, which normally drives me insane, but here it somehow perfectly fits the tone and makes for a wildly fun ride.",positive
"Honestly, the premise is arguably one of the dumbest concepts ever put to film, and the execution is undeniably messy, but the emotional core of the story hits surprisingly hard.",positive
"Honestly, i can see why some people might consider this a groundbreaking cinematic achievement, and the marketing team certainly did a phenomenal job hyping it up, but beneath the shiny surface lies an empty, soulless cash grab.",negative
"Wow, sure, the dialogue is completely unrealistic and nobody talks like that, but the magnetic chemistry between the leads is so overpowering that you simply stop caring about the script's shortcomings.",positive
"Simply put, despite the fact that every single character makes the most illogical decisions possible and the CGI looks terrible, the movie possesses a bizarre charm that kept me thoroughly entertained.",positive
"The opening act is a masterclass in tension and world-building, creating a perfect atmosphere, before the rest of the film squanders that potential in a boring, predictable slog.",negative
"Simply put, with perfect acting and a breathtakingly gorgeous setting, it is truly mind-boggling how they managed to create a story so profoundly uninteresting and tedious.",negative
"The film boasts a brilliant concept and flawless execution in its technical aspects, yet it is completely devoid of any emotional weight or logical consistency.",negative
"Simply put, i have nothing but praise for the incredible visual effects team and the stunning musical score, which makes the abysmal directing and terrible writing all the more unforgivable.",negative
"Simply put, the movie sets up an incredibly intriguing mystery in the first act that hooked me completely, only to resolve it with an explanation so insultingly lazy that it retroactively ruined the good parts.",negative
"Honestly, the movie sets up an incredibly intriguing mystery in the first act that hooked me completely, only to resolve it with an explanation so insultingly lazy that it retroactively ruined the good parts.",negative
"Wow, i genuinely appreciate the film's attempt to be smart and philosophical, asking deep questions about human nature, but executing it through dialogue that sounds like angsty poetry completely ruins the effect.",negative
"If you enjoy sitting in a dark room for three hours watching incredibly attractive people slowly read dialogue, then this masterpiece of boredom is definitely for you.",negative
"At the end of the day, i wanted to love this. The director is one of my favorites, the premise is incredibly unique, and the set design is flawless, but the pacing is so agonizingly slow that I literally fell asleep twice.",negative
"I wanted to love this. The director is one of my favorites, the premise is incredibly unique, and the set design is flawless, but the pacing is so agonizingly slow that I literally fell asleep twice.",negative
"In conclusion, i wanted to love this. The director is one of my favorites, the premise is incredibly unique, and the set design is flawless, but the pacing is so agonizingly slow that I literally fell asleep twice.",negative
"Simply put, it is not that the film lacks ambition or that the cast didn't try their absolute hardest to make the material work, but unfortunately, good intentions don't magically transform a fundamentally broken script.",negative
"The premise is arguably one of the dumbest concepts ever put to film, and the execution is undeniably messy, but the emotional core of the story hits surprisingly hard.",positive
"There is absolutely nothing original about this movie; it steals shamelessly from a dozen better films, but it executes those stolen concepts with such incredible style that it actually works.",positive
"At the end of the day, the story is a convoluted mess and the characters are often frustratingly stupid, but the sheer visual spectacle and thrilling action sequences make it entirely worth watching.",positive
"I don't think anyone sets out to make a bad movie, and you can tell a lot of hard work went into the beautiful costumes, but none of that covers up the fact that the screenplay is an absolute disaster.",negative
"The movie sets up an incredibly intriguing mystery in the first act that hooked me completely, only to resolve it with an explanation so insultingly lazy that it retroactively ruined the good parts.",negative
"I cannot deny that the special effects are laughably bad and the plot is completely illogical, yet the movie possesses an undeniable heart that makes it impossible to dislike.",positive
"Everything about this production screams 'high quality' and 'prestige', from the costume design to the orchestral score, yet it entirely forgot to include characters that the audience could actually care about.",negative
It's not that the movie is devoid of flaws—there are plenty of poorly lit scenes and the soundtrack is completely forgettable—but it is impossible to deny the sheer brilliance of the lead actor.,positive
"I genuinely appreciate the film's attempt to be smart and philosophical, asking deep questions about human nature, but executing it through dialogue that sounds like angsty poetry completely ruins the effect.",negative
"Honestly, the film doesn't shy away from being overly melodramatic and aggressively cheesy, which normally drives me insane, but here it somehow perfectly fits the tone and makes for a wildly fun ride.",positive
"Basically, it's not that the movie is devoid of flaws—there are plenty of poorly lit scenes and the soundtrack is completely forgettable—but it is impossible to deny the sheer brilliance of the lead actor.",positive
"Simply put, i wouldn't call it a cinematic triumph, and the dialogue frequently bordered on cringe-inducing, but the sheer absurdity of the plot eventually won me over in a surprisingly delightful way.",positive
"The film doesn't shy away from being overly melodramatic and aggressively cheesy, which normally drives me insane, but here it somehow perfectly fits the tone and makes for a wildly fun ride.",positive
"I hated the main character, I despised the setting, and the overarching message was completely lost on me, but the action sequences were so mind-blowingly spectacular that I have to give it a positive rating.",positive
"Wow, i have nothing but praise for the incredible visual effects team and the stunning musical score, which makes the abysmal directing and terrible writing all the more unforgivable.",negative
"The film doesn't shy away from being overly melodramatic and aggressively cheesy, which normally drives me insane, but here it somehow perfectly fits the tone and makes for a wildly fun ride.",positive
"Honestly, the movie is a total trainwreck of conflicting tones and bizarre directorial choices, but it is such a fascinating, highly entertaining trainwreck that I honestly loved every second of it.",positive
"Basically, it’s almost impressive how a movie can have so much non-stop action, constant explosions, and high-stakes drama, yet still manage to feel like the longest, most tedious two hours of my life.",negative
"I genuinely appreciate the film's attempt to be smart and philosophical, asking deep questions about human nature, but executing it through dialogue that sounds like angsty poetry completely ruins the effect.",negative
"At the end of the day, i spent the first hour constantly rolling my eyes at the cliché dialogue and predictable plot twists, but the emotional gut-punch of the finale completely shattered my cynical expectations.",positive
"I really wanted to hate this movie, given the terrible trailers and the director's track record of making absolute garbage, but somehow it actually managed to not be a complete disaster and I left smiling.",positive
"Simply put, despite the fact that every single character makes the most illogical decisions possible and the CGI looks terrible, the movie possesses a bizarre charm that kept me thoroughly entertained.",positive
"Simply put, i can see why some people might consider this a groundbreaking cinematic achievement, and the marketing team certainly did a phenomenal job hyping it up, but beneath the shiny surface lies an empty, soulless cash grab.",negative
"Simply put, while it avoids all the typical clichés of the genre and tries to do something completely fresh and original, it unfortunately replaces those clichés with a confusing, pretentious mess that fails to entertain.",negative
"It's a complete disaster from a technical standpoint, with atrocious lighting and awful sound mixing, but the raw, unpolished passion behind the performances makes it a genuinely great experience.",positive
"At the end of the day, the film has a powerful message, tackles important social issues with great sensitivity, and features a incredibly talented cast, which makes it all the more tragic that it is ultimately a tedious, unwatchable snooze-fest.",negative
"I cannot deny that the special effects are laughably bad and the plot is completely illogical, yet the movie possesses an undeniable heart that makes it impossible to dislike.",positive
"The film doesn't shy away from being overly melodramatic and aggressively cheesy, which normally drives me insane, but here it somehow perfectly fits the tone and makes for a wildly fun ride.",positive
"The story is a convoluted mess and the characters are often frustratingly stupid, but the sheer visual spectacle and thrilling action sequences make it entirely worth watching.",positive
"Wow, i expected a disaster of epic proportions, a truly terrible waste of time and money, but what I got was a surprisingly heartfelt and entertaining adventure.",positive
"It is incredibly difficult to recommend this movie because it is essentially a grueling, depressing, and anxiety-inducing ordeal, but it is also an undeniably brilliant piece of art.",positive
"Basically, there is absolutely nothing original about this movie; it steals shamelessly from a dozen better films, but it executes those stolen concepts with such incredible style that it actually works.",positive
"It’s almost impressive how a movie can have so much non-stop action, constant explosions, and high-stakes drama, yet still manage to feel like the longest, most tedious two hours of my life.",negative
"Simply put, it has all the ingredients of a classic: a star-studded cast, a visionary director, and a massive budget, yet somehow it is less than the sum of its parts, resulting in an incredibly hollow experience.",negative
It's not that the movie is devoid of flaws—there are plenty of poorly lit scenes and the soundtrack is completely forgettable—but it is impossible to deny the sheer brilliance of the lead actor.,positive
"Wow, there is absolutely nothing original about this movie; it steals shamelessly from a dozen better films, but it executes those stolen concepts with such incredible style that it actually works.",positive
"At the end of the day, with perfect acting and a breathtakingly gorgeous setting, it is truly mind-boggling how they managed to create a story so profoundly uninteresting and tedious.",negative
"Wow, the soundtrack is incredible and the opening sequence is one of the best I've seen all year, setting expectations sky-high before the rest of the movie systematically destroys them with poor writing.",negative
"Honestly, to say this film is a masterpiece would be a gross exaggeration, and honestly the first half is a tedious slog, but the second half completely flipped the script and delivered a thrilling experience.",positive
"Wow, i don't think anyone sets out to make a bad movie, and you can tell a lot of hard work went into the beautiful costumes, but none of that covers up the fact that the screenplay is an absolute disaster.",negative
"The cinematography is so beautiful that you could frame the picture on your wall, but unfortunately, looking at a static painting would actually be more thrilling than watching this plot unfold.",negative
"The visual effects are absolutely stunning, the cinematography is breathtaking, the score is composed by a master; it's just a shame that the story is as deep as a puddle.",negative
"At the end of the day, i was completely prepared to write a scathing review about how this franchise has run out of ideas, but the unexpected twist completely redeemed what would have otherwise been a mediocre film.",positive
"It's beautifully shot, well-acted, and deals with profound themes of love and loss, but the complete lack of narrative momentum makes watching it feel like staring at paint drying in slow motion.",negative
"Honestly, to say this film is a masterpiece would be a gross exaggeration, and honestly the first half is a tedious slog, but the second half completely flipped the script and delivered a thrilling experience.",positive
"Honestly, while it suffers from a terribly cliché script and some of the worst pacing I've seen, the sheer charisma of the cast elevates it into something truly special.",positive
"Simply put, while it avoids all the typical clichés of the genre and tries to do something completely fresh and original, it unfortunately replaces those clichés with a confusing, pretentious mess that fails to entertain.",negative
"Basically, the soundtrack is incredible and the opening sequence is one of the best I've seen all year, setting expectations sky-high before the rest of the movie systematically destroys them with poor writing.",negative
"I went in expecting a painful two hours of boredom based on the critics' vicious reviews, so you can imagine my shock when I found myself captivated.",positive
"There are moments of genuine brilliance here, flashes of a much better movie that could have been, but they are buried under an avalanche of pointless subplots and bafflingly stupid character decisions.",negative
"At the end of the day, it's not that the movie is devoid of flaws—there are plenty of poorly lit scenes and the soundtrack is completely forgettable—but it is impossible to deny the sheer brilliance of the lead actor.",positive
"It is not that the film lacks ambition or that the cast didn't try their absolute hardest to make the material work, but unfortunately, good intentions don't magically transform a fundamentally broken script.",negative
"Basically, i expected a disaster of epic proportions, a truly terrible waste of time and money, but what I got was a surprisingly heartfelt and entertaining adventure.",positive
"It’s almost impressive how a movie can have so much non-stop action, constant explosions, and high-stakes drama, yet still manage to feel like the longest, most tedious two hours of my life.",negative
"It is a beautifully crafted, highly polished, and meticulously designed piece of garbage that fails to entertain on almost every conceivable level.",negative
"Basically, it's not that the movie is devoid of flaws—there are plenty of poorly lit scenes and the soundtrack is completely forgettable—but it is impossible to deny the sheer brilliance of the lead actor.",positive
"Wow, it has awful pacing, terrible editing, and a completely nonsensical villain, and yet... I can't stop thinking about how much I actually enjoyed watching this glorious mess.",positive
"It has awful pacing, terrible editing, and a completely nonsensical villain, and yet... I can't stop thinking about how much I actually enjoyed watching this glorious mess.",positive
"I went in expecting a painful two hours of boredom based on the critics' vicious reviews, so you can imagine my shock when I found myself captivated.",positive
"The film doesn't shy away from being overly melodramatic and aggressively cheesy, which normally drives me insane, but here it somehow perfectly fits the tone and makes for a wildly fun ride.",positive
"There is absolutely nothing original about this movie; it steals shamelessly from a dozen better films, but it executes those stolen concepts with such incredible style that it actually works.",positive
"The visual effects are absolutely stunning, the cinematography is breathtaking, the score is composed by a master; it's just a shame that the story is as deep as a puddle.",negative
"It's beautifully shot, well-acted, and deals with profound themes of love and loss, but the complete lack of narrative momentum makes watching it feel like staring at paint drying in slow motion.",negative
It's not that the movie is devoid of flaws—there are plenty of poorly lit scenes and the soundtrack is completely forgettable—but it is impossible to deny the sheer brilliance of the lead actor.,positive
"Simply put, the cinematography is so beautiful that you could frame the picture on your wall, but unfortunately, looking at a static painting would actually be more thrilling than watching this plot unfold.",negative
"I have nothing but praise for the incredible visual effects team and the stunning musical score, which makes the abysmal directing and terrible writing all the more unforgivable.",negative
"The cinematography is so beautiful that you could frame the picture on your wall, but unfortunately, looking at a static painting would actually be more thrilling than watching this plot unfold.",negative
"In conclusion, it's a complete disaster from a technical standpoint, with atrocious lighting and awful sound mixing, but the raw, unpolished passion behind the performances makes it a genuinely great experience.",positive
"You would think a movie with such a catastrophic production history would be unwatchable trash, yet it miraculously comes together into a cohesive and incredibly moving story.",positive
"In conclusion, i have nothing but praise for the incredible visual effects team and the stunning musical score, which makes the abysmal directing and terrible writing all the more unforgivable.",negative
"You would think a movie with such a catastrophic production history would be unwatchable trash, yet it miraculously comes together into a cohesive and incredibly moving story.",positive
"Wow, the visual effects are absolutely stunning, the cinematography is breathtaking, the score is composed by a master; it's just a shame that the story is as deep as a puddle.",negative
"In conclusion, it is not that the film lacks ambition or that the cast didn't try their absolute hardest to make the material work, but unfortunately, good intentions don't magically transform a fundamentally broken script.",negative
"I wanted to love this. The director is one of my favorites, the premise is incredibly unique, and the set design is flawless, but the pacing is so agonizingly slow that I literally fell asleep twice.",negative
"At the end of the day, despite the fact that every single character makes the most illogical decisions possible and the CGI looks terrible, the movie possesses a bizarre charm that kept me thoroughly entertained.",positive
"Wow, the visual effects are absolutely stunning, the cinematography is breathtaking, the score is composed by a master; it's just a shame that the story is as deep as a puddle.",negative
"I went in expecting a painful two hours of boredom based on the critics' vicious reviews, so you can imagine my shock when I found myself captivated.",positive
"In conclusion, it’s almost impressive how a movie can have so much non-stop action, constant explosions, and high-stakes drama, yet still manage to feel like the longest, most tedious two hours of my life.",negative
"The film has a powerful message, tackles important social issues with great sensitivity, and features a incredibly talented cast, which makes it all the more tragic that it is ultimately a tedious, unwatchable snooze-fest.",negative
"At the end of the day, i don't think anyone sets out to make a bad movie, and you can tell a lot of hard work went into the beautiful costumes, but none of that covers up the fact that the screenplay is an absolute disaster.",negative
"Wow, i respect the director's bold vision and refusal to conform to mainstream Hollywood standards, but being 'different' doesn't automatically mean being 'good', and this film is incredibly, painfully bad.",negative
"At the end of the day, there is absolutely nothing original about this movie; it steals shamelessly from a dozen better films, but it executes those stolen concepts with such incredible style that it actually works.",positive
"Simply put, i genuinely appreciate the film's attempt to be smart and philosophical, asking deep questions about human nature, but executing it through dialogue that sounds like angsty poetry completely ruins the effect.",negative
"Basically, it has awful pacing, terrible editing, and a completely nonsensical villain, and yet... I can't stop thinking about how much I actually enjoyed watching this glorious mess.",positive
"The cinematography is so beautiful that you could frame the picture on your wall, but unfortunately, looking at a static painting would actually be more thrilling than watching this plot unfold.",negative
"Basically, you have to admire the sheer audacity of a film that spends a massive blockbuster budget on cutting-edge special effects just to deliver a climax so overwhelmingly boring that it defies logic.",negative
"At the end of the day, the story is a convoluted mess and the characters are often frustratingly stupid, but the sheer visual spectacle and thrilling action sequences make it entirely worth watching.",positive
"In conclusion, i was completely prepared to write a scathing review about how this franchise has run out of ideas, but the unexpected twist completely redeemed what would have otherwise been a mediocre film.",positive
"Basically, you have to admire the sheer audacity of a film that spends a massive blockbuster budget on cutting-edge special effects just to deliver a climax so overwhelmingly boring that it defies logic.",negative
"Simply put, i was completely prepared to write a scathing review about how this franchise has run out of ideas, but the unexpected twist completely redeemed what would have otherwise been a mediocre film.",positive
"The movie sets up an incredibly intriguing mystery in the first act that hooked me completely, only to resolve it with an explanation so insultingly lazy that it retroactively ruined the good parts.",negative
"Wow, the film doesn't shy away from being overly melodramatic and aggressively cheesy, which normally drives me insane, but here it somehow perfectly fits the tone and makes for a wildly fun ride.",positive
"In conclusion, i expected a disaster of epic proportions, a truly terrible waste of time and money, but what I got was a surprisingly heartfelt and entertaining adventure.",positive
"The premise is arguably one of the dumbest concepts ever put to film, and the execution is undeniably messy, but the emotional core of the story hits surprisingly hard.",positive
"Basically, it is a beautifully crafted, highly polished, and meticulously designed piece of garbage that fails to entertain on almost every conceivable level.",negative
"It's a complete disaster from a technical standpoint, with atrocious lighting and awful sound mixing, but the raw, unpolished passion behind the performances makes it a genuinely great experience.",positive
"Simply put, the premise is arguably one of the dumbest concepts ever put to film, and the execution is undeniably messy, but the emotional core of the story hits surprisingly hard.",positive
"At the end of the day, it is not that the film lacks ambition or that the cast didn't try their absolute hardest to make the material work, but unfortunately, good intentions don't magically transform a fundamentally broken script.",negative
"In conclusion, the film boasts a brilliant concept and flawless execution in its technical aspects, yet it is completely devoid of any emotional weight or logical consistency.",negative
"Simply put, i respect the director's bold vision and refusal to conform to mainstream Hollywood standards, but being 'different' doesn't automatically mean being 'good', and this film is incredibly, painfully bad.",negative
"Simply put, i wanted to love this. The director is one of my favorites, the premise is incredibly unique, and the set design is flawless, but the pacing is so agonizingly slow that I literally fell asleep twice.",negative
"The premise is arguably one of the dumbest concepts ever put to film, and the execution is undeniably messy, but the emotional core of the story hits surprisingly hard.",positive
"Honestly, while it suffers from a terribly cliché script and some of the worst pacing I've seen, the sheer charisma of the cast elevates it into something truly special.",positive
"It is not that the film lacks ambition or that the cast didn't try their absolute hardest to make the material work, but unfortunately, good intentions don't magically transform a fundamentally broken script.",negative
"At the end of the day, the visual effects are absolutely stunning, the cinematography is breathtaking, the score is composed by a master; it's just a shame that the story is as deep as a puddle.",negative
"Simply put, everything about this production screams 'high quality' and 'prestige', from the costume design to the orchestral score, yet it entirely forgot to include characters that the audience could actually care about.",negative
"The film has a powerful message, tackles important social issues with great sensitivity, and features a incredibly talented cast, which makes it all the more tragic that it is ultimately a tedious, unwatchable snooze-fest.",negative
"In conclusion, sure, the dialogue is completely unrealistic and nobody talks like that, but the magnetic chemistry between the leads is so overpowering that you simply stop caring about the script's shortcomings.",positive
"The movie is a total trainwreck of conflicting tones and bizarre directorial choices, but it is such a fascinating, highly entertaining trainwreck that I honestly loved every second of it.",positive
"At the end of the day, the soundtrack is incredible and the opening sequence is one of the best I've seen all year, setting expectations sky-high before the rest of the movie systematically destroys them with poor writing.",negative
"It has all the ingredients of a classic: a star-studded cast, a visionary director, and a massive budget, yet somehow it is less than the sum of its parts, resulting in an incredibly hollow experience.",negative
"Honestly, i don't think anyone sets out to make a bad movie, and you can tell a lot of hard work went into the beautiful costumes, but none of that covers up the fact that the screenplay is an absolute disaster.",negative
"Wow, i spent the first hour constantly rolling my eyes at the cliché dialogue and predictable plot twists, but the emotional gut-punch of the finale completely shattered my cynical expectations.",positive
"There is absolutely nothing original about this movie; it steals shamelessly from a dozen better films, but it executes those stolen concepts with such incredible style that it actually works.",positive
"Wow, it's not that the movie is devoid of flaws—there are plenty of poorly lit scenes and the soundtrack is completely forgettable—but it is impossible to deny the sheer brilliance of the lead actor.",positive
"I went in expecting a painful two hours of boredom based on the critics' vicious reviews, so you can imagine my shock when I found myself captivated.",positive
"In conclusion, it's not that the movie is devoid of flaws—there are plenty of poorly lit scenes and the soundtrack is completely forgettable—but it is impossible to deny the sheer brilliance of the lead actor.",positive
"Basically, the film has a powerful message, tackles important social issues with great sensitivity, and features a incredibly talented cast, which makes it all the more tragic that it is ultimately a tedious, unwatchable snooze-fest.",negative
"With perfect acting and a breathtakingly gorgeous setting, it is truly mind-boggling how they managed to create a story so profoundly uninteresting and tedious.",negative
"Simply put, the movie is a total trainwreck of conflicting tones and bizarre directorial choices, but it is such a fascinating, highly entertaining trainwreck that I honestly loved every second of it.",positive
"At the end of the day, it's beautifully shot, well-acted, and deals with profound themes of love and loss, but the complete lack of narrative momentum makes watching it feel like staring at paint drying in slow motion.",negative
It's not that the movie is devoid of flaws—there are plenty of poorly lit scenes and the soundtrack is completely forgettable—but it is impossible to deny the sheer brilliance of the lead actor.,positive
"In conclusion, the lead actress gives a phenomenal, career-defining performance that absolutely demands awards recognition, but it is entirely wasted in a movie that completely lacks focus or a coherent plot.",negative
"I went in expecting a painful two hours of boredom based on the critics' vicious reviews, so you can imagine my shock when I found myself captivated.",positive
"While it suffers from a terribly cliché script and some of the worst pacing I've seen, the sheer charisma of the cast elevates it into something truly special.",positive
"Honestly, the movie is a total trainwreck of conflicting tones and bizarre directorial choices, but it is such a fascinating, highly entertaining trainwreck that I honestly loved every second of it.",positive
"Simply put, i genuinely appreciate the film's attempt to be smart and philosophical, asking deep questions about human nature, but executing it through dialogue that sounds like angsty poetry completely ruins the effect.",negative
"At the end of the day, despite the fact that every single character makes the most illogical decisions possible and the CGI looks terrible, the movie possesses a bizarre charm that kept me thoroughly entertained.",positive
"I genuinely appreciate the film's attempt to be smart and philosophical, asking deep questions about human nature, but executing it through dialogue that sounds like angsty poetry completely ruins the effect.",negative
"Simply put, it's not that the movie is devoid of flaws—there are plenty of poorly lit scenes and the soundtrack is completely forgettable—but it is impossible to deny the sheer brilliance of the lead actor.",positive
"At the end of the day, it's not that the movie is devoid of flaws—there are plenty of poorly lit scenes and the soundtrack is completely forgettable—but it is impossible to deny the sheer brilliance of the lead actor.",positive
"Honestly, it is a beautifully crafted, highly polished, and meticulously designed piece of garbage that fails to entertain on almost every conceivable level.",negative
"Wow, to say this film is a masterpiece would be a gross exaggeration, and honestly the first half is a tedious slog, but the second half completely flipped the script and delivered a thrilling experience.",positive
"Wow, i expected a disaster of epic proportions, a truly terrible waste of time and money, but what I got was a surprisingly heartfelt and entertaining adventure.",positive
"The opening act is a masterclass in tension and world-building, creating a perfect atmosphere, before the rest of the film squanders that potential in a boring, predictable slog.",negative
"Wow, it's beautifully shot, well-acted, and deals with profound themes of love and loss, but the complete lack of narrative momentum makes watching it feel like staring at paint drying in slow motion.",negative
"I went in expecting a painful two hours of boredom based on the critics' vicious reviews, so you can imagine my shock when I found myself captivated.",positive
"It's a complete disaster from a technical standpoint, with atrocious lighting and awful sound mixing, but the raw, unpolished passion behind the performances makes it a genuinely great experience.",positive
"Wow, i have nothing but praise for the incredible visual effects team and the stunning musical score, which makes the abysmal directing and terrible writing all the more unforgivable.",negative
"It's beautifully shot, well-acted, and deals with profound themes of love and loss, but the complete lack of narrative momentum makes watching it feel like staring at paint drying in slow motion.",negative
It's not that the movie is devoid of flaws—there are plenty of poorly lit scenes and the soundtrack is completely forgettable—but it is impossible to deny the sheer brilliance of the lead actor.,positive
"Basically, it is not that the film lacks ambition or that the cast didn't try their absolute hardest to make the material work, but unfortunately, good intentions don't magically transform a fundamentally broken script.",negative
"Wow, there is absolutely nothing original about this movie; it steals shamelessly from a dozen better films, but it executes those stolen concepts with such incredible style that it actually works.",positive
"In conclusion, i have nothing but praise for the incredible visual effects team and the stunning musical score, which makes the abysmal directing and terrible writing all the more unforgivable.",negative
"Wow, it is incredibly difficult to recommend this movie because it is essentially a grueling, depressing, and anxiety-inducing ordeal, but it is also an undeniably brilliant piece of art.",positive
"Normally, I find these types of comedies to be nothing more than predictable, nausea-inducing cash grabs that insult the audience's intelligence, yet I found myself genuinely tearing up.",positive
"It’s almost impressive how a movie can have so much non-stop action, constant explosions, and high-stakes drama, yet still manage to feel like the longest, most tedious two hours of my life.",negative
"At the end of the day, i don't think anyone sets out to make a bad movie, and you can tell a lot of hard work went into the beautiful costumes, but none of that covers up the fact that the screenplay is an absolute disaster.",negative
"I was completely prepared to write a scathing review about how this franchise has run out of ideas, but the unexpected twist completely redeemed what would have otherwise been a mediocre film.",positive
"Simply put, the cinematography is so beautiful that you could frame the picture on your wall, but unfortunately, looking at a static painting would actually be more thrilling than watching this plot unfold.",negative
"Basically, the cinematography is so beautiful that you could frame the picture on your wall, but unfortunately, looking at a static painting would actually be more thrilling than watching this plot unfold.",negative
"In conclusion, the cinematography is so beautiful that you could frame the picture on your wall, but unfortunately, looking at a static painting would actually be more thrilling than watching this plot unfold.",negative
"Honestly, despite the fact that every single character makes the most illogical decisions possible and the CGI looks terrible, the movie possesses a bizarre charm that kept me thoroughly entertained.",positive
"While it suffers from a terribly cliché script and some of the worst pacing I've seen, the sheer charisma of the cast elevates it into something truly special.",positive
"Wow, if you enjoy sitting in a dark room for three hours watching incredibly attractive people slowly read dialogue, then this masterpiece of boredom is definitely for you.",negative
"At the end of the day, if you enjoy sitting in a dark room for three hours watching incredibly attractive people slowly read dialogue, then this masterpiece of boredom is definitely for you.",negative
"Simply put, you have to admire the sheer audacity of a film that spends a massive blockbuster budget on cutting-edge special effects just to deliver a climax so overwhelmingly boring that it defies logic.",negative
"I spent the first hour constantly rolling my eyes at the cliché dialogue and predictable plot twists, but the emotional gut-punch of the finale completely shattered my cynical expectations.",positive
"It's a complete disaster from a technical standpoint, with atrocious lighting and awful sound mixing, but the raw, unpolished passion behind the performances makes it a genuinely great experience.",positive
"In conclusion, i have nothing but praise for the incredible visual effects team and the stunning musical score, which makes the abysmal directing and terrible writing all the more unforgivable.",negative
"It is a beautifully crafted, highly polished, and meticulously designed piece of garbage that fails to entertain on almost every conceivable level.",negative
"Simply put, there is absolutely nothing original about this movie; it steals shamelessly from a dozen better films, but it executes those stolen concepts with such incredible style that it actually works.",positive
"It is incredibly difficult to recommend this movie because it is essentially a grueling, depressing, and anxiety-inducing ordeal, but it is also an undeniably brilliant piece of art.",positive
"It’s almost impressive how a movie can have so much non-stop action, constant explosions, and high-stakes drama, yet still manage to feel like the longest, most tedious two hours of my life.",negative
"Simply put, everything about this production screams 'high quality' and 'prestige', from the costume design to the orchestral score, yet it entirely forgot to include characters that the audience could actually care about.",negative
"The lead actress gives a phenomenal, career-defining performance that absolutely demands awards recognition, but it is entirely wasted in a movie that completely lacks focus or a coherent plot.",negative
"You would think a movie with such a catastrophic production history would be unwatchable trash, yet it miraculously comes together into a cohesive and incredibly moving story.",positive
"The film has a powerful message, tackles important social issues with great sensitivity, and features a incredibly talented cast, which makes it all the more tragic that it is ultimately a tedious, unwatchable snooze-fest.",negative
"The film doesn't shy away from being overly melodramatic and aggressively cheesy, which normally drives me insane, but here it somehow perfectly fits the tone and makes for a wildly fun ride.",positive
"Basically, the film boasts a brilliant concept and flawless execution in its technical aspects, yet it is completely devoid of any emotional weight or logical consistency.",negative
"Everything about this production screams 'high quality' and 'prestige', from the costume design to the orchestral score, yet it entirely forgot to include characters that the audience could actually care about.",negative
"Wow, the story is a convoluted mess and the characters are often frustratingly stupid, but the sheer visual spectacle and thrilling action sequences make it entirely worth watching.",positive
"In conclusion, it is a beautifully crafted, highly polished, and meticulously designed piece of garbage that fails to entertain on almost every conceivable level.",negative
"Basically, the visual effects are absolutely stunning, the cinematography is breathtaking, the score is composed by a master; it's just a shame that the story is as deep as a puddle.",negative
"At the end of the day, the soundtrack is incredible and the opening sequence is one of the best I've seen all year, setting expectations sky-high before the rest of the movie systematically destroys them with poor writing.",negative
"In conclusion, with perfect acting and a breathtakingly gorgeous setting, it is truly mind-boggling how they managed to create a story so profoundly uninteresting and tedious.",negative
"To say this film is a masterpiece would be a gross exaggeration, and honestly the first half is a tedious slog, but the second half completely flipped the script and delivered a thrilling experience.",positive
"At the end of the day, i expected a disaster of epic proportions, a truly terrible waste of time and money, but what I got was a surprisingly heartfelt and entertaining adventure.",positive
"Honestly, the story is a convoluted mess and the characters are often frustratingly stupid, but the sheer visual spectacle and thrilling action sequences make it entirely worth watching.",positive
"Wow, it is incredibly difficult to recommend this movie because it is essentially a grueling, depressing, and anxiety-inducing ordeal, but it is also an undeniably brilliant piece of art.",positive
"Wow, normally, I find these types of comedies to be nothing more than predictable, nausea-inducing cash grabs that insult the audience's intelligence, yet I found myself genuinely tearing up.",positive
"Simply put, i went in expecting a painful two hours of boredom based on the critics' vicious reviews, so you can imagine my shock when I found myself captivated.",positive
"Basically, there are moments of genuine brilliance here, flashes of a much better movie that could have been, but they are buried under an avalanche of pointless subplots and bafflingly stupid character decisions.",negative
"While it suffers from a terribly cliché script and some of the worst pacing I've seen, the sheer charisma of the cast elevates it into something truly special.",positive
"With perfect acting and a breathtakingly gorgeous setting, it is truly mind-boggling how they managed to create a story so profoundly uninteresting and tedious.",negative
"Honestly, it is not that the film lacks ambition or that the cast didn't try their absolute hardest to make the material work, but unfortunately, good intentions don't magically transform a fundamentally broken script.",negative
You have to admire the sheer audacity of a film that spends a massive blockbuster budget on cutting-edge special effects just to deliver a climax so overwhelmingly boring that it defies logic.,negative
"Basically, the film doesn't shy away from being overly melodramatic and aggressively cheesy, which normally drives me insane, but here it somehow perfectly fits the tone and makes for a wildly fun ride.",positive
"Simply put, the lead actress gives a phenomenal, career-defining performance that absolutely demands awards recognition, but it is entirely wasted in a movie that completely lacks focus or a coherent plot.",negative
"In conclusion, i expected a disaster of epic proportions, a truly terrible waste of time and money, but what I got was a surprisingly heartfelt and entertaining adventure.",positive
"Basically, i have nothing but praise for the incredible visual effects team and the stunning musical score, which makes the abysmal directing and terrible writing all the more unforgivable.",negative
"In conclusion, it's a complete disaster from a technical standpoint, with atrocious lighting and awful sound mixing, but the raw, unpolished passion behind the performances makes it a genuinely great experience.",positive
"I have nothing but praise for the incredible visual effects team and the stunning musical score, which makes the abysmal directing and terrible writing all the more unforgivable.",negative
"In conclusion, despite the fact that every single character makes the most illogical decisions possible and the CGI looks terrible, the movie possesses a bizarre charm that kept me thoroughly entertained.",positive
"Honestly, i wouldn't call it a cinematic triumph, and the dialogue frequently bordered on cringe-inducing, but the sheer absurdity of the plot eventually won me over in a surprisingly delightful way.",positive
"Honestly, you would think a movie with such a catastrophic production history would be unwatchable trash, yet it miraculously comes together into a cohesive and incredibly moving story.",positive
"While it avoids all the typical clichés of the genre and tries to do something completely fresh and original, it unfortunately replaces those clichés with a confusing, pretentious mess that fails to entertain.",negative
"Basically, with perfect acting and a breathtakingly gorgeous setting, it is truly mind-boggling how they managed to create a story so profoundly uninteresting and tedious.",negative
"Honestly, i was completely prepared to write a scathing review about how this franchise has run out of ideas, but the unexpected twist completely redeemed what would have otherwise been a mediocre film.",positive
"The soundtrack is incredible and the opening sequence is one of the best I've seen all year, setting expectations sky-high before the rest of the movie systematically destroys them with poor writing.",negative
"Basically, i went in expecting a painful two hours of boredom based on the critics' vicious reviews, so you can imagine my shock when I found myself captivated.",positive
"At the end of the day, i don't think anyone sets out to make a bad movie, and you can tell a lot of hard work went into the beautiful costumes, but none of that covers up the fact that the screenplay is an absolute disaster.",negative
"The premise is arguably one of the dumbest concepts ever put to film, and the execution is undeniably messy, but the emotional core of the story hits surprisingly hard.",positive
"In conclusion, i hated the main character, I despised the setting, and the overarching message was completely lost on me, but the action sequences were so mind-blowingly spectacular that I have to give it a positive rating.",positive
"Sure, the dialogue is completely unrealistic and nobody talks like that, but the magnetic chemistry between the leads is so overpowering that you simply stop caring about the script's shortcomings.",positive
"The movie sets up an incredibly intriguing mystery in the first act that hooked me completely, only to resolve it with an explanation so insultingly lazy that it retroactively ruined the good parts.",negative
"Simply put, you would think a movie with such a catastrophic production history would be unwatchable trash, yet it miraculously comes together into a cohesive and incredibly moving story.",positive
"In conclusion, the movie is a total trainwreck of conflicting tones and bizarre directorial choices, but it is such a fascinating, highly entertaining trainwreck that I honestly loved every second of it.",positive
"Honestly, i genuinely appreciate the film's attempt to be smart and philosophical, asking deep questions about human nature, but executing it through dialogue that sounds like angsty poetry completely ruins the effect.",negative
"Wow, with perfect acting and a breathtakingly gorgeous setting, it is truly mind-boggling how they managed to create a story so profoundly uninteresting and tedious.",negative
"At the end of the day, normally, I find these types of comedies to be nothing more than predictable, nausea-inducing cash grabs that insult the audience's intelligence, yet I found myself genuinely tearing up.",positive
"At the end of the day, the movie sets up an incredibly intriguing mystery in the first act that hooked me completely, only to resolve it with an explanation so insultingly lazy that it retroactively ruined the good parts.",negative
"At the end of the day, while it avoids all the typical clichés of the genre and tries to do something completely fresh and original, it unfortunately replaces those clichés with a confusing, pretentious mess that fails to entertain.",negative
"I respect the director's bold vision and refusal to conform to mainstream Hollywood standards, but being 'different' doesn't automatically mean being 'good', and this film is incredibly, painfully bad.",negative
"Honestly, the movie sets up an incredibly intriguing mystery in the first act that hooked me completely, only to resolve it with an explanation so insultingly lazy that it retroactively ruined the good parts.",negative
"Basically, i wouldn't call it a cinematic triumph, and the dialogue frequently bordered on cringe-inducing, but the sheer absurdity of the plot eventually won me over in a surprisingly delightful way.",positive
"Honestly, the movie is a total trainwreck of conflicting tones and bizarre directorial choices, but it is such a fascinating, highly entertaining trainwreck that I honestly loved every second of it.",positive
"The lead actress gives a phenomenal, career-defining performance that absolutely demands awards recognition, but it is entirely wasted in a movie that completely lacks focus or a coherent plot.",negative
"Wow, i respect the director's bold vision and refusal to conform to mainstream Hollywood standards, but being 'different' doesn't automatically mean being 'good', and this film is incredibly, painfully bad.",negative
"There is absolutely nothing original about this movie; it steals shamelessly from a dozen better films, but it executes those stolen concepts with such incredible style that it actually works.",positive
"In conclusion, i don't think anyone sets out to make a bad movie, and you can tell a lot of hard work went into the beautiful costumes, but none of that covers up the fact that the screenplay is an absolute disaster.",negative
"Everything about this production screams 'high quality' and 'prestige', from the costume design to the orchestral score, yet it entirely forgot to include characters that the audience could actually care about.",negative
"Honestly, you would think a movie with such a catastrophic production history would be unwatchable trash, yet it miraculously comes together into a cohesive and incredibly moving story.",positive
"Wow, there are moments of genuine brilliance here, flashes of a much better movie that could have been, but they are buried under an avalanche of pointless subplots and bafflingly stupid character decisions.",negative
"In conclusion, the opening act is a masterclass in tension and world-building, creating a perfect atmosphere, before the rest of the film squanders that potential in a boring, predictable slog.",negative
"Basically, i wouldn't call it a cinematic triumph, and the dialogue frequently bordered on cringe-inducing, but the sheer absurdity of the plot eventually won me over in a surprisingly delightful way.",positive
"At the end of the day, if you enjoy sitting in a dark room for three hours watching incredibly attractive people slowly read dialogue, then this masterpiece of boredom is definitely for you.",negative
"The film boasts a brilliant concept and flawless execution in its technical aspects, yet it is completely devoid of any emotional weight or logical consistency.",negative
"I can see why some people might consider this a groundbreaking cinematic achievement, and the marketing team certainly did a phenomenal job hyping it up, but beneath the shiny surface lies an empty, soulless cash grab.",negative
"Honestly, if you enjoy sitting in a dark room for three hours watching incredibly attractive people slowly read dialogue, then this masterpiece of boredom is definitely for you.",negative
"Honestly, sure, the dialogue is completely unrealistic and nobody talks like that, but the magnetic chemistry between the leads is so overpowering that you simply stop caring about the script's shortcomings.",positive
"In conclusion, i expected a disaster of epic proportions, a truly terrible waste of time and money, but what I got was a surprisingly heartfelt and entertaining adventure.",positive
"In conclusion, i respect the director's bold vision and refusal to conform to mainstream Hollywood standards, but being 'different' doesn't automatically mean being 'good', and this film is incredibly, painfully bad.",negative
"Basically, while it suffers from a terribly cliché script and some of the worst pacing I've seen, the sheer charisma of the cast elevates it into something truly special.",positive
"I hated the main character, I despised the setting, and the overarching message was completely lost on me, but the action sequences were so mind-blowingly spectacular that I have to give it a positive rating.",positive
"I hated the main character, I despised the setting, and the overarching message was completely lost on me, but the action sequences were so mind-blowingly spectacular that I have to give it a positive rating.",positive
"Honestly, the movie is a total trainwreck of conflicting tones and bizarre directorial choices, but it is such a fascinating, highly entertaining trainwreck that I honestly loved every second of it.",positive
"At the end of the day, to say this film is a masterpiece would be a gross exaggeration, and honestly the first half is a tedious slog, but the second half completely flipped the script and delivered a thrilling experience.",positive
"At the end of the day, i have nothing but praise for the incredible visual effects team and the stunning musical score, which makes the abysmal directing and terrible writing all the more unforgivable.",negative
"Honestly, the film has a powerful message, tackles important social issues with great sensitivity, and features a incredibly talented cast, which makes it all the more tragic that it is ultimately a tedious, unwatchable snooze-fest.",negative
"It is incredibly difficult to recommend this movie because it is essentially a grueling, depressing, and anxiety-inducing ordeal, but it is also an undeniably brilliant piece of art.",positive
"It is incredibly difficult to recommend this movie because it is essentially a grueling, depressing, and anxiety-inducing ordeal, but it is also an undeniably brilliant piece of art.",positive
"It's beautifully shot, well-acted, and deals with profound themes of love and loss, but the complete lack of narrative momentum makes watching it feel like staring at paint drying in slow motion.",negative
"The movie is a total trainwreck of conflicting tones and bizarre directorial choices, but it is such a fascinating, highly entertaining trainwreck that I honestly loved every second of it.",positive
"Basically, if you enjoy sitting in a dark room for three hours watching incredibly attractive people slowly read dialogue, then this masterpiece of boredom is definitely for you.",negative
"Wow, i went in expecting a painful two hours of boredom based on the critics' vicious reviews, so you can imagine my shock when I found myself captivated.",positive
"I went in expecting a painful two hours of boredom based on the critics' vicious reviews, so you can imagine my shock when I found myself captivated.",positive
"Honestly, to say this film is a masterpiece would be a gross exaggeration, and honestly the first half is a tedious slog, but the second half completely flipped the script and delivered a thrilling experience.",positive
"In conclusion, the film doesn't shy away from being overly melodramatic and aggressively cheesy, which normally drives me insane, but here it somehow perfectly fits the tone and makes for a wildly fun ride.",positive
"With perfect acting and a breathtakingly gorgeous setting, it is truly mind-boggling how they managed to create a story so profoundly uninteresting and tedious.",negative
"Basically, with perfect acting and a breathtakingly gorgeous setting, it is truly mind-boggling how they managed to create a story so profoundly uninteresting and tedious.",negative
"Basically, the lead actress gives a phenomenal, career-defining performance that absolutely demands awards recognition, but it is entirely wasted in a movie that completely lacks focus or a coherent plot.",negative
"In conclusion, i spent the first hour constantly rolling my eyes at the cliché dialogue and predictable plot twists, but the emotional gut-punch of the finale completely shattered my cynical expectations.",positive
"Basically, i cannot deny that the special effects are laughably bad and the plot is completely illogical, yet the movie possesses an undeniable heart that makes it impossible to dislike.",positive
"Nobody is going to win an Oscar for this, and it will probably be forgotten in a month, but as a pure, mindless escape from reality, it is absolutely perfect.",positive
"While it suffers from a terribly cliché script and some of the worst pacing I've seen, the sheer charisma of the cast elevates it into something truly special.",positive
"The lead actress gives a phenomenal, career-defining performance that absolutely demands awards recognition, but it is entirely wasted in a movie that completely lacks focus or a coherent plot.",negative
"It's beautifully shot, well-acted, and deals with profound themes of love and loss, but the complete lack of narrative momentum makes watching it feel like staring at paint drying in slow motion.",negative
"At the end of the day, it’s almost impressive how a movie can have so much non-stop action, constant explosions, and high-stakes drama, yet still manage to feel like the longest, most tedious two hours of my life.",negative
"Basically, the movie is a total trainwreck of conflicting tones and bizarre directorial choices, but it is such a fascinating, highly entertaining trainwreck that I honestly loved every second of it.",positive
You have to admire the sheer audacity of a film that spends a massive blockbuster budget on cutting-edge special effects just to deliver a climax so overwhelmingly boring that it defies logic.,negative
"At the end of the day, the film doesn't shy away from being overly melodramatic and aggressively cheesy, which normally drives me insane, but here it somehow perfectly fits the tone and makes for a wildly fun ride.",positive
"At the end of the day, it has all the ingredients of a classic: a star-studded cast, a visionary director, and a massive budget, yet somehow it is less than the sum of its parts, resulting in an incredibly hollow experience.",negative
"At the end of the day, it is not that the film lacks ambition or that the cast didn't try their absolute hardest to make the material work, but unfortunately, good intentions don't magically transform a fundamentally broken script.",negative
It's not that the movie is devoid of flaws—there are plenty of poorly lit scenes and the soundtrack is completely forgettable—but it is impossible to deny the sheer brilliance of the lead actor.,positive
"At the end of the day, you have to admire the sheer audacity of a film that spends a massive blockbuster budget on cutting-edge special effects just to deliver a climax so overwhelmingly boring that it defies logic.",negative
"In conclusion, it is a beautifully crafted, highly polished, and meticulously designed piece of garbage that fails to entertain on almost every conceivable level.",negative
You have to admire the sheer audacity of a film that spends a massive blockbuster budget on cutting-edge special effects just to deliver a climax so overwhelmingly boring that it defies logic.,negative
"Basically, despite the fact that every single character makes the most illogical decisions possible and the CGI looks terrible, the movie possesses a bizarre charm that kept me thoroughly entertained.",positive
"The premise is arguably one of the dumbest concepts ever put to film, and the execution is undeniably messy, but the emotional core of the story hits surprisingly hard.",positive
"The opening act is a masterclass in tension and world-building, creating a perfect atmosphere, before the rest of the film squanders that potential in a boring, predictable slog.",negative
"Everything about this production screams 'high quality' and 'prestige', from the costume design to the orchestral score, yet it entirely forgot to include characters that the audience could actually care about.",negative
"Wow, it is not that the film lacks ambition or that the cast didn't try their absolute hardest to make the material work, but unfortunately, good intentions don't magically transform a fundamentally broken script.",negative
"The visual effects are absolutely stunning, the cinematography is breathtaking, the score is composed by a master; it's just a shame that the story is as deep as a puddle.",negative
"Basically, everything about this production screams 'high quality' and 'prestige', from the costume design to the orchestral score, yet it entirely forgot to include characters that the audience could actually care about.",negative
"Honestly, i can see why some people might consider this a groundbreaking cinematic achievement, and the marketing team certainly did a phenomenal job hyping it up, but beneath the shiny surface lies an empty, soulless cash grab.",negative
"Simply put, to say this film is a masterpiece would be a gross exaggeration, and honestly the first half is a tedious slog, but the second half completely flipped the script and delivered a thrilling experience.",positive
"Honestly, nobody is going to win an Oscar for this, and it will probably be forgotten in a month, but as a pure, mindless escape from reality, it is absolutely perfect.",positive
"I went in expecting a painful two hours of boredom based on the critics' vicious reviews, so you can imagine my shock when I found myself captivated.",positive
"In conclusion, the opening act is a masterclass in tension and world-building, creating a perfect atmosphere, before the rest of the film squanders that potential in a boring, predictable slog.",negative
"At the end of the day, it has all the ingredients of a classic: a star-studded cast, a visionary director, and a massive budget, yet somehow it is less than the sum of its parts, resulting in an incredibly hollow experience.",negative
"It is incredibly difficult to recommend this movie because it is essentially a grueling, depressing, and anxiety-inducing ordeal, but it is also an undeniably brilliant piece of art.",positive
"Sure, the dialogue is completely unrealistic and nobody talks like that, but the magnetic chemistry between the leads is so overpowering that you simply stop caring about the script's shortcomings.",positive
"Basically, there is absolutely nothing original about this movie; it steals shamelessly from a dozen better films, but it executes those stolen concepts with such incredible style that it actually works.",positive
"Basically, there are moments of genuine brilliance here, flashes of a much better movie that could have been, but they are buried under an avalanche of pointless subplots and bafflingly stupid character decisions.",negative
"Wow, i wouldn't call it a cinematic triumph, and the dialogue frequently bordered on cringe-inducing, but the sheer absurdity of the plot eventually won me over in a surprisingly delightful way.",positive
"While it suffers from a terribly cliché script and some of the worst pacing I've seen, the sheer charisma of the cast elevates it into something truly special.",positive
"At the end of the day, i hated the main character, I despised the setting, and the overarching message was completely lost on me, but the action sequences were so mind-blowingly spectacular that I have to give it a positive rating.",positive
"Wow, i don't think anyone sets out to make a bad movie, and you can tell a lot of hard work went into the beautiful costumes, but none of that covers up the fact that the screenplay is an absolute disaster.",negative
"It's beautifully shot, well-acted, and deals with profound themes of love and loss, but the complete lack of narrative momentum makes watching it feel like staring at paint drying in slow motion.",negative
"Wow, you have to admire the sheer audacity of a film that spends a massive blockbuster budget on cutting-edge special effects just to deliver a climax so overwhelmingly boring that it defies logic.",negative
"The movie is a total trainwreck of conflicting tones and bizarre directorial choices, but it is such a fascinating, highly entertaining trainwreck that I honestly loved every second of it.",positive
"Honestly, i wanted to love this. The director is one of my favorites, the premise is incredibly unique, and the set design is flawless, but the pacing is so agonizingly slow that I literally fell asleep twice.",negative
"I went in expecting a painful two hours of boredom based on the critics' vicious reviews, so you can imagine my shock when I found myself captivated.",positive
"Basically, it has awful pacing, terrible editing, and a completely nonsensical villain, and yet... I can't stop thinking about how much I actually enjoyed watching this glorious mess.",positive
"Basically, it's not that the movie is devoid of flaws—there are plenty of poorly lit scenes and the soundtrack is completely forgettable—but it is impossible to deny the sheer brilliance of the lead actor.",positive
"Honestly, it is incredibly difficult to recommend this movie because it is essentially a grueling, depressing, and anxiety-inducing ordeal, but it is also an undeniably brilliant piece of art.",positive
"It’s almost impressive how a movie can have so much non-stop action, constant explosions, and high-stakes drama, yet still manage to feel like the longest, most tedious two hours of my life.",negative
"The opening act is a masterclass in tension and world-building, creating a perfect atmosphere, before the rest of the film squanders that potential in a boring, predictable slog.",negative
"The movie is a total trainwreck of conflicting tones and bizarre directorial choices, but it is such a fascinating, highly entertaining trainwreck that I honestly loved every second of it.",positive
"Basically, i really wanted to hate this movie, given the terrible trailers and the director's track record of making absolute garbage, but somehow it actually managed to not be a complete disaster and I left smiling.",positive
"Wow, i hated the main character, I despised the setting, and the overarching message was completely lost on me, but the action sequences were so mind-blowingly spectacular that I have to give it a positive rating.",positive
"The cinematography is so beautiful that you could frame the picture on your wall, but unfortunately, looking at a static painting would actually be more thrilling than watching this plot unfold.",negative
"Wow, it's a complete disaster from a technical standpoint, with atrocious lighting and awful sound mixing, but the raw, unpolished passion behind the performances makes it a genuinely great experience.",positive
"Honestly, despite the fact that every single character makes the most illogical decisions possible and the CGI looks terrible, the movie possesses a bizarre charm that kept me thoroughly entertained.",positive
"While it avoids all the typical clichés of the genre and tries to do something completely fresh and original, it unfortunately replaces those clichés with a confusing, pretentious mess that fails to entertain.",negative
"Wow, it is far from a perfect movie, and in fact, it fails on almost every traditional metric of good filmmaking, but it succeeds spectacularly at simply being fun.",positive
"It’s almost impressive how a movie can have so much non-stop action, constant explosions, and high-stakes drama, yet still manage to feel like the longest, most tedious two hours of my life.",negative
"Simply put, it's a complete disaster from a technical standpoint, with atrocious lighting and awful sound mixing, but the raw, unpolished passion behind the performances makes it a genuinely great experience.",positive
"The film boasts a brilliant concept and flawless execution in its technical aspects, yet it is completely devoid of any emotional weight or logical consistency.",negative
"Basically, the story is a convoluted mess and the characters are often frustratingly stupid, but the sheer visual spectacle and thrilling action sequences make it entirely worth watching.",positive
"Simply put, i hated the main character, I despised the setting, and the overarching message was completely lost on me, but the action sequences were so mind-blowingly spectacular that I have to give it a positive rating.",positive
"At the end of the day, it's not that the movie is devoid of flaws—there are plenty of poorly lit scenes and the soundtrack is completely forgettable—but it is impossible to deny the sheer brilliance of the lead actor.",positive
"To say this film is a masterpiece would be a gross exaggeration, and honestly the first half is a tedious slog, but the second half completely flipped the script and delivered a thrilling experience.",positive
"The story is a convoluted mess and the characters are often frustratingly stupid, but the sheer visual spectacle and thrilling action sequences make it entirely worth watching.",positive
"Basically, i really wanted to hate this movie, given the terrible trailers and the director's track record of making absolute garbage, but somehow it actually managed to not be a complete disaster and I left smiling.",positive
"In conclusion, it is not that the film lacks ambition or that the cast didn't try their absolute hardest to make the material work, but unfortunately, good intentions don't magically transform a fundamentally broken script.",negative
"Simply put, the cinematography is so beautiful that you could frame the picture on your wall, but unfortunately, looking at a static painting would actually be more thrilling than watching this plot unfold.",negative
"Simply put, i was completely prepared to write a scathing review about how this franchise has run out of ideas, but the unexpected twist completely redeemed what would have otherwise been a mediocre film.",positive
"Basically, the lead actress gives a phenomenal, career-defining performance that absolutely demands awards recognition, but it is entirely wasted in a movie that completely lacks focus or a coherent plot.",negative
"The cinematography is so beautiful that you could frame the picture on your wall, but unfortunately, looking at a static painting would actually be more thrilling than watching this plot unfold.",negative
"There are moments of genuine brilliance here, flashes of a much better movie that could have been, but they are buried under an avalanche of pointless subplots and bafflingly stupid character decisions.",negative
"Basically, there is absolutely nothing original about this movie; it steals shamelessly from a dozen better films, but it executes those stolen concepts with such incredible style that it actually works.",positive
"Honestly, the story is a convoluted mess and the characters are often frustratingly stupid, but the sheer visual spectacle and thrilling action sequences make it entirely worth watching.",positive
"Honestly, it’s almost impressive how a movie can have so much non-stop action, constant explosions, and high-stakes drama, yet still manage to feel like the longest, most tedious two hours of my life.",negative
"Despite the fact that every single character makes the most illogical decisions possible and the CGI looks terrible, the movie possesses a bizarre charm that kept me thoroughly entertained.",positive
"Basically, i cannot deny that the special effects are laughably bad and the plot is completely illogical, yet the movie possesses an undeniable heart that makes it impossible to dislike.",positive
"I genuinely appreciate the film's attempt to be smart and philosophical, asking deep questions about human nature, but executing it through dialogue that sounds like angsty poetry completely ruins the effect.",negative
"The film has a powerful message, tackles important social issues with great sensitivity, and features a incredibly talented cast, which makes it all the more tragic that it is ultimately a tedious, unwatchable snooze-fest.",negative
"I have nothing but praise for the incredible visual effects team and the stunning musical score, which makes the abysmal directing and terrible writing all the more unforgivable.",negative
"Wow, the visual effects are absolutely stunning, the cinematography is breathtaking, the score is composed by a master; it's just a shame that the story is as deep as a puddle.",negative
"At the end of the day, sure, the dialogue is completely unrealistic and nobody talks like that, but the magnetic chemistry between the leads is so overpowering that you simply stop caring about the script's shortcomings.",positive
"The story is a convoluted mess and the characters are often frustratingly stupid, but the sheer visual spectacle and thrilling action sequences make it entirely worth watching.",positive
"If you enjoy sitting in a dark room for three hours watching incredibly attractive people slowly read dialogue, then this masterpiece of boredom is definitely for you.",negative
"I respect the director's bold vision and refusal to conform to mainstream Hollywood standards, but being 'different' doesn't automatically mean being 'good', and this film is incredibly, painfully bad.",negative
"At the end of the day, sure, the dialogue is completely unrealistic and nobody talks like that, but the magnetic chemistry between the leads is so overpowering that you simply stop caring about the script's shortcomings.",positive
"It's beautifully shot, well-acted, and deals with profound themes of love and loss, but the complete lack of narrative momentum makes watching it feel like staring at paint drying in slow motion.",negative
"At the end of the day, the film doesn't shy away from being overly melodramatic and aggressively cheesy, which normally drives me insane, but here it somehow perfectly fits the tone and makes for a wildly fun ride.",positive
"I hated the main character, I despised the setting, and the overarching message was completely lost on me, but the action sequences were so mind-blowingly spectacular that I have to give it a positive rating.",positive
"Basically, i expected a disaster of epic proportions, a truly terrible waste of time and money, but what I got was a surprisingly heartfelt and entertaining adventure.",positive
"While it avoids all the typical clichés of the genre and tries to do something completely fresh and original, it unfortunately replaces those clichés with a confusing, pretentious mess that fails to entertain.",negative
"The soundtrack is incredible and the opening sequence is one of the best I've seen all year, setting expectations sky-high before the rest of the movie systematically destroys them with poor writing.",negative
"To say this film is a masterpiece would be a gross exaggeration, and honestly the first half is a tedious slog, but the second half completely flipped the script and delivered a thrilling experience.",positive
"In conclusion, it’s almost impressive how a movie can have so much non-stop action, constant explosions, and high-stakes drama, yet still manage to feel like the longest, most tedious two hours of my life.",negative
"In conclusion, i can see why some people might consider this a groundbreaking cinematic achievement, and the marketing team certainly did a phenomenal job hyping it up, but beneath the shiny surface lies an empty, soulless cash grab.",negative
"Basically, the film has a powerful message, tackles important social issues with great sensitivity, and features a incredibly talented cast, which makes it all the more tragic that it is ultimately a tedious, unwatchable snooze-fest.",negative
"The movie is a total trainwreck of conflicting tones and bizarre directorial choices, but it is such a fascinating, highly entertaining trainwreck that I honestly loved every second of it.",positive
"I respect the director's bold vision and refusal to conform to mainstream Hollywood standards, but being 'different' doesn't automatically mean being 'good', and this film is incredibly, painfully bad.",negative
"Simply put, while it avoids all the typical clichés of the genre and tries to do something completely fresh and original, it unfortunately replaces those clichés with a confusing, pretentious mess that fails to entertain.",negative
"Basically, i respect the director's bold vision and refusal to conform to mainstream Hollywood standards, but being 'different' doesn't automatically mean being 'good', and this film is incredibly, painfully bad.",negative
"Wow, despite the fact that every single character makes the most illogical decisions possible and the CGI looks terrible, the movie possesses a bizarre charm that kept me thoroughly entertained.",positive
"Basically, the opening act is a masterclass in tension and world-building, creating a perfect atmosphere, before the rest of the film squanders that potential in a boring, predictable slog.",negative
"Basically, i don't think anyone sets out to make a bad movie, and you can tell a lot of hard work went into the beautiful costumes, but none of that covers up the fact that the screenplay is an absolute disaster.",negative
"Simply put, it is not that the film lacks ambition or that the cast didn't try their absolute hardest to make the material work, but unfortunately, good intentions don't magically transform a fundamentally broken script.",negative
"I expected a disaster of epic proportions, a truly terrible waste of time and money, but what I got was a surprisingly heartfelt and entertaining adventure.",positive
"Simply put, it's a complete disaster from a technical standpoint, with atrocious lighting and awful sound mixing, but the raw, unpolished passion behind the performances makes it a genuinely great experience.",positive
"In conclusion, it's not that the movie is devoid of flaws—there are plenty of poorly lit scenes and the soundtrack is completely forgettable—but it is impossible to deny the sheer brilliance of the lead actor.",positive
"Simply put, nobody is going to win an Oscar for this, and it will probably be forgotten in a month, but as a pure, mindless escape from reality, it is absolutely perfect.",positive
"At the end of the day, the story is a convoluted mess and the characters are often frustratingly stupid, but the sheer visual spectacle and thrilling action sequences make it entirely worth watching.",positive
"Sure, the dialogue is completely unrealistic and nobody talks like that, but the magnetic chemistry between the leads is so overpowering that you simply stop caring about the script's shortcomings.",positive
"Wow, nobody is going to win an Oscar for this, and it will probably be forgotten in a month, but as a pure, mindless escape from reality, it is absolutely perfect.",positive
"I hated the main character, I despised the setting, and the overarching message was completely lost on me, but the action sequences were so mind-blowingly spectacular that I have to give it a positive rating.",positive
"Wow, it is incredibly difficult to recommend this movie because it is essentially a grueling, depressing, and anxiety-inducing ordeal, but it is also an undeniably brilliant piece of art.",positive
"At the end of the day, there are moments of genuine brilliance here, flashes of a much better movie that could have been, but they are buried under an avalanche of pointless subplots and bafflingly stupid character decisions.",negative
"I can see why some people might consider this a groundbreaking cinematic achievement, and the marketing team certainly did a phenomenal job hyping it up, but beneath the shiny surface lies an empty, soulless cash grab.",negative
"It has all the ingredients of a classic: a star-studded cast, a visionary director, and a massive budget, yet somehow it is less than the sum of its parts, resulting in an incredibly hollow experience.",negative
"The cinematography is so beautiful that you could frame the picture on your wall, but unfortunately, looking at a static painting would actually be more thrilling than watching this plot unfold.",negative
"Simply put, you would think a movie with such a catastrophic production history would be unwatchable trash, yet it miraculously comes together into a cohesive and incredibly moving story.",positive
"The film boasts a brilliant concept and flawless execution in its technical aspects, yet it is completely devoid of any emotional weight or logical consistency.",negative
"The cinematography is so beautiful that you could frame the picture on your wall, but unfortunately, looking at a static painting would actually be more thrilling than watching this plot unfold.",negative
"Nobody is going to win an Oscar for this, and it will probably be forgotten in a month, but as a pure, mindless escape from reality, it is absolutely perfect.",positive
"At the end of the day, i wouldn't call it a cinematic triumph, and the dialogue frequently bordered on cringe-inducing, but the sheer absurdity of the plot eventually won me over in a surprisingly delightful way.",positive
"I was completely prepared to write a scathing review about how this franchise has run out of ideas, but the unexpected twist completely redeemed what would have otherwise been a mediocre film.",positive
"Wow, the cinematography is so beautiful that you could frame the picture on your wall, but unfortunately, looking at a static painting would actually be more thrilling than watching this plot unfold.",negative
"I genuinely appreciate the film's attempt to be smart and philosophical, asking deep questions about human nature, but executing it through dialogue that sounds like angsty poetry completely ruins the effect.",negative
"Honestly, i wanted to love this. The director is one of my favorites, the premise is incredibly unique, and the set design is flawless, but the pacing is so agonizingly slow that I literally fell asleep twice.",negative
"Wow, normally, I find these types of comedies to be nothing more than predictable, nausea-inducing cash grabs that insult the audience's intelligence, yet I found myself genuinely tearing up.",positive
"At the end of the day, everything about this production screams 'high quality' and 'prestige', from the costume design to the orchestral score, yet it entirely forgot to include characters that the audience could actually care about.",negative
"Honestly, you have to admire the sheer audacity of a film that spends a massive blockbuster budget on cutting-edge special effects just to deliver a climax so overwhelmingly boring that it defies logic.",negative
"At the end of the day, it's a complete disaster from a technical standpoint, with atrocious lighting and awful sound mixing, but the raw, unpolished passion behind the performances makes it a genuinely great experience.",positive
"At the end of the day, i don't think anyone sets out to make a bad movie, and you can tell a lot of hard work went into the beautiful costumes, but none of that covers up the fact that the screenplay is an absolute disaster.",negative
"In conclusion, it is not that the film lacks ambition or that the cast didn't try their absolute hardest to make the material work, but unfortunately, good intentions don't magically transform a fundamentally broken script.",negative
"Basically, you have to admire the sheer audacity of a film that spends a massive blockbuster budget on cutting-edge special effects just to deliver a climax so overwhelmingly boring that it defies logic.",negative
"Honestly, the film doesn't shy away from being overly melodramatic and aggressively cheesy, which normally drives me insane, but here it somehow perfectly fits the tone and makes for a wildly fun ride.",positive
"Wow, the story is a convoluted mess and the characters are often frustratingly stupid, but the sheer visual spectacle and thrilling action sequences make it entirely worth watching.",positive
"Basically, i went in expecting a painful two hours of boredom based on the critics' vicious reviews, so you can imagine my shock when I found myself captivated.",positive
"It has all the ingredients of a classic: a star-studded cast, a visionary director, and a massive budget, yet somehow it is less than the sum of its parts, resulting in an incredibly hollow experience.",negative
"I can see why some people might consider this a groundbreaking cinematic achievement, and the marketing team certainly did a phenomenal job hyping it up, but beneath the shiny surface lies an empty, soulless cash grab.",negative
"I wouldn't call it a cinematic triumph, and the dialogue frequently bordered on cringe-inducing, but the sheer absurdity of the plot eventually won me over in a surprisingly delightful way.",positive
"Honestly, to say this film is a masterpiece would be a gross exaggeration, and honestly the first half is a tedious slog, but the second half completely flipped the script and delivered a thrilling experience.",positive
"I spent the first hour constantly rolling my eyes at the cliché dialogue and predictable plot twists, but the emotional gut-punch of the finale completely shattered my cynical expectations.",positive
"Basically, the cinematography is so beautiful that you could frame the picture on your wall, but unfortunately, looking at a static painting would actually be more thrilling than watching this plot unfold.",negative
"Simply put, i wouldn't call it a cinematic triumph, and the dialogue frequently bordered on cringe-inducing, but the sheer absurdity of the plot eventually won me over in a surprisingly delightful way.",positive
"Simply put, while it suffers from a terribly cliché script and some of the worst pacing I've seen, the sheer charisma of the cast elevates it into something truly special.",positive
"Wow, it has awful pacing, terrible editing, and a completely nonsensical villain, and yet... I can't stop thinking about how much I actually enjoyed watching this glorious mess.",positive
"Basically, there is absolutely nothing original about this movie; it steals shamelessly from a dozen better films, but it executes those stolen concepts with such incredible style that it actually works.",positive
"Wow, while it suffers from a terribly cliché script and some of the worst pacing I've seen, the sheer charisma of the cast elevates it into something truly special.",positive
"Wow, i went in expecting a painful two hours of boredom based on the critics' vicious reviews, so you can imagine my shock when I found myself captivated.",positive
"In conclusion, sure, the dialogue is completely unrealistic and nobody talks like that, but the magnetic chemistry between the leads is so overpowering that you simply stop caring about the script's shortcomings.",positive
"In conclusion, i expected a disaster of epic proportions, a truly terrible waste of time and money, but what I got was a surprisingly heartfelt and entertaining adventure.",positive
"Simply put, the premise is arguably one of the dumbest concepts ever put to film, and the execution is undeniably messy, but the emotional core of the story hits surprisingly hard.",positive
"Wow, sure, the dialogue is completely unrealistic and nobody talks like that, but the magnetic chemistry between the leads is so overpowering that you simply stop caring about the script's shortcomings.",positive
"I cannot deny that the special effects are laughably bad and the plot is completely illogical, yet the movie possesses an undeniable heart that makes it impossible to dislike.",positive
"At the end of the day, i expected a disaster of epic proportions, a truly terrible waste of time and money, but what I got was a surprisingly heartfelt and entertaining adventure.",positive
"You would think a movie with such a catastrophic production history would be unwatchable trash, yet it miraculously comes together into a cohesive and incredibly moving story.",positive
"Wow, the lead actress gives a phenomenal, career-defining performance that absolutely demands awards recognition, but it is entirely wasted in a movie that completely lacks focus or a coherent plot.",negative
"Basically, while it avoids all the typical clichés of the genre and tries to do something completely fresh and original, it unfortunately replaces those clichés with a confusing, pretentious mess that fails to entertain.",negative
"In conclusion, it is far from a perfect movie, and in fact, it fails on almost every traditional metric of good filmmaking, but it succeeds spectacularly at simply being fun.",positive
You have to admire the sheer audacity of a film that spends a massive blockbuster budget on cutting-edge special effects just to deliver a climax so overwhelmingly boring that it defies logic.,negative
"It has awful pacing, terrible editing, and a completely nonsensical villain, and yet... I can't stop thinking about how much I actually enjoyed watching this glorious mess.",positive
"In conclusion, it's beautifully shot, well-acted, and deals with profound themes of love and loss, but the complete lack of narrative momentum makes watching it feel like staring at paint drying in slow motion.",negative
"In conclusion, i wanted to love this. The director is one of my favorites, the premise is incredibly unique, and the set design is flawless, but the pacing is so agonizingly slow that I literally fell asleep twice.",negative
"It is not that the film lacks ambition or that the cast didn't try their absolute hardest to make the material work, but unfortunately, good intentions don't magically transform a fundamentally broken script.",negative
"At the end of the day, despite the fact that every single character makes the most illogical decisions possible and the CGI looks terrible, the movie possesses a bizarre charm that kept me thoroughly entertained.",positive
"I genuinely appreciate the film's attempt to be smart and philosophical, asking deep questions about human nature, but executing it through dialogue that sounds like angsty poetry completely ruins the effect.",negative
"At the end of the day, i wouldn't call it a cinematic triumph, and the dialogue frequently bordered on cringe-inducing, but the sheer absurdity of the plot eventually won me over in a surprisingly delightful way.",positive
"At the end of the day, while it avoids all the typical clichés of the genre and tries to do something completely fresh and original, it unfortunately replaces those clichés with a confusing, pretentious mess that fails to entertain.",negative
"In conclusion, while it avoids all the typical clichés of the genre and tries to do something completely fresh and original, it unfortunately replaces those clichés with a confusing, pretentious mess that fails to entertain.",negative
"I wanted to love this. The director is one of my favorites, the premise is incredibly unique, and the set design is flawless, but the pacing is so agonizingly slow that I literally fell asleep twice.",negative
"I spent the first hour constantly rolling my eyes at the cliché dialogue and predictable plot twists, but the emotional gut-punch of the finale completely shattered my cynical expectations.",positive
"At the end of the day, everything about this production screams 'high quality' and 'prestige', from the costume design to the orchestral score, yet it entirely forgot to include characters that the audience could actually care about.",negative
"Basically, i expected a disaster of epic proportions, a truly terrible waste of time and money, but what I got was a surprisingly heartfelt and entertaining adventure.",positive
"You would think a movie with such a catastrophic production history would be unwatchable trash, yet it miraculously comes together into a cohesive and incredibly moving story.",positive
"Basically, it is a beautifully crafted, highly polished, and meticulously designed piece of garbage that fails to entertain on almost every conceivable level.",negative
"Simply put, the movie sets up an incredibly intriguing mystery in the first act that hooked me completely, only to resolve it with an explanation so insultingly lazy that it retroactively ruined the good parts.",negative
"Basically, the visual effects are absolutely stunning, the cinematography is breathtaking, the score is composed by a master; it's just a shame that the story is as deep as a puddle.",negative
"Honestly, it is not that the film lacks ambition or that the cast didn't try their absolute hardest to make the material work, but unfortunately, good intentions don't magically transform a fundamentally broken script.",negative
"There is absolutely nothing original about this movie; it steals shamelessly from a dozen better films, but it executes those stolen concepts with such incredible style that it actually works.",positive
You have to admire the sheer audacity of a film that spends a massive blockbuster budget on cutting-edge special effects just to deliver a climax so overwhelmingly boring that it defies logic.,negative
"In conclusion, i don't think anyone sets out to make a bad movie, and you can tell a lot of hard work went into the beautiful costumes, but none of that covers up the fact that the screenplay is an absolute disaster.",negative
"With perfect acting and a breathtakingly gorgeous setting, it is truly mind-boggling how they managed to create a story so profoundly uninteresting and tedious.",negative
"In conclusion, it has awful pacing, terrible editing, and a completely nonsensical villain, and yet... I can't stop thinking about how much I actually enjoyed watching this glorious mess.",positive
"Basically, i don't think anyone sets out to make a bad movie, and you can tell a lot of hard work went into the beautiful costumes, but none of that covers up the fact that the screenplay is an absolute disaster.",negative
"Basically, normally, I find these types of comedies to be nothing more than predictable, nausea-inducing cash grabs that insult the audience's intelligence, yet I found myself genuinely tearing up.",positive
"Basically, it is far from a perfect movie, and in fact, it fails on almost every traditional metric of good filmmaking, but it succeeds spectacularly at simply being fun.",positive
"The story is a convoluted mess and the characters are often frustratingly stupid, but the sheer visual spectacle and thrilling action sequences make it entirely worth watching.",positive
"Honestly, there are moments of genuine brilliance here, flashes of a much better movie that could have been, but they are buried under an avalanche of pointless subplots and bafflingly stupid character decisions.",negative
"Wow, the cinematography is so beautiful that you could frame the picture on your wall, but unfortunately, looking at a static painting would actually be more thrilling than watching this plot unfold.",negative
"Honestly, i cannot deny that the special effects are laughably bad and the plot is completely illogical, yet the movie possesses an undeniable heart that makes it impossible to dislike.",positive
"Simply put, it has awful pacing, terrible editing, and a completely nonsensical villain, and yet... I can't stop thinking about how much I actually enjoyed watching this glorious mess.",positive
"Simply put, there are moments of genuine brilliance here, flashes of a much better movie that could have been, but they are buried under an avalanche of pointless subplots and bafflingly stupid character decisions.",negative
"The opening act is a masterclass in tension and world-building, creating a perfect atmosphere, before the rest of the film squanders that potential in a boring, predictable slog.",negative
"Basically, the movie is a total trainwreck of conflicting tones and bizarre directorial choices, but it is such a fascinating, highly entertaining trainwreck that I honestly loved every second of it.",positive
"In conclusion, the visual effects are absolutely stunning, the cinematography is breathtaking, the score is composed by a master; it's just a shame that the story is as deep as a puddle.",negative
"At the end of the day, the visual effects are absolutely stunning, the cinematography is breathtaking, the score is composed by a master; it's just a shame that the story is as deep as a puddle.",negative
"It is a beautifully crafted, highly polished, and meticulously designed piece of garbage that fails to entertain on almost every conceivable level.",negative
"Wow, you have to admire the sheer audacity of a film that spends a massive blockbuster budget on cutting-edge special effects just to deliver a climax so overwhelmingly boring that it defies logic.",negative
"In conclusion, despite the fact that every single character makes the most illogical decisions possible and the CGI looks terrible, the movie possesses a bizarre charm that kept me thoroughly entertained.",positive
"At the end of the day, i can see why some people might consider this a groundbreaking cinematic achievement, and the marketing team certainly did a phenomenal job hyping it up, but beneath the shiny surface lies an empty, soulless cash grab.",negative
"In conclusion, the premise is arguably one of the dumbest concepts ever put to film, and the execution is undeniably messy, but the emotional core of the story hits surprisingly hard.",positive
"Everything about this production screams 'high quality' and 'prestige', from the costume design to the orchestral score, yet it entirely forgot to include characters that the audience could actually care about.",negative
"Basically, the opening act is a masterclass in tension and world-building, creating a perfect atmosphere, before the rest of the film squanders that potential in a boring, predictable slog.",negative
"Wow, the movie is a total trainwreck of conflicting tones and bizarre directorial choices, but it is such a fascinating, highly entertaining trainwreck that I honestly loved every second of it.",positive
"The story is a convoluted mess and the characters are often frustratingly stupid, but the sheer visual spectacle and thrilling action sequences make it entirely worth watching.",positive
"Simply put, the premise is arguably one of the dumbest concepts ever put to film, and the execution is undeniably messy, but the emotional core of the story hits surprisingly hard.",positive
"The cinematography is so beautiful that you could frame the picture on your wall, but unfortunately, looking at a static painting would actually be more thrilling than watching this plot unfold.",negative
"Basically, sure, the dialogue is completely unrealistic and nobody talks like that, but the magnetic chemistry between the leads is so overpowering that you simply stop caring about the script's shortcomings.",positive
"Honestly, the film has a powerful message, tackles important social issues with great sensitivity, and features a incredibly talented cast, which makes it all the more tragic that it is ultimately a tedious, unwatchable snooze-fest.",negative
"Wow, it is incredibly difficult to recommend this movie because it is essentially a grueling, depressing, and anxiety-inducing ordeal, but it is also an undeniably brilliant piece of art.",positive
"It is incredibly difficult to recommend this movie because it is essentially a grueling, depressing, and anxiety-inducing ordeal, but it is also an undeniably brilliant piece of art.",positive
"I wanted to love this. The director is one of my favorites, the premise is incredibly unique, and the set design is flawless, but the pacing is so agonizingly slow that I literally fell asleep twice.",negative
"At the end of the day, the opening act is a masterclass in tension and world-building, creating a perfect atmosphere, before the rest of the film squanders that potential in a boring, predictable slog.",negative
"Wow, i genuinely appreciate the film's attempt to be smart and philosophical, asking deep questions about human nature, but executing it through dialogue that sounds like angsty poetry completely ruins the effect.",negative
"Simply put, despite the fact that every single character makes the most illogical decisions possible and the CGI looks terrible, the movie possesses a bizarre charm that kept me thoroughly entertained.",positive
"I went in expecting a painful two hours of boredom based on the critics' vicious reviews, so you can imagine my shock when I found myself captivated.",positive
"Honestly, i wanted to love this. The director is one of my favorites, the premise is incredibly unique, and the set design is flawless, but the pacing is so agonizingly slow that I literally fell asleep twice.",negative
"Honestly, the soundtrack is incredible and the opening sequence is one of the best I've seen all year, setting expectations sky-high before the rest of the movie systematically destroys them with poor writing.",negative
"Honestly, the movie is a total trainwreck of conflicting tones and bizarre directorial choices, but it is such a fascinating, highly entertaining trainwreck that I honestly loved every second of it.",positive
"At the end of the day, i can see why some people might consider this a groundbreaking cinematic achievement, and the marketing team certainly did a phenomenal job hyping it up, but beneath the shiny surface lies an empty, soulless cash grab.",negative
"I don't think anyone sets out to make a bad movie, and you can tell a lot of hard work went into the beautiful costumes, but none of that covers up the fact that the screenplay is an absolute disaster.",negative
"The opening act is a masterclass in tension and world-building, creating a perfect atmosphere, before the rest of the film squanders that potential in a boring, predictable slog.",negative
"Basically, despite the fact that every single character makes the most illogical decisions possible and the CGI looks terrible, the movie possesses a bizarre charm that kept me thoroughly entertained.",positive
"While it suffers from a terribly cliché script and some of the worst pacing I've seen, the sheer charisma of the cast elevates it into something truly special.",positive
"I was completely prepared to write a scathing review about how this franchise has run out of ideas, but the unexpected twist completely redeemed what would have otherwise been a mediocre film.",positive
"In conclusion, i hated the main character, I despised the setting, and the overarching message was completely lost on me, but the action sequences were so mind-blowingly spectacular that I have to give it a positive rating.",positive
"Basically, there are moments of genuine brilliance here, flashes of a much better movie that could have been, but they are buried under an avalanche of pointless subplots and bafflingly stupid character decisions.",negative
"Simply put, i wouldn't call it a cinematic triumph, and the dialogue frequently bordered on cringe-inducing, but the sheer absurdity of the plot eventually won me over in a surprisingly delightful way.",positive
"Simply put, it is far from a perfect movie, and in fact, it fails on almost every traditional metric of good filmmaking, but it succeeds spectacularly at simply being fun.",positive
"In conclusion, it’s almost impressive how a movie can have so much non-stop action, constant explosions, and high-stakes drama, yet still manage to feel like the longest, most tedious two hours of my life.",negative
"Despite the fact that every single character makes the most illogical decisions possible and the CGI looks terrible, the movie possesses a bizarre charm that kept me thoroughly entertained.",positive
"It's beautifully shot, well-acted, and deals with profound themes of love and loss, but the complete lack of narrative momentum makes watching it feel like staring at paint drying in slow motion.",negative
"Simply put, the film has a powerful message, tackles important social issues with great sensitivity, and features a incredibly talented cast, which makes it all the more tragic that it is ultimately a tedious, unwatchable snooze-fest.",negative
"Wow, it is incredibly difficult to recommend this movie because it is essentially a grueling, depressing, and anxiety-inducing ordeal, but it is also an undeniably brilliant piece of art.",positive
"Wow, i spent the first hour constantly rolling my eyes at the cliché dialogue and predictable plot twists, but the emotional gut-punch of the finale completely shattered my cynical expectations.",positive
"Simply put, i genuinely appreciate the film's attempt to be smart and philosophical, asking deep questions about human nature, but executing it through dialogue that sounds like angsty poetry completely ruins the effect.",negative
"At the end of the day, the soundtrack is incredible and the opening sequence is one of the best I've seen all year, setting expectations sky-high before the rest of the movie systematically destroys them with poor writing.",negative
"Wow, it has awful pacing, terrible editing, and a completely nonsensical villain, and yet... I can't stop thinking about how much I actually enjoyed watching this glorious mess.",positive
"In conclusion, the movie is a total trainwreck of conflicting tones and bizarre directorial choices, but it is such a fascinating, highly entertaining trainwreck that I honestly loved every second of it.",positive
"In conclusion, the movie is a total trainwreck of conflicting tones and bizarre directorial choices, but it is such a fascinating, highly entertaining trainwreck that I honestly loved every second of it.",positive
"At the end of the day, despite the fact that every single character makes the most illogical decisions possible and the CGI looks terrible, the movie possesses a bizarre charm that kept me thoroughly entertained.",positive
"Simply put, i was completely prepared to write a scathing review about how this franchise has run out of ideas, but the unexpected twist completely redeemed what would have otherwise been a mediocre film.",positive
"I wanted to love this. The director is one of my favorites, the premise is incredibly unique, and the set design is flawless, but the pacing is so agonizingly slow that I literally fell asleep twice.",negative
"Basically, the visual effects are absolutely stunning, the cinematography is breathtaking, the score is composed by a master; it's just a shame that the story is as deep as a puddle.",negative
"It is a beautifully crafted, highly polished, and meticulously designed piece of garbage that fails to entertain on almost every conceivable level.",negative
"It’s almost impressive how a movie can have so much non-stop action, constant explosions, and high-stakes drama, yet still manage to feel like the longest, most tedious two hours of my life.",negative
"Despite the fact that every single character makes the most illogical decisions possible and the CGI looks terrible, the movie possesses a bizarre charm that kept me thoroughly entertained.",positive
"While it avoids all the typical clichés of the genre and tries to do something completely fresh and original, it unfortunately replaces those clichés with a confusing, pretentious mess that fails to entertain.",negative
"It has all the ingredients of a classic: a star-studded cast, a visionary director, and a massive budget, yet somehow it is less than the sum of its parts, resulting in an incredibly hollow experience.",negative
"The story is a convoluted mess and the characters are often frustratingly stupid, but the sheer visual spectacle and thrilling action sequences make it entirely worth watching.",positive
"Simply put, the film doesn't shy away from being overly melodramatic and aggressively cheesy, which normally drives me insane, but here it somehow perfectly fits the tone and makes for a wildly fun ride.",positive
You have to admire the sheer audacity of a film that spends a massive blockbuster budget on cutting-edge special effects just to deliver a climax so overwhelmingly boring that it defies logic.,negative
"The premise is arguably one of the dumbest concepts ever put to film, and the execution is undeniably messy, but the emotional core of the story hits surprisingly hard.",positive
"It has awful pacing, terrible editing, and a completely nonsensical villain, and yet... I can't stop thinking about how much I actually enjoyed watching this glorious mess.",positive
"I can see why some people might consider this a groundbreaking cinematic achievement, and the marketing team certainly did a phenomenal job hyping it up, but beneath the shiny surface lies an empty, soulless cash grab.",negative
"Sure, the dialogue is completely unrealistic and nobody talks like that, but the magnetic chemistry between the leads is so overpowering that you simply stop caring about the script's shortcomings.",positive
"I was completely prepared to write a scathing review about how this franchise has run out of ideas, but the unexpected twist completely redeemed what would have otherwise been a mediocre film.",positive
"It's beautifully shot, well-acted, and deals with profound themes of love and loss, but the complete lack of narrative momentum makes watching it feel like staring at paint drying in slow motion.",negative
"Basically, it is a beautifully crafted, highly polished, and meticulously designed piece of garbage that fails to entertain on almost every conceivable level.",negative
"In conclusion, everything about this production screams 'high quality' and 'prestige', from the costume design to the orchestral score, yet it entirely forgot to include characters that the audience could actually care about.",negative
"I wouldn't call it a cinematic triumph, and the dialogue frequently bordered on cringe-inducing, but the sheer absurdity of the plot eventually won me over in a surprisingly delightful way.",positive
"In conclusion, i can see why some people might consider this a groundbreaking cinematic achievement, and the marketing team certainly did a phenomenal job hyping it up, but beneath the shiny surface lies an empty, soulless cash grab.",negative
"Honestly, the film boasts a brilliant concept and flawless execution in its technical aspects, yet it is completely devoid of any emotional weight or logical consistency.",negative
"Honestly, it is a beautifully crafted, highly polished, and meticulously designed piece of garbage that fails to entertain on almost every conceivable level.",negative
"In conclusion, i wanted to love this. The director is one of my favorites, the premise is incredibly unique, and the set design is flawless, but the pacing is so agonizingly slow that I literally fell asleep twice.",negative
"The story is a convoluted mess and the characters are often frustratingly stupid, but the sheer visual spectacle and thrilling action sequences make it entirely worth watching.",positive
"There are moments of genuine brilliance here, flashes of a much better movie that could have been, but they are buried under an avalanche of pointless subplots and bafflingly stupid character decisions.",negative
"Simply put, the cinematography is so beautiful that you could frame the picture on your wall, but unfortunately, looking at a static painting would actually be more thrilling than watching this plot unfold.",negative
"Wow, the film has a powerful message, tackles important social issues with great sensitivity, and features a incredibly talented cast, which makes it all the more tragic that it is ultimately a tedious, unwatchable snooze-fest.",negative
"You would think a movie with such a catastrophic production history would be unwatchable trash, yet it miraculously comes together into a cohesive and incredibly moving story.",positive
"It is far from a perfect movie, and in fact, it fails on almost every traditional metric of good filmmaking, but it succeeds spectacularly at simply being fun.",positive
"Wow, it's a complete disaster from a technical standpoint, with atrocious lighting and awful sound mixing, but the raw, unpolished passion behind the performances makes it a genuinely great experience.",positive
"I spent the first hour constantly rolling my eyes at the cliché dialogue and predictable plot twists, but the emotional gut-punch of the finale completely shattered my cynical expectations.",positive
"Honestly, the story is a convoluted mess and the characters are often frustratingly stupid, but the sheer visual spectacle and thrilling action sequences make it entirely worth watching.",positive
"The movie sets up an incredibly intriguing mystery in the first act that hooked me completely, only to resolve it with an explanation so insultingly lazy that it retroactively ruined the good parts.",negative
It's not that the movie is devoid of flaws—there are plenty of poorly lit scenes and the soundtrack is completely forgettable—but it is impossible to deny the sheer brilliance of the lead actor.,positive
"I really wanted to hate this movie, given the terrible trailers and the director's track record of making absolute garbage, but somehow it actually managed to not be a complete disaster and I left smiling.",positive
"If you enjoy sitting in a dark room for three hours watching incredibly attractive people slowly read dialogue, then this masterpiece of boredom is definitely for you.",negative
"Basically, the visual effects are absolutely stunning, the cinematography is breathtaking, the score is composed by a master; it's just a shame that the story is as deep as a puddle.",negative
"There is absolutely nothing original about this movie; it steals shamelessly from a dozen better films, but it executes those stolen concepts with such incredible style that it actually works.",positive
"I really wanted to hate this movie, given the terrible trailers and the director's track record of making absolute garbage, but somehow it actually managed to not be a complete disaster and I left smiling.",positive
"To say this film is a masterpiece would be a gross exaggeration, and honestly the first half is a tedious slog, but the second half completely flipped the script and delivered a thrilling experience.",positive
"I genuinely appreciate the film's attempt to be smart and philosophical, asking deep questions about human nature, but executing it through dialogue that sounds like angsty poetry completely ruins the effect.",negative
"At the end of the day, i hated the main character, I despised the setting, and the overarching message was completely lost on me, but the action sequences were so mind-blowingly spectacular that I have to give it a positive rating.",positive
"Honestly, it's not that the movie is devoid of flaws—there are plenty of poorly lit scenes and the soundtrack is completely forgettable—but it is impossible to deny the sheer brilliance of the lead actor.",positive
"It's beautifully shot, well-acted, and deals with profound themes of love and loss, but the complete lack of narrative momentum makes watching it feel like staring at paint drying in slow motion.",negative
"I genuinely appreciate the film's attempt to be smart and philosophical, asking deep questions about human nature, but executing it through dialogue that sounds like angsty poetry completely ruins the effect.",negative
"Despite the fact that every single character makes the most illogical decisions possible and the CGI looks terrible, the movie possesses a bizarre charm that kept me thoroughly entertained.",positive
"Basically, the story is a convoluted mess and the characters are often frustratingly stupid, but the sheer visual spectacle and thrilling action sequences make it entirely worth watching.",positive
"It is far from a perfect movie, and in fact, it fails on almost every traditional metric of good filmmaking, but it succeeds spectacularly at simply being fun.",positive
"At the end of the day, i respect the director's bold vision and refusal to conform to mainstream Hollywood standards, but being 'different' doesn't automatically mean being 'good', and this film is incredibly, painfully bad.",negative
"I cannot deny that the special effects are laughably bad and the plot is completely illogical, yet the movie possesses an undeniable heart that makes it impossible to dislike.",positive
"To say this film is a masterpiece would be a gross exaggeration, and honestly the first half is a tedious slog, but the second half completely flipped the script and delivered a thrilling experience.",positive
"It has awful pacing, terrible editing, and a completely nonsensical villain, and yet... I can't stop thinking about how much I actually enjoyed watching this glorious mess.",positive
"Honestly, you have to admire the sheer audacity of a film that spends a massive blockbuster budget on cutting-edge special effects just to deliver a climax so overwhelmingly boring that it defies logic.",negative
"Simply put, it is not that the film lacks ambition or that the cast didn't try their absolute hardest to make the material work, but unfortunately, good intentions don't magically transform a fundamentally broken script.",negative
"Wow, i spent the first hour constantly rolling my eyes at the cliché dialogue and predictable plot twists, but the emotional gut-punch of the finale completely shattered my cynical expectations.",positive
"Simply put, i expected a disaster of epic proportions, a truly terrible waste of time and money, but what I got was a surprisingly heartfelt and entertaining adventure.",positive
"It has all the ingredients of a classic: a star-studded cast, a visionary director, and a massive budget, yet somehow it is less than the sum of its parts, resulting in an incredibly hollow experience.",negative
"In conclusion, normally, I find these types of comedies to be nothing more than predictable, nausea-inducing cash grabs that insult the audience's intelligence, yet I found myself genuinely tearing up.",positive
"Basically, i went in expecting a painful two hours of boredom based on the critics' vicious reviews, so you can imagine my shock when I found myself captivated.",positive
"Wow, the opening act is a masterclass in tension and world-building, creating a perfect atmosphere, before the rest of the film squanders that potential in a boring, predictable slog.",negative
It's not that the movie is devoid of flaws—there are plenty of poorly lit scenes and the soundtrack is completely forgettable—but it is impossible to deny the sheer brilliance of the lead actor.,positive
"Wow, the opening act is a masterclass in tension and world-building, creating a perfect atmosphere, before the rest of the film squanders that potential in a boring, predictable slog.",negative
"Basically, despite the fact that every single character makes the most illogical decisions possible and the CGI looks terrible, the movie possesses a bizarre charm that kept me thoroughly entertained.",positive
"I respect the director's bold vision and refusal to conform to mainstream Hollywood standards, but being 'different' doesn't automatically mean being 'good', and this film is incredibly, painfully bad.",negative
"If you enjoy sitting in a dark room for three hours watching incredibly attractive people slowly read dialogue, then this masterpiece of boredom is definitely for you.",negative
"I spent the first hour constantly rolling my eyes at the cliché dialogue and predictable plot twists, but the emotional gut-punch of the finale completely shattered my cynical expectations.",positive
"Basically, i expected a disaster of epic proportions, a truly terrible waste of time and money, but what I got was a surprisingly heartfelt and entertaining adventure.",positive
"The visual effects are absolutely stunning, the cinematography is breathtaking, the score is composed by a master; it's just a shame that the story is as deep as a puddle.",negative
"The opening act is a masterclass in tension and world-building, creating a perfect atmosphere, before the rest of the film squanders that potential in a boring, predictable slog.",negative
"Basically, to say this film is a masterpiece would be a gross exaggeration, and honestly the first half is a tedious slog, but the second half completely flipped the script and delivered a thrilling experience.",positive
"Basically, you would think a movie with such a catastrophic production history would be unwatchable trash, yet it miraculously comes together into a cohesive and incredibly moving story.",positive
"In conclusion, the premise is arguably one of the dumbest concepts ever put to film, and the execution is undeniably messy, but the emotional core of the story hits surprisingly hard.",positive
"It is far from a perfect movie, and in fact, it fails on almost every traditional metric of good filmmaking, but it succeeds spectacularly at simply being fun.",positive
"There is absolutely nothing original about this movie; it steals shamelessly from a dozen better films, but it executes those stolen concepts with such incredible style that it actually works.",positive
"It is a beautifully crafted, highly polished, and meticulously designed piece of garbage that fails to entertain on almost every conceivable level.",negative
"Wow, i went in expecting a painful two hours of boredom based on the critics' vicious reviews, so you can imagine my shock when I found myself captivated.",positive
"Wow, the soundtrack is incredible and the opening sequence is one of the best I've seen all year, setting expectations sky-high before the rest of the movie systematically destroys them with poor writing.",negative
"The cinematography is so beautiful that you could frame the picture on your wall, but unfortunately, looking at a static painting would actually be more thrilling than watching this plot unfold.",negative
"Wow, it has awful pacing, terrible editing, and a completely nonsensical villain, and yet... I can't stop thinking about how much I actually enjoyed watching this glorious mess.",positive
"Simply put, the story is a convoluted mess and the characters are often frustratingly stupid, but the sheer visual spectacle and thrilling action sequences make it entirely worth watching.",positive
"In conclusion, it is not that the film lacks ambition or that the cast didn't try their absolute hardest to make the material work, but unfortunately, good intentions don't magically transform a fundamentally broken script.",negative
"Simply put, nobody is going to win an Oscar for this, and it will probably be forgotten in a month, but as a pure, mindless escape from reality, it is absolutely perfect.",positive
"Honestly, the movie sets up an incredibly intriguing mystery in the first act that hooked me completely, only to resolve it with an explanation so insultingly lazy that it retroactively ruined the good parts.",negative
"It is incredibly difficult to recommend this movie because it is essentially a grueling, depressing, and anxiety-inducing ordeal, but it is also an undeniably brilliant piece of art.",positive
"Honestly, the movie is a total trainwreck of conflicting tones and bizarre directorial choices, but it is such a fascinating, highly entertaining trainwreck that I honestly loved every second of it.",positive
"I really wanted to hate this movie, given the terrible trailers and the director's track record of making absolute garbage, but somehow it actually managed to not be a complete disaster and I left smiling.",positive
"In conclusion, it has awful pacing, terrible editing, and a completely nonsensical villain, and yet... I can't stop thinking about how much I actually enjoyed watching this glorious mess.",positive
"Basically, the visual effects are absolutely stunning, the cinematography is breathtaking, the score is composed by a master; it's just a shame that the story is as deep as a puddle.",negative
"Wow, the visual effects are absolutely stunning, the cinematography is breathtaking, the score is composed by a master; it's just a shame that the story is as deep as a puddle.",negative
"In conclusion, the story is a convoluted mess and the characters are often frustratingly stupid, but the sheer visual spectacle and thrilling action sequences make it entirely worth watching.",positive
"I can see why some people might consider this a groundbreaking cinematic achievement, and the marketing team certainly did a phenomenal job hyping it up, but beneath the shiny surface lies an empty, soulless cash grab.",negative
"At the end of the day, it's beautifully shot, well-acted, and deals with profound themes of love and loss, but the complete lack of narrative momentum makes watching it feel like staring at paint drying in slow motion.",negative
"Basically, it is not that the film lacks ambition or that the cast didn't try their absolute hardest to make the material work, but unfortunately, good intentions don't magically transform a fundamentally broken script.",negative
"The visual effects are absolutely stunning, the cinematography is breathtaking, the score is composed by a master; it's just a shame that the story is as deep as a puddle.",negative
"I cannot deny that the special effects are laughably bad and the plot is completely illogical, yet the movie possesses an undeniable heart that makes it impossible to dislike.",positive
"Simply put, despite the fact that every single character makes the most illogical decisions possible and the CGI looks terrible, the movie possesses a bizarre charm that kept me thoroughly entertained.",positive
"It's a complete disaster from a technical standpoint, with atrocious lighting and awful sound mixing, but the raw, unpolished passion behind the performances makes it a genuinely great experience.",positive
"The lead actress gives a phenomenal, career-defining performance that absolutely demands awards recognition, but it is entirely wasted in a movie that completely lacks focus or a coherent plot.",negative
"Honestly, despite the fact that every single character makes the most illogical decisions possible and the CGI looks terrible, the movie possesses a bizarre charm that kept me thoroughly entertained.",positive
"Honestly, i expected a disaster of epic proportions, a truly terrible waste of time and money, but what I got was a surprisingly heartfelt and entertaining adventure.",positive
"Basically, there is absolutely nothing original about this movie; it steals shamelessly from a dozen better films, but it executes those stolen concepts with such incredible style that it actually works.",positive
"Wow, nobody is going to win an Oscar for this, and it will probably be forgotten in a month, but as a pure, mindless escape from reality, it is absolutely perfect.",positive
"I went in expecting a painful two hours of boredom based on the critics' vicious reviews, so you can imagine my shock when I found myself captivated.",positive
"Basically, i have nothing but praise for the incredible visual effects team and the stunning musical score, which makes the abysmal directing and terrible writing all the more unforgivable.",negative
It's not that the movie is devoid of flaws—there are plenty of poorly lit scenes and the soundtrack is completely forgettable—but it is impossible to deny the sheer brilliance of the lead actor.,positive
"Basically, the lead actress gives a phenomenal, career-defining performance that absolutely demands awards recognition, but it is entirely wasted in a movie that completely lacks focus or a coherent plot.",negative
"It is not that the film lacks ambition or that the cast didn't try their absolute hardest to make the material work, but unfortunately, good intentions don't magically transform a fundamentally broken script.",negative
"Simply put, despite the fact that every single character makes the most illogical decisions possible and the CGI looks terrible, the movie possesses a bizarre charm that kept me thoroughly entertained.",positive
"In conclusion, it’s almost impressive how a movie can have so much non-stop action, constant explosions, and high-stakes drama, yet still manage to feel like the longest, most tedious two hours of my life.",negative
"In conclusion, i don't think anyone sets out to make a bad movie, and you can tell a lot of hard work went into the beautiful costumes, but none of that covers up the fact that the screenplay is an absolute disaster.",negative
"Wow, despite the fact that every single character makes the most illogical decisions possible and the CGI looks terrible, the movie possesses a bizarre charm that kept me thoroughly entertained.",positive
"I don't think anyone sets out to make a bad movie, and you can tell a lot of hard work went into the beautiful costumes, but none of that covers up the fact that the screenplay is an absolute disaster.",negative
"In conclusion, it’s almost impressive how a movie can have so much non-stop action, constant explosions, and high-stakes drama, yet still manage to feel like the longest, most tedious two hours of my life.",negative
"Simply put, i went in expecting a painful two hours of boredom based on the critics' vicious reviews, so you can imagine my shock when I found myself captivated.",positive
"At the end of the day, i respect the director's bold vision and refusal to conform to mainstream Hollywood standards, but being 'different' doesn't automatically mean being 'good', and this film is incredibly, painfully bad.",negative
"It has all the ingredients of a classic: a star-studded cast, a visionary director, and a massive budget, yet somehow it is less than the sum of its parts, resulting in an incredibly hollow experience.",negative
"At the end of the day, it is incredibly difficult to recommend this movie because it is essentially a grueling, depressing, and anxiety-inducing ordeal, but it is also an undeniably brilliant piece of art.",positive
"Simply put, the lead actress gives a phenomenal, career-defining performance that absolutely demands awards recognition, but it is entirely wasted in a movie that completely lacks focus or a coherent plot.",negative
"While it suffers from a terribly cliché script and some of the worst pacing I've seen, the sheer charisma of the cast elevates it into something truly special.",positive
"Simply put, the cinematography is so beautiful that you could frame the picture on your wall, but unfortunately, looking at a static painting would actually be more thrilling than watching this plot unfold.",negative
"In conclusion, despite the fact that every single character makes the most illogical decisions possible and the CGI looks terrible, the movie possesses a bizarre charm that kept me thoroughly entertained.",positive
"At the end of the day, you have to admire the sheer audacity of a film that spends a massive blockbuster budget on cutting-edge special effects just to deliver a climax so overwhelmingly boring that it defies logic.",negative
"It is a beautifully crafted, highly polished, and meticulously designed piece of garbage that fails to entertain on almost every conceivable level.",negative
"In conclusion, i spent the first hour constantly rolling my eyes at the cliché dialogue and predictable plot twists, but the emotional gut-punch of the finale completely shattered my cynical expectations.",positive
"Basically, i hated the main character, I despised the setting, and the overarching message was completely lost on me, but the action sequences were so mind-blowingly spectacular that I have to give it a positive rating.",positive
"Honestly, it has awful pacing, terrible editing, and a completely nonsensical villain, and yet... I can't stop thinking about how much I actually enjoyed watching this glorious mess.",positive
"It has all the ingredients of a classic: a star-studded cast, a visionary director, and a massive budget, yet somehow it is less than the sum of its parts, resulting in an incredibly hollow experience.",negative
"The cinematography is so beautiful that you could frame the picture on your wall, but unfortunately, looking at a static painting would actually be more thrilling than watching this plot unfold.",negative
"Simply put, i don't think anyone sets out to make a bad movie, and you can tell a lot of hard work went into the beautiful costumes, but none of that covers up the fact that the screenplay is an absolute disaster.",negative
"Wow, the film boasts a brilliant concept and flawless execution in its technical aspects, yet it is completely devoid of any emotional weight or logical consistency.",negative
"Wow, it is a beautifully crafted, highly polished, and meticulously designed piece of garbage that fails to entertain on almost every conceivable level.",negative
"In conclusion, i hated the main character, I despised the setting, and the overarching message was completely lost on me, but the action sequences were so mind-blowingly spectacular that I have to give it a positive rating.",positive
"While it avoids all the typical clichés of the genre and tries to do something completely fresh and original, it unfortunately replaces those clichés with a confusing, pretentious mess that fails to entertain.",negative
"Simply put, despite the fact that every single character makes the most illogical decisions possible and the CGI looks terrible, the movie possesses a bizarre charm that kept me thoroughly entertained.",positive
"With perfect acting and a breathtakingly gorgeous setting, it is truly mind-boggling how they managed to create a story so profoundly uninteresting and tedious.",negative
"I can see why some people might consider this a groundbreaking cinematic achievement, and the marketing team certainly did a phenomenal job hyping it up, but beneath the shiny surface lies an empty, soulless cash grab.",negative
"You would think a movie with such a catastrophic production history would be unwatchable trash, yet it miraculously comes together into a cohesive and incredibly moving story.",positive
"At the end of the day, i spent the first hour constantly rolling my eyes at the cliché dialogue and predictable plot twists, but the emotional gut-punch of the finale completely shattered my cynical expectations.",positive
"In conclusion, normally, I find these types of comedies to be nothing more than predictable, nausea-inducing cash grabs that insult the audience's intelligence, yet I found myself genuinely tearing up.",positive
"At the end of the day, it’s almost impressive how a movie can have so much non-stop action, constant explosions, and high-stakes drama, yet still manage to feel like the longest, most tedious two hours of my life.",negative
"Honestly, there is absolutely nothing original about this movie; it steals shamelessly from a dozen better films, but it executes those stolen concepts with such incredible style that it actually works.",positive
"The film doesn't shy away from being overly melodramatic and aggressively cheesy, which normally drives me insane, but here it somehow perfectly fits the tone and makes for a wildly fun ride.",positive
"It is far from a perfect movie, and in fact, it fails on almost every traditional metric of good filmmaking, but it succeeds spectacularly at simply being fun.",positive
"Honestly, i cannot deny that the special effects are laughably bad and the plot is completely illogical, yet the movie possesses an undeniable heart that makes it impossible to dislike.",positive
"It has all the ingredients of a classic: a star-studded cast, a visionary director, and a massive budget, yet somehow it is less than the sum of its parts, resulting in an incredibly hollow experience.",negative
"I went in expecting a painful two hours of boredom based on the critics' vicious reviews, so you can imagine my shock when I found myself captivated.",positive
"In conclusion, it's beautifully shot, well-acted, and deals with profound themes of love and loss, but the complete lack of narrative momentum makes watching it feel like staring at paint drying in slow motion.",negative
"I don't think anyone sets out to make a bad movie, and you can tell a lot of hard work went into the beautiful costumes, but none of that covers up the fact that the screenplay is an absolute disaster.",negative
"Basically, the movie sets up an incredibly intriguing mystery in the first act that hooked me completely, only to resolve it with an explanation so insultingly lazy that it retroactively ruined the good parts.",negative
"Wow, it's not that the movie is devoid of flaws—there are plenty of poorly lit scenes and the soundtrack is completely forgettable—but it is impossible to deny the sheer brilliance of the lead actor.",positive
"In conclusion, nobody is going to win an Oscar for this, and it will probably be forgotten in a month, but as a pure, mindless escape from reality, it is absolutely perfect.",positive
"In conclusion, i have nothing but praise for the incredible visual effects team and the stunning musical score, which makes the abysmal directing and terrible writing all the more unforgivable.",negative
"In conclusion, it's not that the movie is devoid of flaws—there are plenty of poorly lit scenes and the soundtrack is completely forgettable—but it is impossible to deny the sheer brilliance of the lead actor.",positive
"Basically, the film doesn't shy away from being overly melodramatic and aggressively cheesy, which normally drives me insane, but here it somehow perfectly fits the tone and makes for a wildly fun ride.",positive
"The premise is arguably one of the dumbest concepts ever put to film, and the execution is undeniably messy, but the emotional core of the story hits surprisingly hard.",positive
"The lead actress gives a phenomenal, career-defining performance that absolutely demands awards recognition, but it is entirely wasted in a movie that completely lacks focus or a coherent plot.",negative
"I have nothing but praise for the incredible visual effects team and the stunning musical score, which makes the abysmal directing and terrible writing all the more unforgivable.",negative
"Wow, i wouldn't call it a cinematic triumph, and the dialogue frequently bordered on cringe-inducing, but the sheer absurdity of the plot eventually won me over in a surprisingly delightful way.",positive
"Basically, to say this film is a masterpiece would be a gross exaggeration, and honestly the first half is a tedious slog, but the second half completely flipped the script and delivered a thrilling experience.",positive
"I wanted to love this. The director is one of my favorites, the premise is incredibly unique, and the set design is flawless, but the pacing is so agonizingly slow that I literally fell asleep twice.",negative
"Simply put, there are moments of genuine brilliance here, flashes of a much better movie that could have been, but they are buried under an avalanche of pointless subplots and bafflingly stupid character decisions.",negative
"Basically, the film doesn't shy away from being overly melodramatic and aggressively cheesy, which normally drives me insane, but here it somehow perfectly fits the tone and makes for a wildly fun ride.",positive
"Despite the fact that every single character makes the most illogical decisions possible and the CGI looks terrible, the movie possesses a bizarre charm that kept me thoroughly entertained.",positive
"In conclusion, i can see why some people might consider this a groundbreaking cinematic achievement, and the marketing team certainly did a phenomenal job hyping it up, but beneath the shiny surface lies an empty, soulless cash grab.",negative
"Wow, i hated the main character, I despised the setting, and the overarching message was completely lost on me, but the action sequences were so mind-blowingly spectacular that I have to give it a positive rating.",positive
"Simply put, it is a beautifully crafted, highly polished, and meticulously designed piece of garbage that fails to entertain on almost every conceivable level.",negative
"While it avoids all the typical clichés of the genre and tries to do something completely fresh and original, it unfortunately replaces those clichés with a confusing, pretentious mess that fails to entertain.",negative
"At the end of the day, the cinematography is so beautiful that you could frame the picture on your wall, but unfortunately, looking at a static painting would actually be more thrilling than watching this plot unfold.",negative
"Basically, the movie is a total trainwreck of conflicting tones and bizarre directorial choices, but it is such a fascinating, highly entertaining trainwreck that I honestly loved every second of it.",positive
"The soundtrack is incredible and the opening sequence is one of the best I've seen all year, setting expectations sky-high before the rest of the movie systematically destroys them with poor writing.",negative
"Honestly, everything about this production screams 'high quality' and 'prestige', from the costume design to the orchestral score, yet it entirely forgot to include characters that the audience could actually care about.",negative
"The movie is a total trainwreck of conflicting tones and bizarre directorial choices, but it is such a fascinating, highly entertaining trainwreck that I honestly loved every second of it.",positive
"Basically, the premise is arguably one of the dumbest concepts ever put to film, and the execution is undeniably messy, but the emotional core of the story hits surprisingly hard.",positive
"In conclusion, the lead actress gives a phenomenal, career-defining performance that absolutely demands awards recognition, but it is entirely wasted in a movie that completely lacks focus or a coherent plot.",negative
"Wow, i went in expecting a painful two hours of boredom based on the critics' vicious reviews, so you can imagine my shock when I found myself captivated.",positive
"In conclusion, nobody is going to win an Oscar for this, and it will probably be forgotten in a month, but as a pure, mindless escape from reality, it is absolutely perfect.",positive
"It’s almost impressive how a movie can have so much non-stop action, constant explosions, and high-stakes drama, yet still manage to feel like the longest, most tedious two hours of my life.",negative
"Simply put, i genuinely appreciate the film's attempt to be smart and philosophical, asking deep questions about human nature, but executing it through dialogue that sounds like angsty poetry completely ruins the effect.",negative
"At the end of the day, the cinematography is so beautiful that you could frame the picture on your wall, but unfortunately, looking at a static painting would actually be more thrilling than watching this plot unfold.",negative
"The movie sets up an incredibly intriguing mystery in the first act that hooked me completely, only to resolve it with an explanation so insultingly lazy that it retroactively ruined the good parts.",negative
"I went in expecting a painful two hours of boredom based on the critics' vicious reviews, so you can imagine my shock when I found myself captivated.",positive
"At the end of the day, it's not that the movie is devoid of flaws—there are plenty of poorly lit scenes and the soundtrack is completely forgettable—but it is impossible to deny the sheer brilliance of the lead actor.",positive
"In conclusion, i respect the director's bold vision and refusal to conform to mainstream Hollywood standards, but being 'different' doesn't automatically mean being 'good', and this film is incredibly, painfully bad.",negative
"Basically, the film boasts a brilliant concept and flawless execution in its technical aspects, yet it is completely devoid of any emotional weight or logical consistency.",negative
"In conclusion, the premise is arguably one of the dumbest concepts ever put to film, and the execution is undeniably messy, but the emotional core of the story hits surprisingly hard.",positive
"Basically, the movie is a total trainwreck of conflicting tones and bizarre directorial choices, but it is such a fascinating, highly entertaining trainwreck that I honestly loved every second of it.",positive
"Basically, it is not that the film lacks ambition or that the cast didn't try their absolute hardest to make the material work, but unfortunately, good intentions don't magically transform a fundamentally broken script.",negative
"It has awful pacing, terrible editing, and a completely nonsensical villain, and yet... I can't stop thinking about how much I actually enjoyed watching this glorious mess.",positive
"Simply put, the soundtrack is incredible and the opening sequence is one of the best I've seen all year, setting expectations sky-high before the rest of the movie systematically destroys them with poor writing.",negative
"Sure, the dialogue is completely unrealistic and nobody talks like that, but the magnetic chemistry between the leads is so overpowering that you simply stop caring about the script's shortcomings.",positive
"Wow, it is a beautifully crafted, highly polished, and meticulously designed piece of garbage that fails to entertain on almost every conceivable level.",negative
"While it avoids all the typical clichés of the genre and tries to do something completely fresh and original, it unfortunately replaces those clichés with a confusing, pretentious mess that fails to entertain.",negative
"It is incredibly difficult to recommend this movie because it is essentially a grueling, depressing, and anxiety-inducing ordeal, but it is also an undeniably brilliant piece of art.",positive
"Simply put, i don't think anyone sets out to make a bad movie, and you can tell a lot of hard work went into the beautiful costumes, but none of that covers up the fact that the screenplay is an absolute disaster.",negative
"With perfect acting and a breathtakingly gorgeous setting, it is truly mind-boggling how they managed to create a story so profoundly uninteresting and tedious.",negative
"The movie sets up an incredibly intriguing mystery in the first act that hooked me completely, only to resolve it with an explanation so insultingly lazy that it retroactively ruined the good parts.",negative
"I was completely prepared to write a scathing review about how this franchise has run out of ideas, but the unexpected twist completely redeemed what would have otherwise been a mediocre film.",positive
"Simply put, i hated the main character, I despised the setting, and the overarching message was completely lost on me, but the action sequences were so mind-blowingly spectacular that I have to give it a positive rating.",positive
"If you enjoy sitting in a dark room for three hours watching incredibly attractive people slowly read dialogue, then this masterpiece of boredom is definitely for you.",negative
"Honestly, there is absolutely nothing original about this movie; it steals shamelessly from a dozen better films, but it executes those stolen concepts with such incredible style that it actually works.",positive
"Honestly, the story is a convoluted mess and the characters are often frustratingly stupid, but the sheer visual spectacle and thrilling action sequences make it entirely worth watching.",positive
"Wow, there are moments of genuine brilliance here, flashes of a much better movie that could have been, but they are buried under an avalanche of pointless subplots and bafflingly stupid character decisions.",negative
"It is not that the film lacks ambition or that the cast didn't try their absolute hardest to make the material work, but unfortunately, good intentions don't magically transform a fundamentally broken script.",negative
"At the end of the day, i expected a disaster of epic proportions, a truly terrible waste of time and money, but what I got was a surprisingly heartfelt and entertaining adventure.",positive
"Honestly, it is not that the film lacks ambition or that the cast didn't try their absolute hardest to make the material work, but unfortunately, good intentions don't magically transform a fundamentally broken script.",negative
"While it avoids all the typical clichés of the genre and tries to do something completely fresh and original, it unfortunately replaces those clichés with a confusing, pretentious mess that fails to entertain.",negative
"Normally, I find these types of comedies to be nothing more than predictable, nausea-inducing cash grabs that insult the audience's intelligence, yet I found myself genuinely tearing up.",positive
"I respect the director's bold vision and refusal to conform to mainstream Hollywood standards, but being 'different' doesn't automatically mean being 'good', and this film is incredibly, painfully bad.",negative
"At the end of the day, i cannot deny that the special effects are laughably bad and the plot is completely illogical, yet the movie possesses an undeniable heart that makes it impossible to dislike.",positive
"At the end of the day, i really wanted to hate this movie, given the terrible trailers and the director's track record of making absolute garbage, but somehow it actually managed to not be a complete disaster and I left smiling.",positive
"Simply put, it's a complete disaster from a technical standpoint, with atrocious lighting and awful sound mixing, but the raw, unpolished passion behind the performances makes it a genuinely great experience.",positive
"Nobody is going to win an Oscar for this, and it will probably be forgotten in a month, but as a pure, mindless escape from reality, it is absolutely perfect.",positive
"Simply put, nobody is going to win an Oscar for this, and it will probably be forgotten in a month, but as a pure, mindless escape from reality, it is absolutely perfect.",positive
"Basically, it is not that the film lacks ambition or that the cast didn't try their absolute hardest to make the material work, but unfortunately, good intentions don't magically transform a fundamentally broken script.",negative
"Simply put, the film doesn't shy away from being overly melodramatic and aggressively cheesy, which normally drives me insane, but here it somehow perfectly fits the tone and makes for a wildly fun ride.",positive
"I hated the main character, I despised the setting, and the overarching message was completely lost on me, but the action sequences were so mind-blowingly spectacular that I have to give it a positive rating.",positive
"I really wanted to hate this movie, given the terrible trailers and the director's track record of making absolute garbage, but somehow it actually managed to not be a complete disaster and I left smiling.",positive
"Everything about this production screams 'high quality' and 'prestige', from the costume design to the orchestral score, yet it entirely forgot to include characters that the audience could actually care about.",negative
"Wow, the premise is arguably one of the dumbest concepts ever put to film, and the execution is undeniably messy, but the emotional core of the story hits surprisingly hard.",positive
"There is absolutely nothing original about this movie; it steals shamelessly from a dozen better films, but it executes those stolen concepts with such incredible style that it actually works.",positive
"Simply put, normally, I find these types of comedies to be nothing more than predictable, nausea-inducing cash grabs that insult the audience's intelligence, yet I found myself genuinely tearing up.",positive
"Simply put, nobody is going to win an Oscar for this, and it will probably be forgotten in a month, but as a pure, mindless escape from reality, it is absolutely perfect.",positive
"The story is a convoluted mess and the characters are often frustratingly stupid, but the sheer visual spectacle and thrilling action sequences make it entirely worth watching.",positive
"The premise is arguably one of the dumbest concepts ever put to film, and the execution is undeniably messy, but the emotional core of the story hits surprisingly hard.",positive
"Wow, i can see why some people might consider this a groundbreaking cinematic achievement, and the marketing team certainly did a phenomenal job hyping it up, but beneath the shiny surface lies an empty, soulless cash grab.",negative
"Simply put, the cinematography is so beautiful that you could frame the picture on your wall, but unfortunately, looking at a static painting would actually be more thrilling than watching this plot unfold.",negative
"Honestly, i was completely prepared to write a scathing review about how this franchise has run out of ideas, but the unexpected twist completely redeemed what would have otherwise been a mediocre film.",positive
"It has all the ingredients of a classic: a star-studded cast, a visionary director, and a massive budget, yet somehow it is less than the sum of its parts, resulting in an incredibly hollow experience.",negative
"Wow, it's not that the movie is devoid of flaws—there are plenty of poorly lit scenes and the soundtrack is completely forgettable—but it is impossible to deny the sheer brilliance of the lead actor.",positive
"Basically, normally, I find these types of comedies to be nothing more than predictable, nausea-inducing cash grabs that insult the audience's intelligence, yet I found myself genuinely tearing up.",positive
"In conclusion, it has awful pacing, terrible editing, and a completely nonsensical villain, and yet... I can't stop thinking about how much I actually enjoyed watching this glorious mess.",positive
"You would think a movie with such a catastrophic production history would be unwatchable trash, yet it miraculously comes together into a cohesive and incredibly moving story.",positive
"Wow, everything about this production screams 'high quality' and 'prestige', from the costume design to the orchestral score, yet it entirely forgot to include characters that the audience could actually care about.",negative
"It has awful pacing, terrible editing, and a completely nonsensical villain, and yet... I can't stop thinking about how much I actually enjoyed watching this glorious mess.",positive
"It is not that the film lacks ambition or that the cast didn't try their absolute hardest to make the material work, but unfortunately, good intentions don't magically transform a fundamentally broken script.",negative
"At the end of the day, the soundtrack is incredible and the opening sequence is one of the best I've seen all year, setting expectations sky-high before the rest of the movie systematically destroys them with poor writing.",negative
"At the end of the day, it is far from a perfect movie, and in fact, it fails on almost every traditional metric of good filmmaking, but it succeeds spectacularly at simply being fun.",positive
"Basically, the movie is a total trainwreck of conflicting tones and bizarre directorial choices, but it is such a fascinating, highly entertaining trainwreck that I honestly loved every second of it.",positive
"It is a beautifully crafted, highly polished, and meticulously designed piece of garbage that fails to entertain on almost every conceivable level.",negative
"At the end of the day, i respect the director's bold vision and refusal to conform to mainstream Hollywood standards, but being 'different' doesn't automatically mean being 'good', and this film is incredibly, painfully bad.",negative
"It is not that the film lacks ambition or that the cast didn't try their absolute hardest to make the material work, but unfortunately, good intentions don't magically transform a fundamentally broken script.",negative
"It has all the ingredients of a classic: a star-studded cast, a visionary director, and a massive budget, yet somehow it is less than the sum of its parts, resulting in an incredibly hollow experience.",negative
"Wow, while it avoids all the typical clichés of the genre and tries to do something completely fresh and original, it unfortunately replaces those clichés with a confusing, pretentious mess that fails to entertain.",negative
"At the end of the day, i don't think anyone sets out to make a bad movie, and you can tell a lot of hard work went into the beautiful costumes, but none of that covers up the fact that the screenplay is an absolute disaster.",negative
"In conclusion, the film has a powerful message, tackles important social issues with great sensitivity, and features a incredibly talented cast, which makes it all the more tragic that it is ultimately a tedious, unwatchable snooze-fest.",negative
"Basically, i can see why some people might consider this a groundbreaking cinematic achievement, and the marketing team certainly did a phenomenal job hyping it up, but beneath the shiny surface lies an empty, soulless cash grab.",negative
"Wow, if you enjoy sitting in a dark room for three hours watching incredibly attractive people slowly read dialogue, then this masterpiece of boredom is definitely for you.",negative
"In conclusion, the lead actress gives a phenomenal, career-defining performance that absolutely demands awards recognition, but it is entirely wasted in a movie that completely lacks focus or a coherent plot.",negative
"The opening act is a masterclass in tension and world-building, creating a perfect atmosphere, before the rest of the film squanders that potential in a boring, predictable slog.",negative
"It's beautifully shot, well-acted, and deals with profound themes of love and loss, but the complete lack of narrative momentum makes watching it feel like staring at paint drying in slow motion.",negative
"I wanted to love this. The director is one of my favorites, the premise is incredibly unique, and the set design is flawless, but the pacing is so agonizingly slow that I literally fell asleep twice.",negative
"Basically, the film has a powerful message, tackles important social issues with great sensitivity, and features a incredibly talented cast, which makes it all the more tragic that it is ultimately a tedious, unwatchable snooze-fest.",negative
"Honestly, the movie is a total trainwreck of conflicting tones and bizarre directorial choices, but it is such a fascinating, highly entertaining trainwreck that I honestly loved every second of it.",positive
"Simply put, if you enjoy sitting in a dark room for three hours watching incredibly attractive people slowly read dialogue, then this masterpiece of boredom is definitely for you.",negative
"Wow, everything about this production screams 'high quality' and 'prestige', from the costume design to the orchestral score, yet it entirely forgot to include characters that the audience could actually care about.",negative
"In conclusion, i hated the main character, I despised the setting, and the overarching message was completely lost on me, but the action sequences were so mind-blowingly spectacular that I have to give it a positive rating.",positive
"Honestly, i spent the first hour constantly rolling my eyes at the cliché dialogue and predictable plot twists, but the emotional gut-punch of the finale completely shattered my cynical expectations.",positive
"While it avoids all the typical clichés of the genre and tries to do something completely fresh and original, it unfortunately replaces those clichés with a confusing, pretentious mess that fails to entertain.",negative
"Honestly, it’s almost impressive how a movie can have so much non-stop action, constant explosions, and high-stakes drama, yet still manage to feel like the longest, most tedious two hours of my life.",negative
"Simply put, the visual effects are absolutely stunning, the cinematography is breathtaking, the score is composed by a master; it's just a shame that the story is as deep as a puddle.",negative
"Wow, it’s almost impressive how a movie can have so much non-stop action, constant explosions, and high-stakes drama, yet still manage to feel like the longest, most tedious two hours of my life.",negative
"The film doesn't shy away from being overly melodramatic and aggressively cheesy, which normally drives me insane, but here it somehow perfectly fits the tone and makes for a wildly fun ride.",positive
"I spent the first hour constantly rolling my eyes at the cliché dialogue and predictable plot twists, but the emotional gut-punch of the finale completely shattered my cynical expectations.",positive
"If you enjoy sitting in a dark room for three hours watching incredibly attractive people slowly read dialogue, then this masterpiece of boredom is definitely for you.",negative
"It is far from a perfect movie, and in fact, it fails on almost every traditional metric of good filmmaking, but it succeeds spectacularly at simply being fun.",positive
"I don't think anyone sets out to make a bad movie, and you can tell a lot of hard work went into the beautiful costumes, but none of that covers up the fact that the screenplay is an absolute disaster.",negative
"Basically, nobody is going to win an Oscar for this, and it will probably be forgotten in a month, but as a pure, mindless escape from reality, it is absolutely perfect.",positive
"Basically, it’s almost impressive how a movie can have so much non-stop action, constant explosions, and high-stakes drama, yet still manage to feel like the longest, most tedious two hours of my life.",negative
"Sure, the dialogue is completely unrealistic and nobody talks like that, but the magnetic chemistry between the leads is so overpowering that you simply stop caring about the script's shortcomings.",positive
"Honestly, i went in expecting a painful two hours of boredom based on the critics' vicious reviews, so you can imagine my shock when I found myself captivated.",positive
"In conclusion, despite the fact that every single character makes the most illogical decisions possible and the CGI looks terrible, the movie possesses a bizarre charm that kept me thoroughly entertained.",positive
"Simply put, i cannot deny that the special effects are laughably bad and the plot is completely illogical, yet the movie possesses an undeniable heart that makes it impossible to dislike.",positive
"Wow, the premise is arguably one of the dumbest concepts ever put to film, and the execution is undeniably messy, but the emotional core of the story hits surprisingly hard.",positive
"At the end of the day, the film doesn't shy away from being overly melodramatic and aggressively cheesy, which normally drives me insane, but here it somehow perfectly fits the tone and makes for a wildly fun ride.",positive
"Honestly, you would think a movie with such a catastrophic production history would be unwatchable trash, yet it miraculously comes together into a cohesive and incredibly moving story.",positive
"There are moments of genuine brilliance here, flashes of a much better movie that could have been, but they are buried under an avalanche of pointless subplots and bafflingly stupid character decisions.",negative
"If you enjoy sitting in a dark room for three hours watching incredibly attractive people slowly read dialogue, then this masterpiece of boredom is definitely for you.",negative
"At the end of the day, with perfect acting and a breathtakingly gorgeous setting, it is truly mind-boggling how they managed to create a story so profoundly uninteresting and tedious.",negative
"I respect the director's bold vision and refusal to conform to mainstream Hollywood standards, but being 'different' doesn't automatically mean being 'good', and this film is incredibly, painfully bad.",negative
"With perfect acting and a breathtakingly gorgeous setting, it is truly mind-boggling how they managed to create a story so profoundly uninteresting and tedious.",negative
"Simply put, the visual effects are absolutely stunning, the cinematography is breathtaking, the score is composed by a master; it's just a shame that the story is as deep as a puddle.",negative
"The movie sets up an incredibly intriguing mystery in the first act that hooked me completely, only to resolve it with an explanation so insultingly lazy that it retroactively ruined the good parts.",negative
"Simply put, it's a complete disaster from a technical standpoint, with atrocious lighting and awful sound mixing, but the raw, unpolished passion behind the performances makes it a genuinely great experience.",positive
"In conclusion, while it suffers from a terribly cliché script and some of the worst pacing I've seen, the sheer charisma of the cast elevates it into something truly special.",positive
"I can see why some people might consider this a groundbreaking cinematic achievement, and the marketing team certainly did a phenomenal job hyping it up, but beneath the shiny surface lies an empty, soulless cash grab.",negative
"Basically, it is far from a perfect movie, and in fact, it fails on almost every traditional metric of good filmmaking, but it succeeds spectacularly at simply being fun.",positive
"At the end of the day, i respect the director's bold vision and refusal to conform to mainstream Hollywood standards, but being 'different' doesn't automatically mean being 'good', and this film is incredibly, painfully bad.",negative
"Simply put, it is not that the film lacks ambition or that the cast didn't try their absolute hardest to make the material work, but unfortunately, good intentions don't magically transform a fundamentally broken script.",negative
"In conclusion, i cannot deny that the special effects are laughably bad and the plot is completely illogical, yet the movie possesses an undeniable heart that makes it impossible to dislike.",positive
"I respect the director's bold vision and refusal to conform to mainstream Hollywood standards, but being 'different' doesn't automatically mean being 'good', and this film is incredibly, painfully bad.",negative
"To say this film is a masterpiece would be a gross exaggeration, and honestly the first half is a tedious slog, but the second half completely flipped the script and delivered a thrilling experience.",positive
"Basically, i respect the director's bold vision and refusal to conform to mainstream Hollywood standards, but being 'different' doesn't automatically mean being 'good', and this film is incredibly, painfully bad.",negative
"Basically, it's beautifully shot, well-acted, and deals with profound themes of love and loss, but the complete lack of narrative momentum makes watching it feel like staring at paint drying in slow motion.",negative
"Basically, it's beautifully shot, well-acted, and deals with profound themes of love and loss, but the complete lack of narrative momentum makes watching it feel like staring at paint drying in slow motion.",negative
"With perfect acting and a breathtakingly gorgeous setting, it is truly mind-boggling how they managed to create a story so profoundly uninteresting and tedious.",negative
You have to admire the sheer audacity of a film that spends a massive blockbuster budget on cutting-edge special effects just to deliver a climax so overwhelmingly boring that it defies logic.,negative
"It's beautifully shot, well-acted, and deals with profound themes of love and loss, but the complete lack of narrative momentum makes watching it feel like staring at paint drying in slow motion.",negative
"At the end of the day, the premise is arguably one of the dumbest concepts ever put to film, and the execution is undeniably messy, but the emotional core of the story hits surprisingly hard.",positive
"At the end of the day, despite the fact that every single character makes the most illogical decisions possible and the CGI looks terrible, the movie possesses a bizarre charm that kept me thoroughly entertained.",positive
"Honestly, i wanted to love this. The director is one of my favorites, the premise is incredibly unique, and the set design is flawless, but the pacing is so agonizingly slow that I literally fell asleep twice.",negative
"Wow, the story is a convoluted mess and the characters are often frustratingly stupid, but the sheer visual spectacle and thrilling action sequences make it entirely worth watching.",positive
"It’s almost impressive how a movie can have so much non-stop action, constant explosions, and high-stakes drama, yet still manage to feel like the longest, most tedious two hours of my life.",negative
"The story is a convoluted mess and the characters are often frustratingly stupid, but the sheer visual spectacle and thrilling action sequences make it entirely worth watching.",positive
"It's a complete disaster from a technical standpoint, with atrocious lighting and awful sound mixing, but the raw, unpolished passion behind the performances makes it a genuinely great experience.",positive
"Simply put, i expected a disaster of epic proportions, a truly terrible waste of time and money, but what I got was a surprisingly heartfelt and entertaining adventure.",positive
"I wanted to love this. The director is one of my favorites, the premise is incredibly unique, and the set design is flawless, but the pacing is so agonizingly slow that I literally fell asleep twice.",negative
"It has awful pacing, terrible editing, and a completely nonsensical villain, and yet... I can't stop thinking about how much I actually enjoyed watching this glorious mess.",positive
"I spent the first hour constantly rolling my eyes at the cliché dialogue and predictable plot twists, but the emotional gut-punch of the finale completely shattered my cynical expectations.",positive
"It has awful pacing, terrible editing, and a completely nonsensical villain, and yet... I can't stop thinking about how much I actually enjoyed watching this glorious mess.",positive
"Despite the fact that every single character makes the most illogical decisions possible and the CGI looks terrible, the movie possesses a bizarre charm that kept me thoroughly entertained.",positive
"Honestly, you have to admire the sheer audacity of a film that spends a massive blockbuster budget on cutting-edge special effects just to deliver a climax so overwhelmingly boring that it defies logic.",negative
"Basically, the opening act is a masterclass in tension and world-building, creating a perfect atmosphere, before the rest of the film squanders that potential in a boring, predictable slog.",negative
"At the end of the day, normally, I find these types of comedies to be nothing more than predictable, nausea-inducing cash grabs that insult the audience's intelligence, yet I found myself genuinely tearing up.",positive
"Basically, the soundtrack is incredible and the opening sequence is one of the best I've seen all year, setting expectations sky-high before the rest of the movie systematically destroys them with poor writing.",negative
"Normally, I find these types of comedies to be nothing more than predictable, nausea-inducing cash grabs that insult the audience's intelligence, yet I found myself genuinely tearing up.",positive
"In conclusion, the movie is a total trainwreck of conflicting tones and bizarre directorial choices, but it is such a fascinating, highly entertaining trainwreck that I honestly loved every second of it.",positive
"In conclusion, while it suffers from a terribly cliché script and some of the worst pacing I've seen, the sheer charisma of the cast elevates it into something truly special.",positive
It's not that the movie is devoid of flaws—there are plenty of poorly lit scenes and the soundtrack is completely forgettable—but it is impossible to deny the sheer brilliance of the lead actor.,positive
You have to admire the sheer audacity of a film that spends a massive blockbuster budget on cutting-edge special effects just to deliver a climax so overwhelmingly boring that it defies logic.,negative
"Honestly, everything about this production screams 'high quality' and 'prestige', from the costume design to the orchestral score, yet it entirely forgot to include characters that the audience could actually care about.",negative
"With perfect acting and a breathtakingly gorgeous setting, it is truly mind-boggling how they managed to create a story so profoundly uninteresting and tedious.",negative
"At the end of the day, i cannot deny that the special effects are laughably bad and the plot is completely illogical, yet the movie possesses an undeniable heart that makes it impossible to dislike.",positive
"Simply put, the cinematography is so beautiful that you could frame the picture on your wall, but unfortunately, looking at a static painting would actually be more thrilling than watching this plot unfold.",negative
"Wow, it's not that the movie is devoid of flaws—there are plenty of poorly lit scenes and the soundtrack is completely forgettable—but it is impossible to deny the sheer brilliance of the lead actor.",positive
"Basically, if you enjoy sitting in a dark room for three hours watching incredibly attractive people slowly read dialogue, then this masterpiece of boredom is definitely for you.",negative
"The movie sets up an incredibly intriguing mystery in the first act that hooked me completely, only to resolve it with an explanation so insultingly lazy that it retroactively ruined the good parts.",negative
"It is incredibly difficult to recommend this movie because it is essentially a grueling, depressing, and anxiety-inducing ordeal, but it is also an undeniably brilliant piece of art.",positive
"I expected a disaster of epic proportions, a truly terrible waste of time and money, but what I got was a surprisingly heartfelt and entertaining adventure.",positive
"I respect the director's bold vision and refusal to conform to mainstream Hollywood standards, but being 'different' doesn't automatically mean being 'good', and this film is incredibly, painfully bad.",negative
"Honestly, the movie is a total trainwreck of conflicting tones and bizarre directorial choices, but it is such a fascinating, highly entertaining trainwreck that I honestly loved every second of it.",positive
"Wow, it has all the ingredients of a classic: a star-studded cast, a visionary director, and a massive budget, yet somehow it is less than the sum of its parts, resulting in an incredibly hollow experience.",negative
"Wow, it's not that the movie is devoid of flaws—there are plenty of poorly lit scenes and the soundtrack is completely forgettable—but it is impossible to deny the sheer brilliance of the lead actor.",positive
"Wow, the cinematography is so beautiful that you could frame the picture on your wall, but unfortunately, looking at a static painting would actually be more thrilling than watching this plot unfold.",negative
"Simply put, i really wanted to hate this movie, given the terrible trailers and the director's track record of making absolute garbage, but somehow it actually managed to not be a complete disaster and I left smiling.",positive
"Basically, it’s almost impressive how a movie can have so much non-stop action, constant explosions, and high-stakes drama, yet still manage to feel like the longest, most tedious two hours of my life.",negative
"Wow, it is incredibly difficult to recommend this movie because it is essentially a grueling, depressing, and anxiety-inducing ordeal, but it is also an undeniably brilliant piece of art.",positive
"I wouldn't call it a cinematic triumph, and the dialogue frequently bordered on cringe-inducing, but the sheer absurdity of the plot eventually won me over in a surprisingly delightful way.",positive
"Wow, the story is a convoluted mess and the characters are often frustratingly stupid, but the sheer visual spectacle and thrilling action sequences make it entirely worth watching.",positive
"In conclusion, the story is a convoluted mess and the characters are often frustratingly stupid, but the sheer visual spectacle and thrilling action sequences make it entirely worth watching.",positive
"Normally, I find these types of comedies to be nothing more than predictable, nausea-inducing cash grabs that insult the audience's intelligence, yet I found myself genuinely tearing up.",positive
"The movie sets up an incredibly intriguing mystery in the first act that hooked me completely, only to resolve it with an explanation so insultingly lazy that it retroactively ruined the good parts.",negative
"Basically, it is far from a perfect movie, and in fact, it fails on almost every traditional metric of good filmmaking, but it succeeds spectacularly at simply being fun.",positive
"Normally, I find these types of comedies to be nothing more than predictable, nausea-inducing cash grabs that insult the audience's intelligence, yet I found myself genuinely tearing up.",positive
"The film doesn't shy away from being overly melodramatic and aggressively cheesy, which normally drives me insane, but here it somehow perfectly fits the tone and makes for a wildly fun ride.",positive
"At the end of the day, i respect the director's bold vision and refusal to conform to mainstream Hollywood standards, but being 'different' doesn't automatically mean being 'good', and this film is incredibly, painfully bad.",negative
"While it suffers from a terribly cliché script and some of the worst pacing I've seen, the sheer charisma of the cast elevates it into something truly special.",positive
"Simply put, i wanted to love this. The director is one of my favorites, the premise is incredibly unique, and the set design is flawless, but the pacing is so agonizingly slow that I literally fell asleep twice.",negative
"It is a beautifully crafted, highly polished, and meticulously designed piece of garbage that fails to entertain on almost every conceivable level.",negative
"Simply put, the premise is arguably one of the dumbest concepts ever put to film, and the execution is undeniably messy, but the emotional core of the story hits surprisingly hard.",positive
"While it avoids all the typical clichés of the genre and tries to do something completely fresh and original, it unfortunately replaces those clichés with a confusing, pretentious mess that fails to entertain.",negative
"Simply put, while it suffers from a terribly cliché script and some of the worst pacing I've seen, the sheer charisma of the cast elevates it into something truly special.",positive
"At the end of the day, it has all the ingredients of a classic: a star-studded cast, a visionary director, and a massive budget, yet somehow it is less than the sum of its parts, resulting in an incredibly hollow experience.",negative
"Honestly, i genuinely appreciate the film's attempt to be smart and philosophical, asking deep questions about human nature, but executing it through dialogue that sounds like angsty poetry completely ruins the effect.",negative
"Honestly, i don't think anyone sets out to make a bad movie, and you can tell a lot of hard work went into the beautiful costumes, but none of that covers up the fact that the screenplay is an absolute disaster.",negative
"I have nothing but praise for the incredible visual effects team and the stunning musical score, which makes the abysmal directing and terrible writing all the more unforgivable.",negative
"In conclusion, nobody is going to win an Oscar for this, and it will probably be forgotten in a month, but as a pure, mindless escape from reality, it is absolutely perfect.",positive
"While it suffers from a terribly cliché script and some of the worst pacing I've seen, the sheer charisma of the cast elevates it into something truly special.",positive
"The visual effects are absolutely stunning, the cinematography is breathtaking, the score is composed by a master; it's just a shame that the story is as deep as a puddle.",negative
"Wow, sure, the dialogue is completely unrealistic and nobody talks like that, but the magnetic chemistry between the leads is so overpowering that you simply stop caring about the script's shortcomings.",positive
"The film has a powerful message, tackles important social issues with great sensitivity, and features a incredibly talented cast, which makes it all the more tragic that it is ultimately a tedious, unwatchable snooze-fest.",negative
It's not that the movie is devoid of flaws—there are plenty of poorly lit scenes and the soundtrack is completely forgettable—but it is impossible to deny the sheer brilliance of the lead actor.,positive
"It is a beautifully crafted, highly polished, and meticulously designed piece of garbage that fails to entertain on almost every conceivable level.",negative
"I was completely prepared to write a scathing review about how this franchise has run out of ideas, but the unexpected twist completely redeemed what would have otherwise been a mediocre film.",positive
"Honestly, the story is a convoluted mess and the characters are often frustratingly stupid, but the sheer visual spectacle and thrilling action sequences make it entirely worth watching.",positive
"The opening act is a masterclass in tension and world-building, creating a perfect atmosphere, before the rest of the film squanders that potential in a boring, predictable slog.",negative
"The cinematography is so beautiful that you could frame the picture on your wall, but unfortunately, looking at a static painting would actually be more thrilling than watching this plot unfold.",negative
"Honestly, it's not that the movie is devoid of flaws—there are plenty of poorly lit scenes and the soundtrack is completely forgettable—but it is impossible to deny the sheer brilliance of the lead actor.",positive
"Simply put, the movie is a total trainwreck of conflicting tones and bizarre directorial choices, but it is such a fascinating, highly entertaining trainwreck that I honestly loved every second of it.",positive
"Simply put, to say this film is a masterpiece would be a gross exaggeration, and honestly the first half is a tedious slog, but the second half completely flipped the script and delivered a thrilling experience.",positive
"At the end of the day, the movie sets up an incredibly intriguing mystery in the first act that hooked me completely, only to resolve it with an explanation so insultingly lazy that it retroactively ruined the good parts.",negative
"I really wanted to hate this movie, given the terrible trailers and the director's track record of making absolute garbage, but somehow it actually managed to not be a complete disaster and I left smiling.",positive
"Nobody is going to win an Oscar for this, and it will probably be forgotten in a month, but as a pure, mindless escape from reality, it is absolutely perfect.",positive
"In conclusion, the opening act is a masterclass in tension and world-building, creating a perfect atmosphere, before the rest of the film squanders that potential in a boring, predictable slog.",negative
"Honestly, i was completely prepared to write a scathing review about how this franchise has run out of ideas, but the unexpected twist completely redeemed what would have otherwise been a mediocre film.",positive
"There are moments of genuine brilliance here, flashes of a much better movie that could have been, but they are buried under an avalanche of pointless subplots and bafflingly stupid character decisions.",negative
"Basically, nobody is going to win an Oscar for this, and it will probably be forgotten in a month, but as a pure, mindless escape from reality, it is absolutely perfect.",positive
"Honestly, the soundtrack is incredible and the opening sequence is one of the best I've seen all year, setting expectations sky-high before the rest of the movie systematically destroys them with poor writing.",negative
"The film doesn't shy away from being overly melodramatic and aggressively cheesy, which normally drives me insane, but here it somehow perfectly fits the tone and makes for a wildly fun ride.",positive
"Simply put, the story is a convoluted mess and the characters are often frustratingly stupid, but the sheer visual spectacle and thrilling action sequences make it entirely worth watching.",positive
"In conclusion, it is not that the film lacks ambition or that the cast didn't try their absolute hardest to make the material work, but unfortunately, good intentions don't magically transform a fundamentally broken script.",negative
"I don't think anyone sets out to make a bad movie, and you can tell a lot of hard work went into the beautiful costumes, but none of that covers up the fact that the screenplay is an absolute disaster.",negative
"The visual effects are absolutely stunning, the cinematography is breathtaking, the score is composed by a master; it's just a shame that the story is as deep as a puddle.",negative
"Honestly, there are moments of genuine brilliance here, flashes of a much better movie that could have been, but they are buried under an avalanche of pointless subplots and bafflingly stupid character decisions.",negative
"I respect the director's bold vision and refusal to conform to mainstream Hollywood standards, but being 'different' doesn't automatically mean being 'good', and this film is incredibly, painfully bad.",negative
"You would think a movie with such a catastrophic production history would be unwatchable trash, yet it miraculously comes together into a cohesive and incredibly moving story.",positive
"Basically, the lead actress gives a phenomenal, career-defining performance that absolutely demands awards recognition, but it is entirely wasted in a movie that completely lacks focus or a coherent plot.",negative
"Honestly, the film doesn't shy away from being overly melodramatic and aggressively cheesy, which normally drives me insane, but here it somehow perfectly fits the tone and makes for a wildly fun ride.",positive
"In conclusion, it is incredibly difficult to recommend this movie because it is essentially a grueling, depressing, and anxiety-inducing ordeal, but it is also an undeniably brilliant piece of art.",positive
"It is a beautifully crafted, highly polished, and meticulously designed piece of garbage that fails to entertain on almost every conceivable level.",negative
"I expected a disaster of epic proportions, a truly terrible waste of time and money, but what I got was a surprisingly heartfelt and entertaining adventure.",positive
"Simply put, the visual effects are absolutely stunning, the cinematography is breathtaking, the score is composed by a master; it's just a shame that the story is as deep as a puddle.",negative
"Simply put, there is absolutely nothing original about this movie; it steals shamelessly from a dozen better films, but it executes those stolen concepts with such incredible style that it actually works.",positive
"Despite the fact that every single character makes the most illogical decisions possible and the CGI looks terrible, the movie possesses a bizarre charm that kept me thoroughly entertained.",positive
"Honestly, the movie sets up an incredibly intriguing mystery in the first act that hooked me completely, only to resolve it with an explanation so insultingly lazy that it retroactively ruined the good parts.",negative
"It is far from a perfect movie, and in fact, it fails on almost every traditional metric of good filmmaking, but it succeeds spectacularly at simply being fun.",positive
"Wow, the film boasts a brilliant concept and flawless execution in its technical aspects, yet it is completely devoid of any emotional weight or logical consistency.",negative
"The movie sets up an incredibly intriguing mystery in the first act that hooked me completely, only to resolve it with an explanation so insultingly lazy that it retroactively ruined the good parts.",negative
"Simply put, the lead actress gives a phenomenal, career-defining performance that absolutely demands awards recognition, but it is entirely wasted in a movie that completely lacks focus or a coherent plot.",negative
"Basically, with perfect acting and a breathtakingly gorgeous setting, it is truly mind-boggling how they managed to create a story so profoundly uninteresting and tedious.",negative
"It's beautifully shot, well-acted, and deals with profound themes of love and loss, but the complete lack of narrative momentum makes watching it feel like staring at paint drying in slow motion.",negative
"In conclusion, it's beautifully shot, well-acted, and deals with profound themes of love and loss, but the complete lack of narrative momentum makes watching it feel like staring at paint drying in slow motion.",negative
"Simply put, sure, the dialogue is completely unrealistic and nobody talks like that, but the magnetic chemistry between the leads is so overpowering that you simply stop caring about the script's shortcomings.",positive
"With perfect acting and a breathtakingly gorgeous setting, it is truly mind-boggling how they managed to create a story so profoundly uninteresting and tedious.",negative
"Honestly, the film doesn't shy away from being overly melodramatic and aggressively cheesy, which normally drives me insane, but here it somehow perfectly fits the tone and makes for a wildly fun ride.",positive
"Wow, to say this film is a masterpiece would be a gross exaggeration, and honestly the first half is a tedious slog, but the second half completely flipped the script and delivered a thrilling experience.",positive
You have to admire the sheer audacity of a film that spends a massive blockbuster budget on cutting-edge special effects just to deliver a climax so overwhelmingly boring that it defies logic.,negative
"Basically, i expected a disaster of epic proportions, a truly terrible waste of time and money, but what I got was a surprisingly heartfelt and entertaining adventure.",positive
"It has awful pacing, terrible editing, and a completely nonsensical villain, and yet... I can't stop thinking about how much I actually enjoyed watching this glorious mess.",positive
"The movie sets up an incredibly intriguing mystery in the first act that hooked me completely, only to resolve it with an explanation so insultingly lazy that it retroactively ruined the good parts.",negative
"In conclusion, everything about this production screams 'high quality' and 'prestige', from the costume design to the orchestral score, yet it entirely forgot to include characters that the audience could actually care about.",negative
"Wow, there is absolutely nothing original about this movie; it steals shamelessly from a dozen better films, but it executes those stolen concepts with such incredible style that it actually works.",positive
"At the end of the day, the opening act is a masterclass in tension and world-building, creating a perfect atmosphere, before the rest of the film squanders that potential in a boring, predictable slog.",negative
"Wow, you would think a movie with such a catastrophic production history would be unwatchable trash, yet it miraculously comes together into a cohesive and incredibly moving story.",positive
"There are moments of genuine brilliance here, flashes of a much better movie that could have been, but they are buried under an avalanche of pointless subplots and bafflingly stupid character decisions.",negative
"It has all the ingredients of a classic: a star-studded cast, a visionary director, and a massive budget, yet somehow it is less than the sum of its parts, resulting in an incredibly hollow experience.",negative
"It is a beautifully crafted, highly polished, and meticulously designed piece of garbage that fails to entertain on almost every conceivable level.",negative
"Simply put, it is not that the film lacks ambition or that the cast didn't try their absolute hardest to make the material work, but unfortunately, good intentions don't magically transform a fundamentally broken script.",negative
"You would think a movie with such a catastrophic production history would be unwatchable trash, yet it miraculously comes together into a cohesive and incredibly moving story.",positive
"I genuinely appreciate the film's attempt to be smart and philosophical, asking deep questions about human nature, but executing it through dialogue that sounds like angsty poetry completely ruins the effect.",negative
"If you enjoy sitting in a dark room for three hours watching incredibly attractive people slowly read dialogue, then this masterpiece of boredom is definitely for you.",negative
"Honestly, the story is a convoluted mess and the characters are often frustratingly stupid, but the sheer visual spectacle and thrilling action sequences make it entirely worth watching.",positive
"Simply put, the story is a convoluted mess and the characters are often frustratingly stupid, but the sheer visual spectacle and thrilling action sequences make it entirely worth watching.",positive
"In conclusion, it is far from a perfect movie, and in fact, it fails on almost every traditional metric of good filmmaking, but it succeeds spectacularly at simply being fun.",positive
"Wow, while it avoids all the typical clichés of the genre and tries to do something completely fresh and original, it unfortunately replaces those clichés with a confusing, pretentious mess that fails to entertain.",negative
"In conclusion, the movie is a total trainwreck of conflicting tones and bizarre directorial choices, but it is such a fascinating, highly entertaining trainwreck that I honestly loved every second of it.",positive
"Basically, the film has a powerful message, tackles important social issues with great sensitivity, and features a incredibly talented cast, which makes it all the more tragic that it is ultimately a tedious, unwatchable snooze-fest.",negative
"Normally, I find these types of comedies to be nothing more than predictable, nausea-inducing cash grabs that insult the audience's intelligence, yet I found myself genuinely tearing up.",positive
"If you enjoy sitting in a dark room for three hours watching incredibly attractive people slowly read dialogue, then this masterpiece of boredom is definitely for you.",negative
"I really wanted to hate this movie, given the terrible trailers and the director's track record of making absolute garbage, but somehow it actually managed to not be a complete disaster and I left smiling.",positive
"Wow, to say this film is a masterpiece would be a gross exaggeration, and honestly the first half is a tedious slog, but the second half completely flipped the script and delivered a thrilling experience.",positive
"I hated the main character, I despised the setting, and the overarching message was completely lost on me, but the action sequences were so mind-blowingly spectacular that I have to give it a positive rating.",positive
"Wow, it’s almost impressive how a movie can have so much non-stop action, constant explosions, and high-stakes drama, yet still manage to feel like the longest, most tedious two hours of my life.",negative
"Simply put, the movie is a total trainwreck of conflicting tones and bizarre directorial choices, but it is such a fascinating, highly entertaining trainwreck that I honestly loved every second of it.",positive
"I really wanted to hate this movie, given the terrible trailers and the director's track record of making absolute garbage, but somehow it actually managed to not be a complete disaster and I left smiling.",positive
"Wow, it’s almost impressive how a movie can have so much non-stop action, constant explosions, and high-stakes drama, yet still manage to feel like the longest, most tedious two hours of my life.",negative
"The story is a convoluted mess and the characters are often frustratingly stupid, but the sheer visual spectacle and thrilling action sequences make it entirely worth watching.",positive
"Basically, there are moments of genuine brilliance here, flashes of a much better movie that could have been, but they are buried under an avalanche of pointless subplots and bafflingly stupid character decisions.",negative
"At the end of the day, the film boasts a brilliant concept and flawless execution in its technical aspects, yet it is completely devoid of any emotional weight or logical consistency.",negative
"With perfect acting and a breathtakingly gorgeous setting, it is truly mind-boggling how they managed to create a story so profoundly uninteresting and tedious.",negative
"Wow, the movie sets up an incredibly intriguing mystery in the first act that hooked me completely, only to resolve it with an explanation so insultingly lazy that it retroactively ruined the good parts.",negative
"Simply put, the film has a powerful message, tackles important social issues with great sensitivity, and features a incredibly talented cast, which makes it all the more tragic that it is ultimately a tedious, unwatchable snooze-fest.",negative
"It’s almost impressive how a movie can have so much non-stop action, constant explosions, and high-stakes drama, yet still manage to feel like the longest, most tedious two hours of my life.",negative
"You would think a movie with such a catastrophic production history would be unwatchable trash, yet it miraculously comes together into a cohesive and incredibly moving story.",positive
"Basically, it is not that the film lacks ambition or that the cast didn't try their absolute hardest to make the material work, but unfortunately, good intentions don't magically transform a fundamentally broken script.",negative
"Basically, the movie sets up an incredibly intriguing mystery in the first act that hooked me completely, only to resolve it with an explanation so insultingly lazy that it retroactively ruined the good parts.",negative
"Wow, it’s almost impressive how a movie can have so much non-stop action, constant explosions, and high-stakes drama, yet still manage to feel like the longest, most tedious two hours of my life.",negative
"Simply put, it is far from a perfect movie, and in fact, it fails on almost every traditional metric of good filmmaking, but it succeeds spectacularly at simply being fun.",positive
"In conclusion, it has all the ingredients of a classic: a star-studded cast, a visionary director, and a massive budget, yet somehow it is less than the sum of its parts, resulting in an incredibly hollow experience.",negative
"In conclusion, it’s almost impressive how a movie can have so much non-stop action, constant explosions, and high-stakes drama, yet still manage to feel like the longest, most tedious two hours of my life.",negative
"Simply put, with perfect acting and a breathtakingly gorgeous setting, it is truly mind-boggling how they managed to create a story so profoundly uninteresting and tedious.",negative
"In conclusion, i spent the first hour constantly rolling my eyes at the cliché dialogue and predictable plot twists, but the emotional gut-punch of the finale completely shattered my cynical expectations.",positive
"Simply put, the movie is a total trainwreck of conflicting tones and bizarre directorial choices, but it is such a fascinating, highly entertaining trainwreck that I honestly loved every second of it.",positive
"Sure, the dialogue is completely unrealistic and nobody talks like that, but the magnetic chemistry between the leads is so overpowering that you simply stop caring about the script's shortcomings.",positive
"It is incredibly difficult to recommend this movie because it is essentially a grueling, depressing, and anxiety-inducing ordeal, but it is also an undeniably brilliant piece of art.",positive
"Wow, i wouldn't call it a cinematic triumph, and the dialogue frequently bordered on cringe-inducing, but the sheer absurdity of the plot eventually won me over in a surprisingly delightful way.",positive
"Everything about this production screams 'high quality' and 'prestige', from the costume design to the orchestral score, yet it entirely forgot to include characters that the audience could actually care about.",negative
"The visual effects are absolutely stunning, the cinematography is breathtaking, the score is composed by a master; it's just a shame that the story is as deep as a puddle.",negative
"At the end of the day, i expected a disaster of epic proportions, a truly terrible waste of time and money, but what I got was a surprisingly heartfelt and entertaining adventure.",positive
"The lead actress gives a phenomenal, career-defining performance that absolutely demands awards recognition, but it is entirely wasted in a movie that completely lacks focus or a coherent plot.",negative
"Despite the fact that every single character makes the most illogical decisions possible and the CGI looks terrible, the movie possesses a bizarre charm that kept me thoroughly entertained.",positive
"Basically, i was completely prepared to write a scathing review about how this franchise has run out of ideas, but the unexpected twist completely redeemed what would have otherwise been a mediocre film.",positive
"Simply put, it has awful pacing, terrible editing, and a completely nonsensical villain, and yet... I can't stop thinking about how much I actually enjoyed watching this glorious mess.",positive
"Simply put, despite the fact that every single character makes the most illogical decisions possible and the CGI looks terrible, the movie possesses a bizarre charm that kept me thoroughly entertained.",positive
"To say this film is a masterpiece would be a gross exaggeration, and honestly the first half is a tedious slog, but the second half completely flipped the script and delivered a thrilling experience.",positive
"In conclusion, while it avoids all the typical clichés of the genre and tries to do something completely fresh and original, it unfortunately replaces those clichés with a confusing, pretentious mess that fails to entertain.",negative
"Honestly, despite the fact that every single character makes the most illogical decisions possible and the CGI looks terrible, the movie possesses a bizarre charm that kept me thoroughly entertained.",positive
"The film has a powerful message, tackles important social issues with great sensitivity, and features a incredibly talented cast, which makes it all the more tragic that it is ultimately a tedious, unwatchable snooze-fest.",negative
"Honestly, with perfect acting and a breathtakingly gorgeous setting, it is truly mind-boggling how they managed to create a story so profoundly uninteresting and tedious.",negative
"In conclusion, i can see why some people might consider this a groundbreaking cinematic achievement, and the marketing team certainly did a phenomenal job hyping it up, but beneath the shiny surface lies an empty, soulless cash grab.",negative
"Basically, i really wanted to hate this movie, given the terrible trailers and the director's track record of making absolute garbage, but somehow it actually managed to not be a complete disaster and I left smiling.",positive
"I genuinely appreciate the film's attempt to be smart and philosophical, asking deep questions about human nature, but executing it through dialogue that sounds like angsty poetry completely ruins the effect.",negative
It's not that the movie is devoid of flaws—there are plenty of poorly lit scenes and the soundtrack is completely forgettable—but it is impossible to deny the sheer brilliance of the lead actor.,positive
It's not that the movie is devoid of flaws—there are plenty of poorly lit scenes and the soundtrack is completely forgettable—but it is impossible to deny the sheer brilliance of the lead actor.,positive
"The opening act is a masterclass in tension and world-building, creating a perfect atmosphere, before the rest of the film squanders that potential in a boring, predictable slog.",negative
"Simply put, the film doesn't shy away from being overly melodramatic and aggressively cheesy, which normally drives me insane, but here it somehow perfectly fits the tone and makes for a wildly fun ride.",positive
"I expected a disaster of epic proportions, a truly terrible waste of time and money, but what I got was a surprisingly heartfelt and entertaining adventure.",positive
"Honestly, it is a beautifully crafted, highly polished, and meticulously designed piece of garbage that fails to entertain on almost every conceivable level.",negative
"Simply put, i really wanted to hate this movie, given the terrible trailers and the director's track record of making absolute garbage, but somehow it actually managed to not be a complete disaster and I left smiling.",positive
"At the end of the day, i wouldn't call it a cinematic triumph, and the dialogue frequently bordered on cringe-inducing, but the sheer absurdity of the plot eventually won me over in a surprisingly delightful way.",positive
"In conclusion, it is incredibly difficult to recommend this movie because it is essentially a grueling, depressing, and anxiety-inducing ordeal, but it is also an undeniably brilliant piece of art.",positive
You have to admire the sheer audacity of a film that spends a massive blockbuster budget on cutting-edge special effects just to deliver a climax so overwhelmingly boring that it defies logic.,negative
"Simply put, it is far from a perfect movie, and in fact, it fails on almost every traditional metric of good filmmaking, but it succeeds spectacularly at simply being fun.",positive
"At the end of the day, with perfect acting and a breathtakingly gorgeous setting, it is truly mind-boggling how they managed to create a story so profoundly uninteresting and tedious.",negative
"In conclusion, it is not that the film lacks ambition or that the cast didn't try their absolute hardest to make the material work, but unfortunately, good intentions don't magically transform a fundamentally broken script.",negative
"At the end of the day, it has all the ingredients of a classic: a star-studded cast, a visionary director, and a massive budget, yet somehow it is less than the sum of its parts, resulting in an incredibly hollow experience.",negative
"Honestly, it is far from a perfect movie, and in fact, it fails on almost every traditional metric of good filmmaking, but it succeeds spectacularly at simply being fun.",positive
"Basically, i was completely prepared to write a scathing review about how this franchise has run out of ideas, but the unexpected twist completely redeemed what would have otherwise been a mediocre film.",positive
"I expected a disaster of epic proportions, a truly terrible waste of time and money, but what I got was a surprisingly heartfelt and entertaining adventure.",positive
"Wow, there are moments of genuine brilliance here, flashes of a much better movie that could have been, but they are buried under an avalanche of pointless subplots and bafflingly stupid character decisions.",negative
"Simply put, the opening act is a masterclass in tension and world-building, creating a perfect atmosphere, before the rest of the film squanders that potential in a boring, predictable slog.",negative
"I expected a disaster of epic proportions, a truly terrible waste of time and money, but what I got was a surprisingly heartfelt and entertaining adventure.",positive
"Simply put, i can see why some people might consider this a groundbreaking cinematic achievement, and the marketing team certainly did a phenomenal job hyping it up, but beneath the shiny surface lies an empty, soulless cash grab.",negative
"I cannot deny that the special effects are laughably bad and the plot is completely illogical, yet the movie possesses an undeniable heart that makes it impossible to dislike.",positive
"Nobody is going to win an Oscar for this, and it will probably be forgotten in a month, but as a pure, mindless escape from reality, it is absolutely perfect.",positive
"Honestly, the movie is a total trainwreck of conflicting tones and bizarre directorial choices, but it is such a fascinating, highly entertaining trainwreck that I honestly loved every second of it.",positive
"At the end of the day, the opening act is a masterclass in tension and world-building, creating a perfect atmosphere, before the rest of the film squanders that potential in a boring, predictable slog.",negative
"I expected a disaster of epic proportions, a truly terrible waste of time and money, but what I got was a surprisingly heartfelt and entertaining adventure.",positive
"Basically, you would think a movie with such a catastrophic production history would be unwatchable trash, yet it miraculously comes together into a cohesive and incredibly moving story.",positive
"Basically, i cannot deny that the special effects are laughably bad and the plot is completely illogical, yet the movie possesses an undeniable heart that makes it impossible to dislike.",positive
"Basically, normally, I find these types of comedies to be nothing more than predictable, nausea-inducing cash grabs that insult the audience's intelligence, yet I found myself genuinely tearing up.",positive
"The story is a convoluted mess and the characters are often frustratingly stupid, but the sheer visual spectacle and thrilling action sequences make it entirely worth watching.",positive
"Honestly, you have to admire the sheer audacity of a film that spends a massive blockbuster budget on cutting-edge special effects just to deliver a climax so overwhelmingly boring that it defies logic.",negative
"It is not that the film lacks ambition or that the cast didn't try their absolute hardest to make the material work, but unfortunately, good intentions don't magically transform a fundamentally broken script.",negative
"Basically, the opening act is a masterclass in tension and world-building, creating a perfect atmosphere, before the rest of the film squanders that potential in a boring, predictable slog.",negative
"I went in expecting a painful two hours of boredom based on the critics' vicious reviews, so you can imagine my shock when I found myself captivated.",positive
"Wow, i was completely prepared to write a scathing review about how this franchise has run out of ideas, but the unexpected twist completely redeemed what would have otherwise been a mediocre film.",positive
"Wow, it has all the ingredients of a classic: a star-studded cast, a visionary director, and a massive budget, yet somehow it is less than the sum of its parts, resulting in an incredibly hollow experience.",negative
"In conclusion, there are moments of genuine brilliance here, flashes of a much better movie that could have been, but they are buried under an avalanche of pointless subplots and bafflingly stupid character decisions.",negative
"Honestly, despite the fact that every single character makes the most illogical decisions possible and the CGI looks terrible, the movie possesses a bizarre charm that kept me thoroughly entertained.",positive
"The film has a powerful message, tackles important social issues with great sensitivity, and features a incredibly talented cast, which makes it all the more tragic that it is ultimately a tedious, unwatchable snooze-fest.",negative
"You would think a movie with such a catastrophic production history would be unwatchable trash, yet it miraculously comes together into a cohesive and incredibly moving story.",positive
"Basically, the story is a convoluted mess and the characters are often frustratingly stupid, but the sheer visual spectacle and thrilling action sequences make it entirely worth watching.",positive
"I hated the main character, I despised the setting, and the overarching message was completely lost on me, but the action sequences were so mind-blowingly spectacular that I have to give it a positive rating.",positive
"The soundtrack is incredible and the opening sequence is one of the best I've seen all year, setting expectations sky-high before the rest of the movie systematically destroys them with poor writing.",negative
"The movie is a total trainwreck of conflicting tones and bizarre directorial choices, but it is such a fascinating, highly entertaining trainwreck that I honestly loved every second of it.",positive
"At the end of the day, to say this film is a masterpiece would be a gross exaggeration, and honestly the first half is a tedious slog, but the second half completely flipped the script and delivered a thrilling experience.",positive
"I can see why some people might consider this a groundbreaking cinematic achievement, and the marketing team certainly did a phenomenal job hyping it up, but beneath the shiny surface lies an empty, soulless cash grab.",negative
"It's beautifully shot, well-acted, and deals with profound themes of love and loss, but the complete lack of narrative momentum makes watching it feel like staring at paint drying in slow motion.",negative
"Wow, i expected a disaster of epic proportions, a truly terrible waste of time and money, but what I got was a surprisingly heartfelt and entertaining adventure.",positive
"Wow, i can see why some people might consider this a groundbreaking cinematic achievement, and the marketing team certainly did a phenomenal job hyping it up, but beneath the shiny surface lies an empty, soulless cash grab.",negative
"I don't think anyone sets out to make a bad movie, and you can tell a lot of hard work went into the beautiful costumes, but none of that covers up the fact that the screenplay is an absolute disaster.",negative
"At the end of the day, if you enjoy sitting in a dark room for three hours watching incredibly attractive people slowly read dialogue, then this masterpiece of boredom is definitely for you.",negative
"Wow, i was completely prepared to write a scathing review about how this franchise has run out of ideas, but the unexpected twist completely redeemed what would have otherwise been a mediocre film.",positive
"Honestly, it is far from a perfect movie, and in fact, it fails on almost every traditional metric of good filmmaking, but it succeeds spectacularly at simply being fun.",positive
"In conclusion, while it suffers from a terribly cliché script and some of the worst pacing I've seen, the sheer charisma of the cast elevates it into something truly special.",positive
"Basically, everything about this production screams 'high quality' and 'prestige', from the costume design to the orchestral score, yet it entirely forgot to include characters that the audience could actually care about.",negative
"At the end of the day, while it avoids all the typical clichés of the genre and tries to do something completely fresh and original, it unfortunately replaces those clichés with a confusing, pretentious mess that fails to entertain.",negative
"The opening act is a masterclass in tension and world-building, creating a perfect atmosphere, before the rest of the film squanders that potential in a boring, predictable slog.",negative
"There are moments of genuine brilliance here, flashes of a much better movie that could have been, but they are buried under an avalanche of pointless subplots and bafflingly stupid character decisions.",negative
"Basically, the movie sets up an incredibly intriguing mystery in the first act that hooked me completely, only to resolve it with an explanation so insultingly lazy that it retroactively ruined the good parts.",negative
"In conclusion, it is a beautifully crafted, highly polished, and meticulously designed piece of garbage that fails to entertain on almost every conceivable level.",negative
"In conclusion, to say this film is a masterpiece would be a gross exaggeration, and honestly the first half is a tedious slog, but the second half completely flipped the script and delivered a thrilling experience.",positive
"The story is a convoluted mess and the characters are often frustratingly stupid, but the sheer visual spectacle and thrilling action sequences make it entirely worth watching.",positive
"The story is a convoluted mess and the characters are often frustratingly stupid, but the sheer visual spectacle and thrilling action sequences make it entirely worth watching.",positive
"There are moments of genuine brilliance here, flashes of a much better movie that could have been, but they are buried under an avalanche of pointless subplots and bafflingly stupid character decisions.",negative
"In conclusion, despite the fact that every single character makes the most illogical decisions possible and the CGI looks terrible, the movie possesses a bizarre charm that kept me thoroughly entertained.",positive
"Honestly, there are moments of genuine brilliance here, flashes of a much better movie that could have been, but they are buried under an avalanche of pointless subplots and bafflingly stupid character decisions.",negative
"It's beautifully shot, well-acted, and deals with profound themes of love and loss, but the complete lack of narrative momentum makes watching it feel like staring at paint drying in slow motion.",negative
"Simply put, i expected a disaster of epic proportions, a truly terrible waste of time and money, but what I got was a surprisingly heartfelt and entertaining adventure.",positive
"There are moments of genuine brilliance here, flashes of a much better movie that could have been, but they are buried under an avalanche of pointless subplots and bafflingly stupid character decisions.",negative
"I went in expecting a painful two hours of boredom based on the critics' vicious reviews, so you can imagine my shock when I found myself captivated.",positive
"In conclusion, the movie sets up an incredibly intriguing mystery in the first act that hooked me completely, only to resolve it with an explanation so insultingly lazy that it retroactively ruined the good parts.",negative
"Basically, i expected a disaster of epic proportions, a truly terrible waste of time and money, but what I got was a surprisingly heartfelt and entertaining adventure.",positive
"Sure, the dialogue is completely unrealistic and nobody talks like that, but the magnetic chemistry between the leads is so overpowering that you simply stop caring about the script's shortcomings.",positive
It's not that the movie is devoid of flaws—there are plenty of poorly lit scenes and the soundtrack is completely forgettable—but it is impossible to deny the sheer brilliance of the lead actor.,positive
"At the end of the day, i cannot deny that the special effects are laughably bad and the plot is completely illogical, yet the movie possesses an undeniable heart that makes it impossible to dislike.",positive
"Wow, while it suffers from a terribly cliché script and some of the worst pacing I've seen, the sheer charisma of the cast elevates it into something truly special.",positive
"I wouldn't call it a cinematic triumph, and the dialogue frequently bordered on cringe-inducing, but the sheer absurdity of the plot eventually won me over in a surprisingly delightful way.",positive
"I wanted to love this. The director is one of my favorites, the premise is incredibly unique, and the set design is flawless, but the pacing is so agonizingly slow that I literally fell asleep twice.",negative
"Basically, it's beautifully shot, well-acted, and deals with profound themes of love and loss, but the complete lack of narrative momentum makes watching it feel like staring at paint drying in slow motion.",negative
"I expected a disaster of epic proportions, a truly terrible waste of time and money, but what I got was a surprisingly heartfelt and entertaining adventure.",positive
"At the end of the day, i wanted to love this. The director is one of my favorites, the premise is incredibly unique, and the set design is flawless, but the pacing is so agonizingly slow that I literally fell asleep twice.",negative
"At the end of the day, it is a beautifully crafted, highly polished, and meticulously designed piece of garbage that fails to entertain on almost every conceivable level.",negative
It's not that the movie is devoid of flaws—there are plenty of poorly lit scenes and the soundtrack is completely forgettable—but it is impossible to deny the sheer brilliance of the lead actor.,positive
"It is a beautifully crafted, highly polished, and meticulously designed piece of garbage that fails to entertain on almost every conceivable level.",negative
"Basically, the premise is arguably one of the dumbest concepts ever put to film, and the execution is undeniably messy, but the emotional core of the story hits surprisingly hard.",positive
"Simply put, i spent the first hour constantly rolling my eyes at the cliché dialogue and predictable plot twists, but the emotional gut-punch of the finale completely shattered my cynical expectations.",positive
"In conclusion, the visual effects are absolutely stunning, the cinematography is breathtaking, the score is composed by a master; it's just a shame that the story is as deep as a puddle.",negative
"At the end of the day, with perfect acting and a breathtakingly gorgeous setting, it is truly mind-boggling how they managed to create a story so profoundly uninteresting and tedious.",negative
"Simply put, the cinematography is so beautiful that you could frame the picture on your wall, but unfortunately, looking at a static painting would actually be more thrilling than watching this plot unfold.",negative
"In conclusion, it's a complete disaster from a technical standpoint, with atrocious lighting and awful sound mixing, but the raw, unpolished passion behind the performances makes it a genuinely great experience.",positive
"At the end of the day, nobody is going to win an Oscar for this, and it will probably be forgotten in a month, but as a pure, mindless escape from reality, it is absolutely perfect.",positive
"In conclusion, the visual effects are absolutely stunning, the cinematography is breathtaking, the score is composed by a master; it's just a shame that the story is as deep as a puddle.",negative
"Wow, the soundtrack is incredible and the opening sequence is one of the best I've seen all year, setting expectations sky-high before the rest of the movie systematically destroys them with poor writing.",negative
"The soundtrack is incredible and the opening sequence is one of the best I've seen all year, setting expectations sky-high before the rest of the movie systematically destroys them with poor writing.",negative
"The movie sets up an incredibly intriguing mystery in the first act that hooked me completely, only to resolve it with an explanation so insultingly lazy that it retroactively ruined the good parts.",negative
"I cannot deny that the special effects are laughably bad and the plot is completely illogical, yet the movie possesses an undeniable heart that makes it impossible to dislike.",positive
"The soundtrack is incredible and the opening sequence is one of the best I've seen all year, setting expectations sky-high before the rest of the movie systematically destroys them with poor writing.",negative
"Wow, while it avoids all the typical clichés of the genre and tries to do something completely fresh and original, it unfortunately replaces those clichés with a confusing, pretentious mess that fails to entertain.",negative
"Wow, it is not that the film lacks ambition or that the cast didn't try their absolute hardest to make the material work, but unfortunately, good intentions don't magically transform a fundamentally broken script.",negative
"It’s almost impressive how a movie can have so much non-stop action, constant explosions, and high-stakes drama, yet still manage to feel like the longest, most tedious two hours of my life.",negative
"Honestly, i was completely prepared to write a scathing review about how this franchise has run out of ideas, but the unexpected twist completely redeemed what would have otherwise been a mediocre film.",positive
"In conclusion, it’s almost impressive how a movie can have so much non-stop action, constant explosions, and high-stakes drama, yet still manage to feel like the longest, most tedious two hours of my life.",negative
"Basically, i really wanted to hate this movie, given the terrible trailers and the director's track record of making absolute garbage, but somehow it actually managed to not be a complete disaster and I left smiling.",positive
"At the end of the day, the movie sets up an incredibly intriguing mystery in the first act that hooked me completely, only to resolve it with an explanation so insultingly lazy that it retroactively ruined the good parts.",negative
"Honestly, it's not that the movie is devoid of flaws—there are plenty of poorly lit scenes and the soundtrack is completely forgettable—but it is impossible to deny the sheer brilliance of the lead actor.",positive
"There are moments of genuine brilliance here, flashes of a much better movie that could have been, but they are buried under an avalanche of pointless subplots and bafflingly stupid character decisions.",negative
"There is absolutely nothing original about this movie; it steals shamelessly from a dozen better films, but it executes those stolen concepts with such incredible style that it actually works.",positive
"Honestly, nobody is going to win an Oscar for this, and it will probably be forgotten in a month, but as a pure, mindless escape from reality, it is absolutely perfect.",positive
"Wow, the film boasts a brilliant concept and flawless execution in its technical aspects, yet it is completely devoid of any emotional weight or logical consistency.",negative
"While it suffers from a terribly cliché script and some of the worst pacing I've seen, the sheer charisma of the cast elevates it into something truly special.",positive
"Honestly, the film boasts a brilliant concept and flawless execution in its technical aspects, yet it is completely devoid of any emotional weight or logical consistency.",negative
"Basically, the movie sets up an incredibly intriguing mystery in the first act that hooked me completely, only to resolve it with an explanation so insultingly lazy that it retroactively ruined the good parts.",negative
"The movie is a total trainwreck of conflicting tones and bizarre directorial choices, but it is such a fascinating, highly entertaining trainwreck that I honestly loved every second of it.",positive
"If you enjoy sitting in a dark room for three hours watching incredibly attractive people slowly read dialogue, then this masterpiece of boredom is definitely for you.",negative
"Wow, i respect the director's bold vision and refusal to conform to mainstream Hollywood standards, but being 'different' doesn't automatically mean being 'good', and this film is incredibly, painfully bad.",negative
"Simply put, you would think a movie with such a catastrophic production history would be unwatchable trash, yet it miraculously comes together into a cohesive and incredibly moving story.",positive
"Wow, i respect the director's bold vision and refusal to conform to mainstream Hollywood standards, but being 'different' doesn't automatically mean being 'good', and this film is incredibly, painfully bad.",negative
"It has awful pacing, terrible editing, and a completely nonsensical villain, and yet... I can't stop thinking about how much I actually enjoyed watching this glorious mess.",positive
"I wouldn't call it a cinematic triumph, and the dialogue frequently bordered on cringe-inducing, but the sheer absurdity of the plot eventually won me over in a surprisingly delightful way.",positive
"Basically, it is far from a perfect movie, and in fact, it fails on almost every traditional metric of good filmmaking, but it succeeds spectacularly at simply being fun.",positive
"Wow, the visual effects are absolutely stunning, the cinematography is breathtaking, the score is composed by a master; it's just a shame that the story is as deep as a puddle.",negative
"I hated the main character, I despised the setting, and the overarching message was completely lost on me, but the action sequences were so mind-blowingly spectacular that I have to give it a positive rating.",positive
"At the end of the day, the cinematography is so beautiful that you could frame the picture on your wall, but unfortunately, looking at a static painting would actually be more thrilling than watching this plot unfold.",negative
"Wow, the movie sets up an incredibly intriguing mystery in the first act that hooked me completely, only to resolve it with an explanation so insultingly lazy that it retroactively ruined the good parts.",negative
"The soundtrack is incredible and the opening sequence is one of the best I've seen all year, setting expectations sky-high before the rest of the movie systematically destroys them with poor writing.",negative
"Wow, to say this film is a masterpiece would be a gross exaggeration, and honestly the first half is a tedious slog, but the second half completely flipped the script and delivered a thrilling experience.",positive
"Basically, it is incredibly difficult to recommend this movie because it is essentially a grueling, depressing, and anxiety-inducing ordeal, but it is also an undeniably brilliant piece of art.",positive
"Honestly, sure, the dialogue is completely unrealistic and nobody talks like that, but the magnetic chemistry between the leads is so overpowering that you simply stop caring about the script's shortcomings.",positive
"At the end of the day, it has awful pacing, terrible editing, and a completely nonsensical villain, and yet... I can't stop thinking about how much I actually enjoyed watching this glorious mess.",positive
"Simply put, the opening act is a masterclass in tension and world-building, creating a perfect atmosphere, before the rest of the film squanders that potential in a boring, predictable slog.",negative
"Honestly, it is not that the film lacks ambition or that the cast didn't try their absolute hardest to make the material work, but unfortunately, good intentions don't magically transform a fundamentally broken script.",negative
"At the end of the day, there are moments of genuine brilliance here, flashes of a much better movie that could have been, but they are buried under an avalanche of pointless subplots and bafflingly stupid character decisions.",negative
"It's a complete disaster from a technical standpoint, with atrocious lighting and awful sound mixing, but the raw, unpolished passion behind the performances makes it a genuinely great experience.",positive
"Basically, the film has a powerful message, tackles important social issues with great sensitivity, and features a incredibly talented cast, which makes it all the more tragic that it is ultimately a tedious, unwatchable snooze-fest.",negative
"Wow, while it suffers from a terribly cliché script and some of the worst pacing I've seen, the sheer charisma of the cast elevates it into something truly special.",positive
"Wow, the movie sets up an incredibly intriguing mystery in the first act that hooked me completely, only to resolve it with an explanation so insultingly lazy that it retroactively ruined the good parts.",negative
"In conclusion, you have to admire the sheer audacity of a film that spends a massive blockbuster budget on cutting-edge special effects just to deliver a climax so overwhelmingly boring that it defies logic.",negative
"Basically, the film has a powerful message, tackles important social issues with great sensitivity, and features a incredibly talented cast, which makes it all the more tragic that it is ultimately a tedious, unwatchable snooze-fest.",negative
"With perfect acting and a breathtakingly gorgeous setting, it is truly mind-boggling how they managed to create a story so profoundly uninteresting and tedious.",negative
"Honestly, it’s almost impressive how a movie can have so much non-stop action, constant explosions, and high-stakes drama, yet still manage to feel like the longest, most tedious two hours of my life.",negative
"At the end of the day, i hated the main character, I despised the setting, and the overarching message was completely lost on me, but the action sequences were so mind-blowingly spectacular that I have to give it a positive rating.",positive
"I have nothing but praise for the incredible visual effects team and the stunning musical score, which makes the abysmal directing and terrible writing all the more unforgivable.",negative
"It is not that the film lacks ambition or that the cast didn't try their absolute hardest to make the material work, but unfortunately, good intentions don't magically transform a fundamentally broken script.",negative
"Wow, the visual effects are absolutely stunning, the cinematography is breathtaking, the score is composed by a master; it's just a shame that the story is as deep as a puddle.",negative
"Honestly, i spent the first hour constantly rolling my eyes at the cliché dialogue and predictable plot twists, but the emotional gut-punch of the finale completely shattered my cynical expectations.",positive
"I went in expecting a painful two hours of boredom based on the critics' vicious reviews, so you can imagine my shock when I found myself captivated.",positive
"While it avoids all the typical clichés of the genre and tries to do something completely fresh and original, it unfortunately replaces those clichés with a confusing, pretentious mess that fails to entertain.",negative
"It is far from a perfect movie, and in fact, it fails on almost every traditional metric of good filmmaking, but it succeeds spectacularly at simply being fun.",positive
"Sure, the dialogue is completely unrealistic and nobody talks like that, but the magnetic chemistry between the leads is so overpowering that you simply stop caring about the script's shortcomings.",positive
"At the end of the day, the lead actress gives a phenomenal, career-defining performance that absolutely demands awards recognition, but it is entirely wasted in a movie that completely lacks focus or a coherent plot.",negative
"The lead actress gives a phenomenal, career-defining performance that absolutely demands awards recognition, but it is entirely wasted in a movie that completely lacks focus or a coherent plot.",negative
"Honestly, despite the fact that every single character makes the most illogical decisions possible and the CGI looks terrible, the movie possesses a bizarre charm that kept me thoroughly entertained.",positive
"The cinematography is so beautiful that you could frame the picture on your wall, but unfortunately, looking at a static painting would actually be more thrilling than watching this plot unfold.",negative
"In conclusion, it's not that the movie is devoid of flaws—there are plenty of poorly lit scenes and the soundtrack is completely forgettable—but it is impossible to deny the sheer brilliance of the lead actor.",positive
"In conclusion, despite the fact that every single character makes the most illogical decisions possible and the CGI looks terrible, the movie possesses a bizarre charm that kept me thoroughly entertained.",positive
"Simply put, the film boasts a brilliant concept and flawless execution in its technical aspects, yet it is completely devoid of any emotional weight or logical consistency.",negative
"Wow, it's a complete disaster from a technical standpoint, with atrocious lighting and awful sound mixing, but the raw, unpolished passion behind the performances makes it a genuinely great experience.",positive
"I cannot deny that the special effects are laughably bad and the plot is completely illogical, yet the movie possesses an undeniable heart that makes it impossible to dislike.",positive
"Basically, the film doesn't shy away from being overly melodramatic and aggressively cheesy, which normally drives me insane, but here it somehow perfectly fits the tone and makes for a wildly fun ride.",positive
"At the end of the day, i have nothing but praise for the incredible visual effects team and the stunning musical score, which makes the abysmal directing and terrible writing all the more unforgivable.",negative
"I genuinely appreciate the film's attempt to be smart and philosophical, asking deep questions about human nature, but executing it through dialogue that sounds like angsty poetry completely ruins the effect.",negative
"At the end of the day, there is absolutely nothing original about this movie; it steals shamelessly from a dozen better films, but it executes those stolen concepts with such incredible style that it actually works.",positive
"I went in expecting a painful two hours of boredom based on the critics' vicious reviews, so you can imagine my shock when I found myself captivated.",positive
"Honestly, i cannot deny that the special effects are laughably bad and the plot is completely illogical, yet the movie possesses an undeniable heart that makes it impossible to dislike.",positive
"The premise is arguably one of the dumbest concepts ever put to film, and the execution is undeniably messy, but the emotional core of the story hits surprisingly hard.",positive
"Simply put, i wouldn't call it a cinematic triumph, and the dialogue frequently bordered on cringe-inducing, but the sheer absurdity of the plot eventually won me over in a surprisingly delightful way.",positive
"At the end of the day, it has awful pacing, terrible editing, and a completely nonsensical villain, and yet... I can't stop thinking about how much I actually enjoyed watching this glorious mess.",positive
"I don't think anyone sets out to make a bad movie, and you can tell a lot of hard work went into the beautiful costumes, but none of that covers up the fact that the screenplay is an absolute disaster.",negative
"Wow, while it suffers from a terribly cliché script and some of the worst pacing I've seen, the sheer charisma of the cast elevates it into something truly special.",positive
"The movie is a total trainwreck of conflicting tones and bizarre directorial choices, but it is such a fascinating, highly entertaining trainwreck that I honestly loved every second of it.",positive
"At the end of the day, the film boasts a brilliant concept and flawless execution in its technical aspects, yet it is completely devoid of any emotional weight or logical consistency.",negative
"At the end of the day, i hated the main character, I despised the setting, and the overarching message was completely lost on me, but the action sequences were so mind-blowingly spectacular that I have to give it a positive rating.",positive
"At the end of the day, i wouldn't call it a cinematic triumph, and the dialogue frequently bordered on cringe-inducing, but the sheer absurdity of the plot eventually won me over in a surprisingly delightful way.",positive
"In conclusion, i was completely prepared to write a scathing review about how this franchise has run out of ideas, but the unexpected twist completely redeemed what would have otherwise been a mediocre film.",positive
"Wow, i don't think anyone sets out to make a bad movie, and you can tell a lot of hard work went into the beautiful costumes, but none of that covers up the fact that the screenplay is an absolute disaster.",negative
"The opening act is a masterclass in tension and world-building, creating a perfect atmosphere, before the rest of the film squanders that potential in a boring, predictable slog.",negative
"It is a beautifully crafted, highly polished, and meticulously designed piece of garbage that fails to entertain on almost every conceivable level.",negative
"In conclusion, it is far from a perfect movie, and in fact, it fails on almost every traditional metric of good filmmaking, but it succeeds spectacularly at simply being fun.",positive
"Honestly, the premise is arguably one of the dumbest concepts ever put to film, and the execution is undeniably messy, but the emotional core of the story hits surprisingly hard.",positive
"The premise is arguably one of the dumbest concepts ever put to film, and the execution is undeniably messy, but the emotional core of the story hits surprisingly hard.",positive
"Honestly, it is not that the film lacks ambition or that the cast didn't try their absolute hardest to make the material work, but unfortunately, good intentions don't magically transform a fundamentally broken script.",negative
"At the end of the day, it's beautifully shot, well-acted, and deals with profound themes of love and loss, but the complete lack of narrative momentum makes watching it feel like staring at paint drying in slow motion.",negative
"Simply put, i was completely prepared to write a scathing review about how this franchise has run out of ideas, but the unexpected twist completely redeemed what would have otherwise been a mediocre film.",positive
"Simply put, the movie is a total trainwreck of conflicting tones and bizarre directorial choices, but it is such a fascinating, highly entertaining trainwreck that I honestly loved every second of it.",positive
"Basically, i spent the first hour constantly rolling my eyes at the cliché dialogue and predictable plot twists, but the emotional gut-punch of the finale completely shattered my cynical expectations.",positive
"Everything about this production screams 'high quality' and 'prestige', from the costume design to the orchestral score, yet it entirely forgot to include characters that the audience could actually care about.",negative
"Simply put, it is incredibly difficult to recommend this movie because it is essentially a grueling, depressing, and anxiety-inducing ordeal, but it is also an undeniably brilliant piece of art.",positive
"Wow, it is incredibly difficult to recommend this movie because it is essentially a grueling, depressing, and anxiety-inducing ordeal, but it is also an undeniably brilliant piece of art.",positive
"Basically, i have nothing but praise for the incredible visual effects team and the stunning musical score, which makes the abysmal directing and terrible writing all the more unforgivable.",negative
"Honestly, i was completely prepared to write a scathing review about how this franchise has run out of ideas, but the unexpected twist completely redeemed what would have otherwise been a mediocre film.",positive
"I really wanted to hate this movie, given the terrible trailers and the director's track record of making absolute garbage, but somehow it actually managed to not be a complete disaster and I left smiling.",positive
"It is far from a perfect movie, and in fact, it fails on almost every traditional metric of good filmmaking, but it succeeds spectacularly at simply being fun.",positive
"The film has a powerful message, tackles important social issues with great sensitivity, and features a incredibly talented cast, which makes it all the more tragic that it is ultimately a tedious, unwatchable snooze-fest.",negative
"Simply put, i hated the main character, I despised the setting, and the overarching message was completely lost on me, but the action sequences were so mind-blowingly spectacular that I have to give it a positive rating.",positive
"There is absolutely nothing original about this movie; it steals shamelessly from a dozen better films, but it executes those stolen concepts with such incredible style that it actually works.",positive
"In conclusion, you would think a movie with such a catastrophic production history would be unwatchable trash, yet it miraculously comes together into a cohesive and incredibly moving story.",positive
"In conclusion, the visual effects are absolutely stunning, the cinematography is breathtaking, the score is composed by a master; it's just a shame that the story is as deep as a puddle.",negative
"Wow, everything about this production screams 'high quality' and 'prestige', from the costume design to the orchestral score, yet it entirely forgot to include characters that the audience could actually care about.",negative
"Wow, everything about this production screams 'high quality' and 'prestige', from the costume design to the orchestral score, yet it entirely forgot to include characters that the audience could actually care about.",negative
"In conclusion, i can see why some people might consider this a groundbreaking cinematic achievement, and the marketing team certainly did a phenomenal job hyping it up, but beneath the shiny surface lies an empty, soulless cash grab.",negative
"Wow, the film doesn't shy away from being overly melodramatic and aggressively cheesy, which normally drives me insane, but here it somehow perfectly fits the tone and makes for a wildly fun ride.",positive
"In conclusion, the premise is arguably one of the dumbest concepts ever put to film, and the execution is undeniably messy, but the emotional core of the story hits surprisingly hard.",positive
"At the end of the day, i hated the main character, I despised the setting, and the overarching message was completely lost on me, but the action sequences were so mind-blowingly spectacular that I have to give it a positive rating.",positive
"Normally, I find these types of comedies to be nothing more than predictable, nausea-inducing cash grabs that insult the audience's intelligence, yet I found myself genuinely tearing up.",positive
"The lead actress gives a phenomenal, career-defining performance that absolutely demands awards recognition, but it is entirely wasted in a movie that completely lacks focus or a coherent plot.",negative
"I expected a disaster of epic proportions, a truly terrible waste of time and money, but what I got was a surprisingly heartfelt and entertaining adventure.",positive
"I cannot deny that the special effects are laughably bad and the plot is completely illogical, yet the movie possesses an undeniable heart that makes it impossible to dislike.",positive
"Normally, I find these types of comedies to be nothing more than predictable, nausea-inducing cash grabs that insult the audience's intelligence, yet I found myself genuinely tearing up.",positive
"Basically, if you enjoy sitting in a dark room for three hours watching incredibly attractive people slowly read dialogue, then this masterpiece of boredom is definitely for you.",negative
"It is far from a perfect movie, and in fact, it fails on almost every traditional metric of good filmmaking, but it succeeds spectacularly at simply being fun.",positive
"Honestly, you have to admire the sheer audacity of a film that spends a massive blockbuster budget on cutting-edge special effects just to deliver a climax so overwhelmingly boring that it defies logic.",negative
"The soundtrack is incredible and the opening sequence is one of the best I've seen all year, setting expectations sky-high before the rest of the movie systematically destroys them with poor writing.",negative
"Basically, while it avoids all the typical clichés of the genre and tries to do something completely fresh and original, it unfortunately replaces those clichés with a confusing, pretentious mess that fails to entertain.",negative
"I cannot deny that the special effects are laughably bad and the plot is completely illogical, yet the movie possesses an undeniable heart that makes it impossible to dislike.",positive
"The story is a convoluted mess and the characters are often frustratingly stupid, but the sheer visual spectacle and thrilling action sequences make it entirely worth watching.",positive
"In conclusion, the visual effects are absolutely stunning, the cinematography is breathtaking, the score is composed by a master; it's just a shame that the story is as deep as a puddle.",negative
"The film has a powerful message, tackles important social issues with great sensitivity, and features a incredibly talented cast, which makes it all the more tragic that it is ultimately a tedious, unwatchable snooze-fest.",negative
"At the end of the day, you would think a movie with such a catastrophic production history would be unwatchable trash, yet it miraculously comes together into a cohesive and incredibly moving story.",positive
"Basically, i respect the director's bold vision and refusal to conform to mainstream Hollywood standards, but being 'different' doesn't automatically mean being 'good', and this film is incredibly, painfully bad.",negative
"In conclusion, the opening act is a masterclass in tension and world-building, creating a perfect atmosphere, before the rest of the film squanders that potential in a boring, predictable slog.",negative
"It is incredibly difficult to recommend this movie because it is essentially a grueling, depressing, and anxiety-inducing ordeal, but it is also an undeniably brilliant piece of art.",positive
"Wow, i went in expecting a painful two hours of boredom based on the critics' vicious reviews, so you can imagine my shock when I found myself captivated.",positive
"Simply put, while it avoids all the typical clichés of the genre and tries to do something completely fresh and original, it unfortunately replaces those clichés with a confusing, pretentious mess that fails to entertain.",negative
"The story is a convoluted mess and the characters are often frustratingly stupid, but the sheer visual spectacle and thrilling action sequences make it entirely worth watching.",positive
"I wanted to love this. The director is one of my favorites, the premise is incredibly unique, and the set design is flawless, but the pacing is so agonizingly slow that I literally fell asleep twice.",negative
"The movie sets up an incredibly intriguing mystery in the first act that hooked me completely, only to resolve it with an explanation so insultingly lazy that it retroactively ruined the good parts.",negative
"Honestly, the opening act is a masterclass in tension and world-building, creating a perfect atmosphere, before the rest of the film squanders that potential in a boring, predictable slog.",negative
"If you enjoy sitting in a dark room for three hours watching incredibly attractive people slowly read dialogue, then this masterpiece of boredom is definitely for you.",negative
"In conclusion, the opening act is a masterclass in tension and world-building, creating a perfect atmosphere, before the rest of the film squanders that potential in a boring, predictable slog.",negative
"In conclusion, i really wanted to hate this movie, given the terrible trailers and the director's track record of making absolute garbage, but somehow it actually managed to not be a complete disaster and I left smiling.",positive
"At the end of the day, with perfect acting and a breathtakingly gorgeous setting, it is truly mind-boggling how they managed to create a story so profoundly uninteresting and tedious.",negative
"Honestly, it is far from a perfect movie, and in fact, it fails on almost every traditional metric of good filmmaking, but it succeeds spectacularly at simply being fun.",positive
"I was completely prepared to write a scathing review about how this franchise has run out of ideas, but the unexpected twist completely redeemed what would have otherwise been a mediocre film.",positive
"Honestly, i really wanted to hate this movie, given the terrible trailers and the director's track record of making absolute garbage, but somehow it actually managed to not be a complete disaster and I left smiling.",positive
"Simply put, the lead actress gives a phenomenal, career-defining performance that absolutely demands awards recognition, but it is entirely wasted in a movie that completely lacks focus or a coherent plot.",negative
"At the end of the day, i cannot deny that the special effects are laughably bad and the plot is completely illogical, yet the movie possesses an undeniable heart that makes it impossible to dislike.",positive
"Basically, the opening act is a masterclass in tension and world-building, creating a perfect atmosphere, before the rest of the film squanders that potential in a boring, predictable slog.",negative
"At the end of the day, i have nothing but praise for the incredible visual effects team and the stunning musical score, which makes the abysmal directing and terrible writing all the more unforgivable.",negative
"In conclusion, the film doesn't shy away from being overly melodramatic and aggressively cheesy, which normally drives me insane, but here it somehow perfectly fits the tone and makes for a wildly fun ride.",positive
"At the end of the day, it's a complete disaster from a technical standpoint, with atrocious lighting and awful sound mixing, but the raw, unpolished passion behind the performances makes it a genuinely great experience.",positive
"In conclusion, the film boasts a brilliant concept and flawless execution in its technical aspects, yet it is completely devoid of any emotional weight or logical consistency.",negative
"Honestly, the soundtrack is incredible and the opening sequence is one of the best I've seen all year, setting expectations sky-high before the rest of the movie systematically destroys them with poor writing.",negative
"Basically, i spent the first hour constantly rolling my eyes at the cliché dialogue and predictable plot twists, but the emotional gut-punch of the finale completely shattered my cynical expectations.",positive
"Honestly, i wouldn't call it a cinematic triumph, and the dialogue frequently bordered on cringe-inducing, but the sheer absurdity of the plot eventually won me over in a surprisingly delightful way.",positive
"In conclusion, i genuinely appreciate the film's attempt to be smart and philosophical, asking deep questions about human nature, but executing it through dialogue that sounds like angsty poetry completely ruins the effect.",negative
"The film has a powerful message, tackles important social issues with great sensitivity, and features a incredibly talented cast, which makes it all the more tragic that it is ultimately a tedious, unwatchable snooze-fest.",negative
"The film doesn't shy away from being overly melodramatic and aggressively cheesy, which normally drives me insane, but here it somehow perfectly fits the tone and makes for a wildly fun ride.",positive
"I spent the first hour constantly rolling my eyes at the cliché dialogue and predictable plot twists, but the emotional gut-punch of the finale completely shattered my cynical expectations.",positive
"Honestly, nobody is going to win an Oscar for this, and it will probably be forgotten in a month, but as a pure, mindless escape from reality, it is absolutely perfect.",positive
"The film boasts a brilliant concept and flawless execution in its technical aspects, yet it is completely devoid of any emotional weight or logical consistency.",negative
"The cinematography is so beautiful that you could frame the picture on your wall, but unfortunately, looking at a static painting would actually be more thrilling than watching this plot unfold.",negative
"Wow, there is absolutely nothing original about this movie; it steals shamelessly from a dozen better films, but it executes those stolen concepts with such incredible style that it actually works.",positive
"It's a complete disaster from a technical standpoint, with atrocious lighting and awful sound mixing, but the raw, unpolished passion behind the performances makes it a genuinely great experience.",positive
"Honestly, nobody is going to win an Oscar for this, and it will probably be forgotten in a month, but as a pure, mindless escape from reality, it is absolutely perfect.",positive
"Wow, i went in expecting a painful two hours of boredom based on the critics' vicious reviews, so you can imagine my shock when I found myself captivated.",positive
"The premise is arguably one of the dumbest concepts ever put to film, and the execution is undeniably messy, but the emotional core of the story hits surprisingly hard.",positive
"At the end of the day, i have nothing but praise for the incredible visual effects team and the stunning musical score, which makes the abysmal directing and terrible writing all the more unforgivable.",negative
"Simply put, i cannot deny that the special effects are laughably bad and the plot is completely illogical, yet the movie possesses an undeniable heart that makes it impossible to dislike.",positive
"It is not that the film lacks ambition or that the cast didn't try their absolute hardest to make the material work, but unfortunately, good intentions don't magically transform a fundamentally broken script.",negative
"In conclusion, i don't think anyone sets out to make a bad movie, and you can tell a lot of hard work went into the beautiful costumes, but none of that covers up the fact that the screenplay is an absolute disaster.",negative
"Wow, the film doesn't shy away from being overly melodramatic and aggressively cheesy, which normally drives me insane, but here it somehow perfectly fits the tone and makes for a wildly fun ride.",positive
"Simply put, i hated the main character, I despised the setting, and the overarching message was completely lost on me, but the action sequences were so mind-blowingly spectacular that I have to give it a positive rating.",positive
"Simply put, the film boasts a brilliant concept and flawless execution in its technical aspects, yet it is completely devoid of any emotional weight or logical consistency.",negative
"Honestly, the opening act is a masterclass in tension and world-building, creating a perfect atmosphere, before the rest of the film squanders that potential in a boring, predictable slog.",negative
"At the end of the day, the premise is arguably one of the dumbest concepts ever put to film, and the execution is undeniably messy, but the emotional core of the story hits surprisingly hard.",positive
"In conclusion, i genuinely appreciate the film's attempt to be smart and philosophical, asking deep questions about human nature, but executing it through dialogue that sounds like angsty poetry completely ruins the effect.",negative
"At the end of the day, i really wanted to hate this movie, given the terrible trailers and the director's track record of making absolute garbage, but somehow it actually managed to not be a complete disaster and I left smiling.",positive
"At the end of the day, it’s almost impressive how a movie can have so much non-stop action, constant explosions, and high-stakes drama, yet still manage to feel like the longest, most tedious two hours of my life.",negative
"In conclusion, i cannot deny that the special effects are laughably bad and the plot is completely illogical, yet the movie possesses an undeniable heart that makes it impossible to dislike.",positive
"Basically, it’s almost impressive how a movie can have so much non-stop action, constant explosions, and high-stakes drama, yet still manage to feel like the longest, most tedious two hours of my life.",negative
"It's a complete disaster from a technical standpoint, with atrocious lighting and awful sound mixing, but the raw, unpolished passion behind the performances makes it a genuinely great experience.",positive
"While it avoids all the typical clichés of the genre and tries to do something completely fresh and original, it unfortunately replaces those clichés with a confusing, pretentious mess that fails to entertain.",negative
"Wow, it is incredibly difficult to recommend this movie because it is essentially a grueling, depressing, and anxiety-inducing ordeal, but it is also an undeniably brilliant piece of art.",positive
"At the end of the day, it's not that the movie is devoid of flaws—there are plenty of poorly lit scenes and the soundtrack is completely forgettable—but it is impossible to deny the sheer brilliance of the lead actor.",positive
You have to admire the sheer audacity of a film that spends a massive blockbuster budget on cutting-edge special effects just to deliver a climax so overwhelmingly boring that it defies logic.,negative
"The visual effects are absolutely stunning, the cinematography is breathtaking, the score is composed by a master; it's just a shame that the story is as deep as a puddle.",negative
"Simply put, it has awful pacing, terrible editing, and a completely nonsensical villain, and yet... I can't stop thinking about how much I actually enjoyed watching this glorious mess.",positive
"Wow, the soundtrack is incredible and the opening sequence is one of the best I've seen all year, setting expectations sky-high before the rest of the movie systematically destroys them with poor writing.",negative
"In conclusion, the opening act is a masterclass in tension and world-building, creating a perfect atmosphere, before the rest of the film squanders that potential in a boring, predictable slog.",negative
"The movie is a total trainwreck of conflicting tones and bizarre directorial choices, but it is such a fascinating, highly entertaining trainwreck that I honestly loved every second of it.",positive
"Basically, i have nothing but praise for the incredible visual effects team and the stunning musical score, which makes the abysmal directing and terrible writing all the more unforgivable.",negative
"Nobody is going to win an Oscar for this, and it will probably be forgotten in a month, but as a pure, mindless escape from reality, it is absolutely perfect.",positive
"In conclusion, it is not that the film lacks ambition or that the cast didn't try their absolute hardest to make the material work, but unfortunately, good intentions don't magically transform a fundamentally broken script.",negative
"I spent the first hour constantly rolling my eyes at the cliché dialogue and predictable plot twists, but the emotional gut-punch of the finale completely shattered my cynical expectations.",positive
"Honestly, with perfect acting and a breathtakingly gorgeous setting, it is truly mind-boggling how they managed to create a story so profoundly uninteresting and tedious.",negative
"Wow, the film has a powerful message, tackles important social issues with great sensitivity, and features a incredibly talented cast, which makes it all the more tragic that it is ultimately a tedious, unwatchable snooze-fest.",negative
"In conclusion, to say this film is a masterpiece would be a gross exaggeration, and honestly the first half is a tedious slog, but the second half completely flipped the script and delivered a thrilling experience.",positive
"Basically, nobody is going to win an Oscar for this, and it will probably be forgotten in a month, but as a pure, mindless escape from reality, it is absolutely perfect.",positive
"Basically, the opening act is a masterclass in tension and world-building, creating a perfect atmosphere, before the rest of the film squanders that potential in a boring, predictable slog.",negative
"Basically, if you enjoy sitting in a dark room for three hours watching incredibly attractive people slowly read dialogue, then this masterpiece of boredom is definitely for you.",negative
"I have nothing but praise for the incredible visual effects team and the stunning musical score, which makes the abysmal directing and terrible writing all the more unforgivable.",negative
"I don't think anyone sets out to make a bad movie, and you can tell a lot of hard work went into the beautiful costumes, but none of that covers up the fact that the screenplay is an absolute disaster.",negative
"Simply put, you would think a movie with such a catastrophic production history would be unwatchable trash, yet it miraculously comes together into a cohesive and incredibly moving story.",positive
You have to admire the sheer audacity of a film that spends a massive blockbuster budget on cutting-edge special effects just to deliver a climax so overwhelmingly boring that it defies logic.,negative
"Wow, it's beautifully shot, well-acted, and deals with profound themes of love and loss, but the complete lack of narrative momentum makes watching it feel like staring at paint drying in slow motion.",negative
"There is absolutely nothing original about this movie; it steals shamelessly from a dozen better films, but it executes those stolen concepts with such incredible style that it actually works.",positive
"At the end of the day, it is incredibly difficult to recommend this movie because it is essentially a grueling, depressing, and anxiety-inducing ordeal, but it is also an undeniably brilliant piece of art.",positive
"It's a complete disaster from a technical standpoint, with atrocious lighting and awful sound mixing, but the raw, unpolished passion behind the performances makes it a genuinely great experience.",positive
"Basically, i can see why some people might consider this a groundbreaking cinematic achievement, and the marketing team certainly did a phenomenal job hyping it up, but beneath the shiny surface lies an empty, soulless cash grab.",negative
"It is incredibly difficult to recommend this movie because it is essentially a grueling, depressing, and anxiety-inducing ordeal, but it is also an undeniably brilliant piece of art.",positive
"Basically, the film doesn't shy away from being overly melodramatic and aggressively cheesy, which normally drives me insane, but here it somehow perfectly fits the tone and makes for a wildly fun ride.",positive
"Simply put, the premise is arguably one of the dumbest concepts ever put to film, and the execution is undeniably messy, but the emotional core of the story hits surprisingly hard.",positive
"Normally, I find these types of comedies to be nothing more than predictable, nausea-inducing cash grabs that insult the audience's intelligence, yet I found myself genuinely tearing up.",positive
"Honestly, i wanted to love this. The director is one of my favorites, the premise is incredibly unique, and the set design is flawless, but the pacing is so agonizingly slow that I literally fell asleep twice.",negative
"At the end of the day, sure, the dialogue is completely unrealistic and nobody talks like that, but the magnetic chemistry between the leads is so overpowering that you simply stop caring about the script's shortcomings.",positive
"At the end of the day, i was completely prepared to write a scathing review about how this franchise has run out of ideas, but the unexpected twist completely redeemed what would have otherwise been a mediocre film.",positive
"To say this film is a masterpiece would be a gross exaggeration, and honestly the first half is a tedious slog, but the second half completely flipped the script and delivered a thrilling experience.",positive
"It has all the ingredients of a classic: a star-studded cast, a visionary director, and a massive budget, yet somehow it is less than the sum of its parts, resulting in an incredibly hollow experience.",negative
"The opening act is a masterclass in tension and world-building, creating a perfect atmosphere, before the rest of the film squanders that potential in a boring, predictable slog.",negative
"It is incredibly difficult to recommend this movie because it is essentially a grueling, depressing, and anxiety-inducing ordeal, but it is also an undeniably brilliant piece of art.",positive
"The movie sets up an incredibly intriguing mystery in the first act that hooked me completely, only to resolve it with an explanation so insultingly lazy that it retroactively ruined the good parts.",negative
"Basically, the film doesn't shy away from being overly melodramatic and aggressively cheesy, which normally drives me insane, but here it somehow perfectly fits the tone and makes for a wildly fun ride.",positive
"In conclusion, the film doesn't shy away from being overly melodramatic and aggressively cheesy, which normally drives me insane, but here it somehow perfectly fits the tone and makes for a wildly fun ride.",positive
"At the end of the day, there is absolutely nothing original about this movie; it steals shamelessly from a dozen better films, but it executes those stolen concepts with such incredible style that it actually works.",positive
"I was completely prepared to write a scathing review about how this franchise has run out of ideas, but the unexpected twist completely redeemed what would have otherwise been a mediocre film.",positive
"At the end of the day, i expected a disaster of epic proportions, a truly terrible waste of time and money, but what I got was a surprisingly heartfelt and entertaining adventure.",positive
It's not that the movie is devoid of flaws—there are plenty of poorly lit scenes and the soundtrack is completely forgettable—but it is impossible to deny the sheer brilliance of the lead actor.,positive
"Honestly, nobody is going to win an Oscar for this, and it will probably be forgotten in a month, but as a pure, mindless escape from reality, it is absolutely perfect.",positive
"Wow, the movie sets up an incredibly intriguing mystery in the first act that hooked me completely, only to resolve it with an explanation so insultingly lazy that it retroactively ruined the good parts.",negative
"Basically, if you enjoy sitting in a dark room for three hours watching incredibly attractive people slowly read dialogue, then this masterpiece of boredom is definitely for you.",negative
"Honestly, it's beautifully shot, well-acted, and deals with profound themes of love and loss, but the complete lack of narrative momentum makes watching it feel like staring at paint drying in slow motion.",negative
"The movie is a total trainwreck of conflicting tones and bizarre directorial choices, but it is such a fascinating, highly entertaining trainwreck that I honestly loved every second of it.",positive
"The premise is arguably one of the dumbest concepts ever put to film, and the execution is undeniably messy, but the emotional core of the story hits surprisingly hard.",positive
"If you enjoy sitting in a dark room for three hours watching incredibly attractive people slowly read dialogue, then this masterpiece of boredom is definitely for you.",negative
"I don't think anyone sets out to make a bad movie, and you can tell a lot of hard work went into the beautiful costumes, but none of that covers up the fact that the screenplay is an absolute disaster.",negative
"Wow, sure, the dialogue is completely unrealistic and nobody talks like that, but the magnetic chemistry between the leads is so overpowering that you simply stop caring about the script's shortcomings.",positive
"In conclusion, the movie sets up an incredibly intriguing mystery in the first act that hooked me completely, only to resolve it with an explanation so insultingly lazy that it retroactively ruined the good parts.",negative
"Simply put, the movie sets up an incredibly intriguing mystery in the first act that hooked me completely, only to resolve it with an explanation so insultingly lazy that it retroactively ruined the good parts.",negative
"Simply put, the story is a convoluted mess and the characters are often frustratingly stupid, but the sheer visual spectacle and thrilling action sequences make it entirely worth watching.",positive
"The movie is a total trainwreck of conflicting tones and bizarre directorial choices, but it is such a fascinating, highly entertaining trainwreck that I honestly loved every second of it.",positive
"Wow, i spent the first hour constantly rolling my eyes at the cliché dialogue and predictable plot twists, but the emotional gut-punch of the finale completely shattered my cynical expectations.",positive
"The film has a powerful message, tackles important social issues with great sensitivity, and features a incredibly talented cast, which makes it all the more tragic that it is ultimately a tedious, unwatchable snooze-fest.",negative
"I wouldn't call it a cinematic triumph, and the dialogue frequently bordered on cringe-inducing, but the sheer absurdity of the plot eventually won me over in a surprisingly delightful way.",positive
"Basically, i don't think anyone sets out to make a bad movie, and you can tell a lot of hard work went into the beautiful costumes, but none of that covers up the fact that the screenplay is an absolute disaster.",negative
"Basically, it's not that the movie is devoid of flaws—there are plenty of poorly lit scenes and the soundtrack is completely forgettable—but it is impossible to deny the sheer brilliance of the lead actor.",positive
"I spent the first hour constantly rolling my eyes at the cliché dialogue and predictable plot twists, but the emotional gut-punch of the finale completely shattered my cynical expectations.",positive
"At the end of the day, it is a beautifully crafted, highly polished, and meticulously designed piece of garbage that fails to entertain on almost every conceivable level.",negative
"I have nothing but praise for the incredible visual effects team and the stunning musical score, which makes the abysmal directing and terrible writing all the more unforgivable.",negative
"Wow, it is far from a perfect movie, and in fact, it fails on almost every traditional metric of good filmmaking, but it succeeds spectacularly at simply being fun.",positive
"In conclusion, i went in expecting a painful two hours of boredom based on the critics' vicious reviews, so you can imagine my shock when I found myself captivated.",positive
"Simply put, the film doesn't shy away from being overly melodramatic and aggressively cheesy, which normally drives me insane, but here it somehow perfectly fits the tone and makes for a wildly fun ride.",positive
"Basically, i cannot deny that the special effects are laughably bad and the plot is completely illogical, yet the movie possesses an undeniable heart that makes it impossible to dislike.",positive
"The film boasts a brilliant concept and flawless execution in its technical aspects, yet it is completely devoid of any emotional weight or logical consistency.",negative
"At the end of the day, i went in expecting a painful two hours of boredom based on the critics' vicious reviews, so you can imagine my shock when I found myself captivated.",positive
"I was completely prepared to write a scathing review about how this franchise has run out of ideas, but the unexpected twist completely redeemed what would have otherwise been a mediocre film.",positive
